xml:id,wikidata,name_alias,forename,surname,birth_date,birth_place,death_date,death_place,type,role,commentaire,validation,compte,birth_place_qid,death_place_qid
Dieu,https://www.wikidata.org/wiki/Q190,,,Dieu,,,,,personnage biblique,"entité divine, être suprême et objet principal de la foi monothéiste",,4,2616,,
Jesus,https://www.wikidata.org/wiki/Q302,Jesus,Jesus de,Nazaret,-5,Q5776,30-04-07,Q170516,personnage biblique,messie et fils unique de Dieu pour les chrétiens,,4,2581,Q5776,Q170516
Marie,https://www.wikidata.org/wiki/Q345,La Vierge,,Marie,,,,,personnage biblique,mère de Jésus de Nazareth,,4,2401,,
Raphael,http://www.wikidata.org/entity/Q5597,Raphaël,Raffaello,Sanzio,1483-04-06,Q2759,1520-04-06,Rome,"artiste,peintre,architecte",peintre et architecte italien de la Renaissance (1483–1520),,4,2163,Q2759,Q220
MichelAnge,http://www.wikidata.org/entity/Q5592,,Michelangelo,Buonarroti,1475-03-06,Q52069,1564-02-18,Rome,"artiste,peintre,architecte,sculpteur","peintre, sculpteur, poète et architecte italien du XVIe siècle",,4,2096,Q52069,Q220
Vitruve,https://www.wikidata.org/wiki/Q47163,,,Vitruve,-80,Q128086,-15,,architecte,architecte et écrivain romain,,4,936,Q128086,
AlexandreLeGrand,https://www.wikidata.org/wiki/Q8409,,,Alexandre le Grand,-356-07-20,Pella,-323-06-10,Babylone,"personnage politique,militaire",roi de Macédoine et conquérant de la Perse achéménide (356-323 av. J.-C.),,4,905,Q213679,Q5684
GiorgioVasari,http://www.wikidata.org/entity/Q128027,,Giorgio,Vasari,1511-07-30,Arezzo,1574-06-27,Florence,"artiste,peintre,auteur(e) de textes",peintre et historien de l'art italien (1511-1574),,4,897,Q13378,Q2044
Giotto,http://www.wikidata.org/entity/Q7814,Giotto,Giotto,di Bondone,1267,Q82880,1337-01-08,Florence,"artiste,peintre","peintre, sculpteur et architecte italien (c. 1267–1337)",,4,873,Q82880,Q2044
Santi,,,,Santi,,,,,non identifié,,,2,861,,
Titien,http://www.wikidata.org/entity/Q47551,Titien,Tiziano,Vecellio,1490,Cadore,1576-08-27,Venise,"artiste,peintre",peintre et graveur vénitien (c. 1488-1576),,4,806,Q41065,Q641
LeonardoDaVinci,http://www.wikidata.org/entity/Q762,Léonard de Vinci,Leonardo,da Vinci,1452-04-15,Q154184,1519-05-02,Q1122731,"artiste,peintre,architecte,sculpteur,auteur(e) de textes,ingénieur","peintre, sculpteur, architecte et ingénieur, théoricien de l'art et chercheur scientifique toscan",,4,799,Q154184,Q1122731
Venus,https://www.wikidata.org/wiki/Q47652,,,Vénus,,,,,personnage mythologique,"déesse de l'amour, de la séduction, de la beauté féminine dans la mythologie romaine",,4,679,,
Jupiter,https://www.wikidata.org/wiki/Q34201,,,Jupiter,,,,,personnage mythologique,roi des dieux dans la religion grecque antique et la mythologie grecque,,4,660,,
Pline,https://www.wikidata.org/wiki/Q82778,Pline l'Ancien,,Pline,20,Q50711037,79,Q547910,auteur(e) de textes,"homme politique, naturaliste et philosophe romain du Ier siècle (23 apr. J.-C.-79)",,4,629,Q50711037,Q547910
Donatello,http://www.wikidata.org/entity/Q37562,Donatello,Donato,di Niccolò di Betto Bardi,1386,Florence,1466-12-13,Florence,"artiste,peintre",sculpteur italien,,4,610,Q2044,Q2044
Apelle,https://www.wikidata.org/wiki/Q216822,Apelle,,Apelle,-370,Q1142488,-306,Cos,"artiste,peintre",peintre grec de l'Antiquité,,4,500,Q1142488,Q187027
Apollon,https://www.wikidata.org/wiki/Q37340,,,Apollon,,Delos,,,personnage mythologique,"dieu de la musique, de la poésie, des oracles et des épidémies dans la religion grecque antique et la mythologie grecque",,4,474,Q173148,
Pymandre,,,,Pymandre,,,,,non identifié,,,2,429,,
Aristote,https://www.wikidata.org/wiki/Q868,,,Aristote,-384,Q846127,-322,Q21235810,"auteur(e) de textes,philosophe",philosophe grec de l'Antiquité (384-322 av. J.-C.),,4,419,Q846127,Q21235810
NicolasPoussin,http://www.wikidata.org/entity/Q41554,Nicolas Poussin,Nicolas,Poussin,1594-06,Andelys,1665-11-19,Rome,"artiste,peintre",peintre français,,4,407,Q209770,Q220
SaintJean,https://www.wikidata.org/wiki/Q44015,,Jean,Saint Jean,11,Q501773,99,Ephese,saint(e),"apôtre, évangéliste et disciple de Jésus-Christ",,4,401,Q501773,Q47611
JulesCesar,https://www.wikidata.org/wiki/Q1048,,Jules,Cesar,-100-07,Rome,-44-03-15,Q944814,"personnage politique,militaire",général et homme d'État romain (100-44 av. J.-C.),,4,396,Q220,Q944814
Cimabue,http://www.wikidata.org/entity/Q15790,Cimabue,Cenni,di Pepo,1240,Florence,1302,Pise,"artiste,peintre",peintre italien (1240–1302),,4,370,Q2044,Q13375
Hercule,https://www.wikidata.org/wiki/Q122248,,,Hercule,,Thebes,,,personnage mythologique,"héros de la mythologie grecque, fils de Zeus et d’Alcmène",,4,364,Q11225429,
PeterPaulRubens,http://www.wikidata.org/entity/Q5599,Pierre Paul Rubens,Peter Paul,Rubens,1577-06-28,Q3167,1640-05-30,Anvers,"artiste,peintre",peintre flamand,,4,337,Q3167,Q12892
Dante,http://www.wikidata.org/entity/Q1067,Dante,Dante,Alighieri,1265-05-30,Florence,1321-09-14,Ravenna,auteur(e) de textes,"poète, homme politique et écrivain florentin",,4,330,Q2044,Q13364
GuidoReni,http://www.wikidata.org/entity/Q109061,Guido Reni,Guido,Reni,1575-11-04,Bologne,1642-08-18,Bologne,"artiste,peintre",peintre italien (1575–1642),,4,319,Q1891,Q1891
Diane,https://www.wikidata.org/wiki/Q132543,,,Diane,,,,,personnage mythologique,"déesse de la chasse et de la Lune dans la mythologie romaine, assimilée à la déesse grecque Artémis",,4,317,,
SaintPierre,https://www.wikidata.org/wiki/Q33923,,,Saint Pierre,-1,Q501773,65,Q18287233,saint(e),apôtre de Jésus Christ,,4,301,Q501773,Q18287233
MarieMadeleine,https://www.wikidata.org/wiki/Q63070,Marie Madeleine,Marie de,Magdala,,Q4880851,100,Ephese,personnage biblique,disciple de Jésus,,4,300,Q4880851,Q47611
Maggiore,http://www.wikidata.org/entity/Q18508239,,,,1550,Milan,1598,Rome,non identifié,"craftspeople, turners",,2,286,Q490,Q220
GiulioRomano,http://www.wikidata.org/entity/Q215305,Giulio Romano,Giulio,di Pietro di Filippo de Gianuzzi,1499,Rome,1546-11-01,Mantoue,"artiste,architecte,peintre",peintre et architecte italien de la Renaissance,,4,286,Q220,Q6247
CosimoBartoli,http://www.wikidata.org/entity/Q1136048,Cosimo Bartoli,Cosimo,Bartoli,1503-12-20,Florence,1572-10-25,Florence,auteur(e) de textes,littérateur et philologue italien,,4,285,Q2044,Q2044
Platon,https://www.wikidata.org/wiki/Q859,,,Platon,-428,Q1524,-348,Q1524,"auteur(e) de textes,philosophe",philosophe grec antique,,4,281,Q1524,Q1524
Bacchus,https://www.wikidata.org/wiki/Q645312,,,Bacchus,,,,,personnage mythologique,dieu romain,,4,280,,
Bramante,http://www.wikidata.org/entity/Q7793,Bramante,Donato,di Angelo di Pascuccio,1443,Q190623,1514-04-11,Rome,"artiste,architecte",architecte et peintre italien,,4,279,Q190623,Q220
FedericoZuccaro,http://www.wikidata.org/entity/Q345605,Federico Zuccaro,Federico,Zuccari,1539,SantAngeloInVado,1609-07-20,Ancone,"artiste,peintre",peintre italien,,4,278,Q493800,Q3415
Mars,https://www.wikidata.org/wiki/Q112,,,Mars,,,,,personnage mythologique,dieu romain de la guerre,,4,272,,
BuonamicoBuffalmacco,http://www.wikidata.org/entity/Q972487,Buonamico Buffamalcco,Buonamico,Buffamalcco,1262,Florence,1340,Florence,"artiste,peintre",peintre italien,,4,265,Q2044,Q2044
Pamphile,https://www.wikidata.org/wiki/Q1346505,,,Pamphile d'Amphipolis,-390,Q217414,-400,Pella,"auteur(e) de textes,philosophe",peintre de la Grèce antique,,4,261,Q217414,Q213679
Mercure,https://www.wikidata.org/wiki/Q1150,,,Mercure,,,,,personnage mythologique,dieu romain,,4,253,,
Dominiquin,http://www.wikidata.org/entity/Q320118,Dominiquin,Domenico,Zampieri,1581-10-21,Bologne,1641-04-15,Naples,"artiste,peintre",peintre italien,,4,246,Q1891,Q2634
RossoFiorentino,http://www.wikidata.org/entity/Q312617,Rosso Fiorentino,Giovanni Battista,di Jacopo,1494-03-08,Florence,1540-11-14,Fontainebleau,"artiste,peintre",peintre et graveur italien,,4,239,Q2044,Q182872
AlbrechtDurer,http://www.wikidata.org/entity/Q5580,Albrecht Dürer,Albrecht,Dürer,1471-05-21,Nuremberg,1528-04-06,Nuremberg,"artiste,peintre,graveur(euse)","peintre, graveur et mathématicien allemand (1471–1528)",,4,226,Q2090,Q2090
SaintFrancois,https://www.wikidata.org/wiki/Q676555,,François d',Assise,1182-06-24,Assise,1226-10-03,Q510041,saint(e),"saint catholique et fondateur de l'ordre franciscain, fin XIIe - début XIIIe siècle",,4,224,Q20103,Q510041
Constantin,https://www.wikidata.org/wiki/Q8413,Constantin le Grand,,Constantin Ier,0272-02-27,Q129259,0337-05-22,Q209349,personnage politique,empereur romain de 310 à 337,,4,204,Q129259,Q209349
PietroBuonaccorsi,http://www.wikidata.org/entity/Q918778,Perino del Vaga,Piero,di Giovanni Bonaccorsi,1501-07-03,Florence,1547-10-29,Rome,"artiste,peintre",peintre italien,,4,200,Q2044,Q220
AnnibaleCarracci,http://www.wikidata.org/entity/Q7824,Annibale Carracci,Annibale,Carracci,1560-11-03,Bologne,1609-07-15,Rome,"artiste,peintre",peintre et graveur italien (1560-1609),,4,198,Q1891,Q220
Auguste,https://www.wikidata.org/wiki/Q1405,,,Auguste,-63-09-23,Rome,14-08-19,Q72288,personnage politique,premier empereur romain de 27 av. J.-C. à 14,,4,193,Q220,Q72288
Damon,https://www.wikidata.org/wiki/Q2346819,Damon le Musicien,Damon d',Athènes,-450,Q1524,,,"artiste,compositeur,personnage politique",théoricien de la musique antique,,4,192,Q1524,
Adam,https://www.wikidata.org/wiki/Q70899,,,Adam,,Q19014,,,personnage biblique,premier humain selon le récit des religions abrahamiques,,4,189,Q19014,
LeonX,https://www.wikidata.org/wiki/Q49237,Leon X,Jean de,Medicis,1475-12-11,Florence,1521-12-01,Rome,pape,"217e pape de l'Église catholique, de 1513 à 1521",,4,187,Q2044,Q220
Correge,http://www.wikidata.org/entity/Q8457,Il Corregio,Antonio Allegri,da Correggio,1489-08-30,Correggio,1534-03-05,Correggio,"artiste,peintre",peintre italien de la Renaissance (1489–1534),,4,182,Q111176,Q111176
Perugin,http://www.wikidata.org/entity/Q5827,Il Perugino,Pietro,di Cristoforo Vannucci,1448,Q20409,1523,Q1070894,"artiste,peintre",peintre italien de la Renaissance,,4,178,Q20409,Q1070894
Caravage,http://www.wikidata.org/entity/Q42207,Le Caravage,Michelangelo Merisi,da Caravaggio,1571-09-29,Milan,1610-07-18,PortoErcole,"artiste,peintre",peintre italien (1571–1610),,4,178,Q490,Q1394400
Giorgione,http://www.wikidata.org/entity/Q8459,Giorgione,Giorgio,Barbarelli,1478,CastelFranco,1510,Venise,"artiste,peintre",peintre du Cinquecento italien (1478–1510),,4,173,Q29352,Q641
Zeuxis,https://www.wikidata.org/wiki/Q197044,,,Zeuxis,-500,Heraclee,-400,Q1524,"artiste,peintre",peintre grec de l'Antiquité,,4,173,Q1568583,Q1524
Carrache,,,,,,,,,,"families, artist, painter",,2,172,,
Masaccio,http://www.wikidata.org/entity/Q5811,Masaccio,Giovanni,di Giovanni Cassai,1401-12-21,Q52097,1428,Rome,"artiste,peintre",peintre italien (1401-1428),,4,169,Q52097,Q220
GiovanniPaoloLomazzo,http://www.wikidata.org/entity/Q982538,Giovanni Paolo Lomazzo,Giovanni Paolo,Lomazzo,1538-05-06,Milan,1592-01-27,Milan,"artiste,peintre",peintre italien,,4,166,Q490,Q490
LeonBattistaAlberti,http://www.wikidata.org/entity/Q182046,Leon Battista Alberti,Leon Battista,Alberti,1404-02-14,Genes,1472-04-25,Rome,"auteur(e) de textes,architecte,mathématicien,philosophe,peintre","architecte, sculpteur, musicien humaniste italien (1404-1472)",,4,156,Q1449,Q220
Cupidon,https://www.wikidata.org/wiki/Q5011,,,Cupidon,,,,,personnage mythologique,dieu de l'amour dans la mythologie romaine,,4,156,,
Junon,https://www.wikidata.org/wiki/Q125046,,,Junon,,,,,personnage mythologique,déesse romaine,,4,156,,
Minerve,https://www.wikidata.org/wiki/Q126916,,,Minerve,,,,,personnage mythologique,déesse romaine,,4,156,,
AndreaDelSarto,http://www.wikidata.org/entity/Q5571,Andrea del Sarto,Andrea,d'Agnolo di Francesco di Luca di Paolo del Migliore Vannucchi,1487-07-16,Florence,1530-09-29,Florence,"artiste,peintre",peintre italien,,4,154,Q2044,Q2044
Plutarque,https://www.wikidata.org/wiki/Q41523,,,Plutarque,40,Q13574678,120,,"auteur(e) de textes,philosophe","philosophe, biographe et moraliste grec de la Rome antique",,4,144,Q13574678,
Neptune,https://www.wikidata.org/wiki/Q3954,,,Neptune,,,,,personnage mythologique,dieu de la mythologie romaine,,4,143,,
PaoloVeronese,http://www.wikidata.org/entity/Q9440,Véronèse,Paolo,Caliari,1528,Verone,1588-04-19,Venise,"artiste,peintre",peintre italien de la Renaissance (1528–1588),,4,140,Q2028,Q641
Ciceron,https://www.wikidata.org/wiki/Q1541,Cicéron,Marcus Tullius,Cicero,-106-01-03,Arpino,-43-12-07,Q128086,"personnage politique,auteur(e) de textes,philosophe","orateur, homme politique et philosophe romain",,4,140,Q116440,Q128086
MarcantonioRaimondi,http://www.wikidata.org/entity/Q728375,Marcantonio Raimondi,Marcantonio,Raimondi,1480,Q94960,1534,Bologne,"artiste,graveur(euse)",orfèvre et graveur italien,,4,139,Q94960,Q1891
Neron,https://www.wikidata.org/wiki/Q1413,,,Neron,37-12-15,Q16010710,68-06-09,Rome,personnage politique,"cinquième empereur romain de 54 à 68, dernier représentant de la dynastie julio-claudienne",,4,135,Q16010710,Q220
AngeloDellaStufa,https://www.wikidata.org/wiki/Q138968251,Angelo della Stuffa,Angelo,della Stuffa,1407,,1481-10-01,,personnage politique,homme d'état et diplomate florentin du XVe siècle,,4,134,,
Virgile,https://www.wikidata.org/wiki/Q1398,Virgile,Publius,Vergilius Maro,-70-10-15,Q491753,-19-09-21,Brindisi,auteur(e) de textes,poète romain,,4,134,Q491753,Q13496
LorenzoAntinori,,,,,,,,,non identifié,,,2,133,,
SaintLaurent,https://www.wikidata.org/wiki/Q17590,,Laurent de,Rome,0225-12-31,Q100707898,0258-08-10,Rome,saint(e),saint catholique,,4,132,Q100707898,Q220
PierfrancescoGiambullari,https://www.wikidata.org/wiki/Q1754685,Pierfrancesco Giambullari,Pierfrancesco,Giambullari,1495,Florence,1555-08-24,Florence,"personnage du clergé,auteur(e) de textes",écrivain italien,,4,132,Q2044,Q2044
FrancoisIer,https://www.wikidata.org/wiki/Q129857,François Ier,,François Ier,1494-09-12,Q285,1547-03-31,Q191119,personnage politique,roi de France de 1515 à 1547 (1494-1547),,4,131,Q285,Q191119
Persee,https://www.wikidata.org/wiki/Q130832,,,Persée,,,,,personnage mythologique,héros de la mythologie grecque,,4,128,,
Protogene,https://www.wikidata.org/wiki/Q930914,,,Protogene,-400,Q608095,-360,,"artiste,peintre",peintre antique,,4,127,Q608095,
Strabon,https://www.wikidata.org/wiki/Q45936,,,Strabon,-63,Q27088966,23,Q27088966,mathématicien,"philosophe, historien, voyageur et géographe grec du 1er s. av. J.-C.",,4,127,Q27088966,Q27088966
Polydore,https://www.wikidata.org/wiki/Q2102799,,,Polydore,-200,Rhodes,-200,,personnage mythologique,sculpteur antique,,4,123,Q43048,
David,https://www.wikidata.org/wiki/Q41370,,,David,-1039,Q5776,-969,Jerusalem,personnage biblique,"personnage de la Bible, deuxième roi d'Israël",,4,123,Q5776,Q1218
AbrahamBosse,http://www.wikidata.org/entity/Q326215,Abraham Bosse,Abraham,Bosse,1604,Tours,1676-02-16,Paris,"artiste,peintre,graveur(euse)",graveur français (1604-1676),,4,123,Q288,Q90
Pompee,https://www.wikidata.org/wiki/Q125414,,,Pompée,-106-09-29,Q510990,-48-09-28,Peluse,"personnage politique,militaire","consul romain en 70, 55 et 52 av. J.-C.",,4,121,Q510990,Q1145715
Phidias,https://www.wikidata.org/wiki/Q177302,,,Phidias,-500,Q1524,-430,Athenes,"artiste,sculpteur",sculpteur grec du Ve siècle av. J.-C.,,4,120,Q1524,Q844930
Euclide,https://www.wikidata.org/wiki/Q8747,,,Euclide d'Alexandrie,-333,,-285,,mathématicien,mathématicien de la Grèce antique,,4,119,,
VincenzoMartelli,https://www.wikidata.org/wiki/Q21548773,,,,1509-10-11,,,,non identifié,,,2,119,,
Homere,https://www.wikidata.org/wiki/Q6691,,,Homère,-900,Chios,-800,Q216993,auteur(e) de textes,"poète épique de la Grèce antique, auteur de l’Illiade et de l’Odyssée",,4,117,Q160483,Q216993
ScipionAfricain,https://www.wikidata.org/wiki/Q2253,Scipion l'Africain,Publius Cornelius,Scipio Africanus,-235,Q1747689,-183,Q898417,"personnage politique,militaire",général et homme d'État romain,,4,117,Q1747689,Q898417
JulesII,https://www.wikidata.org/wiki/Q80516,Jules II,Giuliano,della Rovere,1443-12-05,Q270492,1513-02-21,Rome,pape,"216e pape de l’Église catholique, de 1503 à 1513",,4,114,Q270492,Q220
JacopoTintoretto,http://www.wikidata.org/entity/Q9319,Tintoretto,Jacopo,Robusti,1519,Venise,1594-05-31,Venise,"artiste,peintre",peintre italien de la Renaissance (1518/1519–1594),,4,112,Q641,Q641
Vulcain,https://www.wikidata.org/wiki/Q4640,,,Vulcain,,,,,personnage mythologique,"dieu romain du feu, de la forge, des volcans, etc.",,4,104,,
Ninfe,https://www.wikidata.org/wiki/Q373916,,,Ninfe,,,,,personnage mythologique,"divinité subalterne de la mythologie gréco-romaine, esprit de la nature, de sexe féminin",,4,102,,
SaintLuc,https://www.wikidata.org/wiki/Q128538,Luc l'Évangéliste,,Saint Luc,,Antioche,84,Thebes,saint(e),évangéliste du Nouveau Testament,,4,101,Q200441,Q11225429
Psyche,https://www.wikidata.org/wiki/Q843382,,,Psyché,,,,,personnage mythologique,personnage de la mythologie gréco-romaine,,4,100,,
Parmigianino,http://www.wikidata.org/entity/Q9348,Parmigianino,Girolamo Francesco Maria,Mazzola,1503-01-11,Parme,1540-08-24,Q42139,"artiste,peintre",peintre italien (1503-1540),,4,100,Q2683,Q42139
NiccoloTribolo,http://www.wikidata.org/entity/Q1360130,Il Tribolo,Niccolò,di Raffaello di Niccolò dei Pericoli,1497-05-17,Florence,1550-09-07,Florence,"artiste,sculpteur,architecte",artiste italien,,4,99,Q2044,Q2044
FerrantePandolfini,,,,,,,,,non identifié,,,2,98,,
AlessandroAlgardi,http://www.wikidata.org/entity/Q336798,L'Algarde,Alessandro,Algardi,1595-07-31,Bologne,1654-06-10,Rome,"artiste,sculpteur,architecte",sculpteur italien,,4,98,Q1891,Q220
Joseph,https://www.wikidata.org/wiki/Q128267,Joseph,,Joseph,-30,Q430776,20,Q430776,personnage biblique,"personnage biblique du Nouveau Testament, époux de Marie mère de Jésus",,4,97,Q430776,Q430776
Helene,https://www.wikidata.org/wiki/Q164061,,,Helene,,,,,personnage mythologique,"personnage de la mythologie grecque, épouse de Ménélas, le roi de Sparte",,4,97,,
AndreaMantegna,http://www.wikidata.org/entity/Q5681,Andrea Mantegna,Andrea,Mantegna,1431,Q18498195,1506-09-13,Mantoue,"artiste,peintre",peintre et graveur italien de la Renaissance,,4,97,Q18498195,Q6247
FrancescoPrimaticcio,http://www.wikidata.org/entity/Q333366,Le Primatice,Francesco,Primaticcio,1504-04-30,Bologne,1570,Paris,"artiste,peintre,architecte,sculpteur",peintre italien du XVIe s.,,4,97,Q1891,Q90
Horace,https://www.wikidata.org/wiki/Q6197,Horace,,Horace,-65-12-08,Q52691,-8-11-27,Rome,auteur(e) de textes,poète lyrique latin,,4,97,Q52691,Q220
BaccioBandinelli,http://www.wikidata.org/entity/Q358348,Baccio Bandinelli,Baccio,Bandinelli,1493-11-12,Florence,1560-02-07,Florence,"artiste,sculpteur,peintre",sculpteur italien,,4,96,Q2044,Q2044
SaintMarc,https://www.wikidata.org/wiki/Q31966,,,Saint Marc,12,Q23792,68-04-25,Alexandrie,saint(e),évangéliste du Nouveau Testament,,4,95,Q23792,Q87
SpinelloAretino,http://www.wikidata.org/entity/Q287934,Spinello Aretino,Spinello,di Luca Spinelli,1350,Arezzo,1410-03-14,Arezzo,"artiste,peintre",peintre italien,,4,94,Q13378,Q13378
PierreDeCortone,http://www.wikidata.org/entity/Q333323,Pierre de Cortone,Pietro,Berrettini,1596-11-01,Cortone,1669-05-16,Rome,"artiste,peintre,architecte",peintre et architecte italien,,4,93,Q52080,Q220
Pallas,https://www.wikidata.org/wiki/Q37122,,,Pallas,,Q70054479,,,personnage mythologique,"déesse de la sagesse, de la guerre et des artistes dans la religion grecque antique et la mythologie grecque",,4,92,Q70054479,
Parrhasios,https://www.wikidata.org/wiki/Q552759,,,Parrhasios,-500,Ephese,-460,,"artiste,peintre",peintre antique,,4,92,Q47611,
FrancescoGuidetti,https://www.wikidata.org/wiki/Q60843489,,,,1493,Florence,1565,Florence,non identifié,,,2,89,Q2044,Q2044
Moise,https://www.wikidata.org/wiki/Q9077,,,Moïse,-2000-00-00,Q771345,-1500-00-00,Q680161,personnage biblique,premier prophète du judaïsme,,4,87,Q771345,Q680161
AndreaPalladio,http://www.wikidata.org/entity/Q177692,Andrea Palladio,Andrea,di Pietro della Gondola,1508-11-30,Padoue,1580-08-19,Vicence,"artiste,auteur(e) de textes,architecte",architecte vénitien,,4,87,Q617,Q6537
Victoire,https://www.wikidata.org/wiki/Q308902,,,Victoire,,,,,personnage mythologique,divinité de la mythologie romaine,,4,87,,
GiambattistaMarino,https://www.wikidata.org/wiki/Q332489,,Giambattista,Marino,1569-10-14,Naples,1625-03-25,Naples,auteur(e) de textes,poète italien,,4,86,Q2634,Q2634
Socrate,https://www.wikidata.org/wiki/Q913,,,Socrate,-470,Q2839314,-399-02-15,Q1524,philosophe,philosophe de la Grèce antique,,4,84,Q2839314,Q1524
Varron,https://www.wikidata.org/wiki/Q206119,Varron,Marcus Terentius,Varro,-116,Q13396,-27,Rome,auteur(e) de textes,"écrivain, érudit et homme politique romain",,4,84,Q13396,Q220
Enee,https://www.wikidata.org/wiki/Q82732,,,Enée,,,,,personnage mythologique,personnage de la mythologie grecque,,4,82,,
Sibylle,https://www.wikidata.org/wiki/Q273320,,,Sibylle,,,,,personnage mythologique,prophétesse grecque aux oracles énigmatiques,,4,82,,
BernardoSegni,https://www.wikidata.org/wiki/Q823038,,Bernardo,Segni,1504-02-21,Florence,1558-04-13,Florence,auteur(e) de textes,historien italien,,4,80,Q2044,Q2044
SaintPaul,https://www.wikidata.org/wiki/Q9200,,,Saint Paul,5,Tarse,66,Rome,saint(e),apôtre et missionnaire des premiers chrétiens (vers 5 après J.-C. – vers 64/65),,4,80,Q134287,Q220
Noe,https://www.wikidata.org/wiki/Q81422,,,Noe,-2948,Mesopotamie,-1998,,personnage biblique,personnage de la Bible impliqué dans le récit du Déluge,,4,80,Q11767,
LodovicoDeMasi,,,,,,,,,non identifié,,,2,80,,
SebastianoSerlio,http://www.wikidata.org/entity/Q452318,Sebastiano Serlio,Sebastiano,Serlio,1475-09-06,Bologne,1554,Fontainebleau,"artiste,architecte",architecte italien et théoricien de l'architecture,,4,79,Q1891,Q182872
Praxitele,https://www.wikidata.org/wiki/Q105290,,,Praxitele,-395,Q1524,-330,,"artiste,sculpteur",sculpteur grec ancien,,4,78,Q1524,
Eve,https://www.wikidata.org/wiki/Q830183,,,Eve,-3760,Q19014,,,personnage biblique,"première femme, selon la Bible",,4,76,Q19014,
Adonis,https://www.wikidata.org/wiki/Q163920,,,Adonis,,,,,personnage mythologique,"dieu de la mythologie proche-orientale, grecque et romaine, fils de Cinyras et de sa fille Myrrha",,4,76,,
PolidoroDaCaravaggio,http://www.wikidata.org/entity/Q964822,Polidoro da Caravaggio,Polidoro,Caldara,1499,Caravaggio,1543,Messine,"artiste,peintre",peintre italien,,4,75,Q100145,Q13666
Tibere,https://www.wikidata.org/wiki/Q1407,,,Tibère,-42-11-16,Rome,37-03-16,Q401231,personnage politique,"deuxième empereur romain, de 14 à 37",,4,74,Q220,Q401231
Gaudenzio,http://www.wikidata.org/entity/Q734108,Gaudenzio Ferrari,Gaudenzio,Ferrari,1475,Valduggia,1546-01-31,Milan,"artiste,peintre,sculpteur,architecte",peintre italien,,4,73,Q25215,Q490
Ptolemee,,,,Ptolémée,,,,,personnage mythologique,,,2,68,,
CarloLenzoni,https://www.wikidata.org/wiki/Q24262721,,,,1501,Florence,1551,Florence,non identifié,,,2,68,Q2044,Q2044
Timanthe,https://www.wikidata.org/wiki/Q707873,,,Timanthe,-500,Q739779,-400,,"artiste,peintre",peintre antique,,4,68,Q739779,
PierSoderini,https://www.wikidata.org/wiki/Q289104,,Pier,Soderini,1450-05-18,Florence,1522-06-13,Rome,personnage politique,politicien italien,,4,67,Q2044,Q220
LippoMemmi,http://www.wikidata.org/entity/Q504963,Lippo Memmi,Filippo,di Memmo,1291,Sienne,1356,Sienne,"artiste,peintre",peintre italien,,4,67,Q2751,Q2751
Salomon,https://www.wikidata.org/wiki/Q37085,,,Salomon,-990,Q23792,-931,Jerusalem,personnage biblique,personnage biblique,,4,67,Q23792,Q1218
CharlesQuint,https://www.wikidata.org/wiki/Q32500,,Charles,Quint,1500-02-24,Gand,1558-09-21,Q936453,personnage politique,"roi des Espagnes et empereur du Saint-Empire d'origine flamande, au XVIe s.",,4,67,Q1296,Q936453
PietroDarica,,,,,,,,,non identifié,,,2,66,,
Pythagore,https://www.wikidata.org/wiki/Q10261,,,Pythagore,-582,Q13580795,-490,Metaponte,"mathématicien,philosophe",philosophe et mathématicien grec (vers 580-vers 495 avant JC),,4,65,Q13580795,Q1058770
SaintGeorges,https://www.wikidata.org/wiki/Q48438,,Georges de,Lydda,275,Kayseri,0303-04-23,Q209349,saint(e),saint catholique et orthodoxe (mort en 303),,4,64,Q48338,Q209349
Lysippe,https://www.wikidata.org/wiki/Q192222,Lysippe,Lysippe de,Sicyone,-390,Sicyone,-300,,"artiste,sculpteur",sculpteur et bronzier grec du IVe siecle av. J-C,,4,63,Q368628,
AgostinoCarracci,http://www.wikidata.org/entity/Q316269,Agustino Caracci,Agustino,Carracci,1557-08-16,Bologne,1602-03-22,Parme,"artiste,peintre",peintre et graveur italien,,4,63,Q1891,Q2683
Achille,https://www.wikidata.org/wiki/Q41746,,,Achille,,,,Troie,personnage mythologique,personnage de la mythologie grecque,,4,62,,Q22647
BaldassarrePeruzzi,http://www.wikidata.org/entity/Q177213,Baldassarre Peruzzi,Baldassarre,Peruzzi,1481-03-07,Sienne,1536-01-06,Rome,"artiste,peintre,architecte",peintre et architecte italien de la Renaissance (1481-1537),,4,62,Q2751,Q220
GiovanniFrancescoPenni,http://www.wikidata.org/entity/Q2327761,Il Fattore,Giovanni Francesco,Penni,1488,Florence,1520,Naples,"artiste,peintre",peintre italien,,4,62,Q2044,Q2634
Vesta,https://www.wikidata.org/wiki/Q178710,,,Vesta,,,,,personnage mythologique,déesse romaine,,4,61,,
MaturinoFiorentino,http://www.wikidata.org/entity/Q2606874,Maturino Fiorentino,Maturino,da Firenze,1490,Florence,1528,Rome,"artiste,peintre",peintre italien,,4,61,Q2044,Q220
DiodoreDeSicile,https://www.wikidata.org/wiki/Q171241,,Diodore de,Sicile,-90,Q3606949,-20,,auteur(e) de textes,historien et chroniqueur grec du Ier siecle av. J-C,,4,61,Q3606949,
GirardDesargues,http://www.wikidata.org/entity/Q152817,Girard Desargues,Girard,Desargues,1591-02-21,Lyon,1661-10-09,Lyon,"artiste,architecte",architecte et mathématicien français du XVIIe siècle,,4,61,Q456,Q456
LeonardoDoffi,,,,,,,,,non identifié,,,2,60,,
Aristide,https://www.wikidata.org/wiki/Q265462,,Aristide de,Thèbes,-400,Thebes,-360,,"personnage politique,militaire",peintre grec antique,,4,60,Q11225429,
Archimede,https://www.wikidata.org/wiki/Q8739,,,Archimède,-287,Q4420718,-212,Q4420718,mathématicien,physicien et mathématicien grec de Sicile,,4,60,Q4420718,Q4420718
CesareDaSesto,http://www.wikidata.org/entity/Q1056977,Cesare da Sesto,Cesare,da Sesto,1477,Q40699,1523-07-27,Milan,"artiste,peintre",peintre italien,,4,59,Q40699,Q490
DemetriosAlopece,https://www.wikidata.org/wiki/Q5255305,,Démétrios d',Alopèce,-500,Q2839314,-400,Q1524,"artiste,sculpteur",sculpteur antique,,4,58,Q2839314,Q1524
Attila,https://www.wikidata.org/wiki/Q36724,,,Attila,500,,453,Q170062,"personnage politique,militaire",roi des Huns de 434 à 453,,4,58,,Q170062
SaintJerome,https://www.wikidata.org/wiki/Q44248,,Jérôme de,Stridon,345,Q522804,0420-09-30,Q5776,saint(e),"moine, traducteur de la Bible, docteur de l’Église et l’un des quatre pères de l’Église latine",,4,57,Q522804,Q5776
Quintilien,https://www.wikidata.org/wiki/Q193769,Quintilien,Marcus Fabius,Quintilianus,35,Q642046,96,Rome,auteur(e) de textes,rhéteur romain,,4,57,Q642046,Q220
GirolamoGenga,http://www.wikidata.org/entity/Q920115,Girolamo Genga,Girolamo,Genga,1476,Q2759,1551-07-11,Q2759,"artiste,peintre,architecte",peintre italien,,4,56,Q2759,Q2759
CarloRidolfi,http://www.wikidata.org/entity/Q776990,Carlo Ridolfi,Carlo,Ridolfi,1594-04-01,Lonigo,1658-09-05,Venise,"artiste,auteur(e) de textes,peintre",peintre et écrivain italien,,4,56,Q47385,Q641
Pordenone,http://www.wikidata.org/entity/Q983352,Le Pordenone,Giovanni Antonio,da Pordenone,1484,PordenoneVille,1539-01-14,Ferrare,"artiste,peintre",peintre italien,,4,56,Q6606,Q13362
Phylarque,https://www.wikidata.org/wiki/Q609147,,,Phylarque,-255,Athenes,,,auteur(e) de textes,historien antique,,4,55,Q844930,
Polyclete,https://www.wikidata.org/wiki/Q193422,,,Polyclète,-490,Q13533353,-420,,"artiste,sculpteur",sculpteur grec,,4,55,Q13533353,
GiovanniBellini,http://www.wikidata.org/entity/Q17169,Giambellino,Giovanni,Bellini,1430,Venise,1516-11-29,Venise,"artiste,peintre",peintre italien de la Renaissance,,4,55,Q641,Q641
JacopoBarozziDaVignola,http://www.wikidata.org/entity/Q297565,Jacopo Barozzi da Vignola,Jacopo,Barozzi,1507-10-01,Q100111,1573-07-07,Rome,"artiste,architecte",architecte italien,,4,55,Q100111,Q220
Baroccio,http://www.wikidata.org/entity/Q316731,Federico Barocci,Federico,Fiori,1535,Q2759,1612-09-30,Q2759,"artiste,peintre",peintre et graveur italien maniériste (1535-1612),,4,54,Q2759,Q2759
ParisMythologie,https://www.wikidata.org/wiki/Q167646,,,Pâris,,,,,personnage mythologique,"personnage de la mythologique grecque, fils de Priam",,4,54,,
Judas,https://www.wikidata.org/wiki/Q81018,,Judas,Iscariote,,Q1003997,30,Jerusalem,personnage biblique,apôtre traître de Jésus de Nazareth selon le Nouveau Testament,,4,53,Q1003997,Q1218
DanieleBarbaro,http://www.wikidata.org/entity/Q378870,Daniele Barbaro,Daniele Matteo Alvise,Barbaro,1513-02-08,Venise,1570-04-13,Venise,personnage du clergé,cardinal de l'Église catholique romaine,,4,53,Q641,Q641
RomanoAlberti,https://www.wikidata.org/wiki/Q3338349,Nero Alberti da Sansepolcro,Romano,Alberti,1502,Sansepolcro,1568,,"artiste,sculpteur",Sculpteur italien,,4,53,Q52098,
Polypheme,https://www.wikidata.org/wiki/Q193567,,,Polyphème,,,,,personnage mythologique,"cyclope, fils de Poséidon et de la nymphe Thoôsa, mythologie grecque",,4,53,,
LorenzoRidolfi,https://www.wikidata.org/wiki/Q41617810,Lorenzo Ridolfi,Lorenzo,Ridolfi,1362,Florence,1443,Florence,personnage politique,juriste et politicien italien,,4,52,Q2044,Q2044
GregoireXIII,https://www.wikidata.org/wiki/Q83029,Gregoire XIII,Ugo,Boncompagni,1502-01-01,Bologne,1585-04-10,Rome,pape,"226e pape de l'Église catholique, de 1572 à 1585",,4,52,Q1891,Q220
MarcusVipsaniusAgrippa,https://www.wikidata.org/wiki/Q48174,,Marcus,Vipsanius Agrippa,-63,Istrie,-12,Campanie,personnage politique,général et homme politique romain,,4,52,Q639912,Q1438
ClementVII,https://www.wikidata.org/wiki/Q83159,Clément VII,Jules de,Médicis,1478-05-26,Florence,1534-09-25,Rome,pape,"219e pape de l’Église catholique, de 1523 à 1534",,4,51,Q2044,Q220
Albane,http://www.wikidata.org/entity/Q358147,L'Albane,Francesco,Albani,1578-03-17,Bologne,1660-10-04,Bologne,"artiste,peintre",peintre italien (1578-1660),,4,51,Q1891,Q1891
CesareRipa,http://www.wikidata.org/entity/Q721704,Cesare Ripa,Cesare,Ripa,1555,Perugia,1622-01-22,Rome,auteur(e) de textes,historien de l'art italien,,4,51,Q3437,Q220
MinoDaFiesole,http://www.wikidata.org/entity/Q477441,Mino da Fiesole,Mino,di Giovanni Mini da Poppio,1429,Q52095,1484-07-11,Florence,"artiste,sculpteur",sculpteur italien,,4,50,Q52095,Q2044
LucienSamosate,https://www.wikidata.org/wiki/Q177847,Lucien,Lucien de,Samosate,120,Q1026347,180,Q1524,auteur(e) de textes,"philosophe, biographe et satiriste grec de l'Antiquité",,4,49,Q1026347,Q1524
PellegrinoTibaldi,http://www.wikidata.org/entity/Q861385,Pellegrino Tibaldi,Pellegrino,di Tibaldo de Pellegrini,1527,Q3925955,1596-05-27,Milan,"artiste,peintre",peintre italien,,4,49,Q3925955,Q490
NicoloDellAbbate,http://www.wikidata.org/entity/Q333563,Nicolò dell'Abbate,Nicolò,dell'Abbate,1512,Modene,1571,Fontainebleau,"artiste,peintre",peintre italien,,4,49,Q279,Q182872
Pollux,https://www.wikidata.org/wiki/Q190103,,,Pollux,,,,,personnage mythologique,personnages de la mythologie grecque,,4,49,,
Ovide,https://www.wikidata.org/wiki/Q7198,,,Ovide,-43-03-20,Q31075128,17,Q2441154,auteur(e) de textes,poète romain,,4,48,Q31075128,Q2441154
Giottino,https://www.wikidata.org/wiki/Q947337,Giottino,Giotto,di Stefano,1324,Florence,1372,Florence,"artiste,peintre",peintre italien,,4,48,Q2044,Q2044
AlbertiDurante,http://www.wikidata.org/entity/Q1165466,Durante Alberti,Durante,Alberti,1538,Sansepolcro,1613-04-23,Rome,"artiste,peintre",peintre italien,,4,48,Q52098,Q220
DanieleDaVolterra,http://www.wikidata.org/entity/Q540489,Daniele da Volterra,Daniele,Ricciarelli,1509,Volterra,1566-04-04,Rome,"artiste,peintre,sculpteur",peintre et sculpteur italien,,4,47,Q103305,Q220
AlviseCornaro,http://www.wikidata.org/entity/Q389140,Alvise Cornaro,Alvise,Cornaro,1484,Venise,1566-05-08,Padoue,auteur(e) de textes,philosophe italien,,4,47,Q641,Q617
Ulysse,https://www.wikidata.org/wiki/Q47231,,,Ulysse,,,,,personnage mythologique,roi légendaire d'Ithaque,,4,46,,
NiccoloDeMedici,https://www.wikidata.org/wiki/Q18289508,,,,1384,Florence,1455-03-03,Florence,non identifié,,,2,46,Q2044,Q2044
Lucifer,https://www.wikidata.org/wiki/Q35230,"Le Diable, Satan",,Lucifer,,,,,personnage biblique,personnage incarnant le mal et l'opposition à Dieu dans les religions abrahamiques,,4,46,,
Castor,https://www.wikidata.org/wiki/Q190103,,,Castor,,,,,personnage mythologique,personnages de la mythologie grecque,,4,46,,
SimonVouet,http://www.wikidata.org/entity/Q317920,Simon Vouet,Simon,Vouet,1590-01-09,Paris,1649-06-30,Paris,"artiste,peintre",peintre français,,4,46,Q90,Q90
CalixteI,https://www.wikidata.org/wiki/Q122376,,,Calixte Ier,,Rome,222,Rome,personnage du clergé,"saint catholique, pape du IIIe siècle",,4,45,Q220,Q220
FrancescoSalviati,http://www.wikidata.org/entity/Q704594,Francesco Salviati,Francesco,de' Rossi,1510,Florence,1563-11-11,Rome,"artiste,peintre",peintre italien,,4,45,Q2044,Q220
Leda,https://www.wikidata.org/wiki/Q182019,,,Leda,,,,,personnage mythologique,personnage de la mythologie grecque,,4,45,,
VanDyck,http://www.wikidata.org/entity/Q150679,Antoine van Dyck,Antoon,van Dyck ,1599-03-22,Anvers,1641-12-09,Q880829,"artiste,peintre",peintre et graveur flamand,,4,44,Q12892,Q880829
GirolamoMuziano,http://www.wikidata.org/entity/Q1333792,Girolamo Muziano,Girolamo,Muziano,1528,Brescia,1592-04-27,Rome,"artiste,peintre","peintre, graveur et dessinateur italien",,4,44,Q6221,Q220
AntonFrancescoDoni,https://www.wikidata.org/wiki/Q601844,,Anton Francesco,Doni,1513-05-16,Florence,1574-08,Q34602,auteur(e) de textes,homme de lettres italien,,4,44,Q2044,Q34602
HilairePader,http://www.wikidata.org/entity/Q23770459,Hilaire Pader,Hilaire,Pader,1607-02,Toulouse,1677-08-14,Toulouse,"artiste,peintre",peintre français (1607-1677),,4,44,Q7880,Q7880
SaintMatthieu,https://www.wikidata.org/wiki/Q43600,,,Matthieu,10,Q155321,74,Ethiopie,saint(e),apôtre et évangéliste du Nouveau Testament,,4,44,Q155321,Q115
AgostinoChigi,https://www.wikidata.org/wiki/Q395635,,Agostino,Chigi,1466-12-01,Sienne,1520-04-10,Rome,mécène,"Banquier siennois, un des plus importants mécènes de la Renaissance.",,4,43,Q2751,Q220
CharlesAlphonseDuFresnoy,https://www.wikidata.org/wiki/Q1063557,Charles-Alphonse Du Fresnoy,Charles-Alphonse,Du Fresnoy,1611,Paris,1668-01-16,Q236136,"artiste,peintre",peintre français,,4,42,Q90,Q236136
Ganymede,https://www.wikidata.org/wiki/Q131588,,,Ganymède,,,,,personnage mythologique,personnage de la mythologie grecque,,4,42,,
GiovanniLanfranco,http://www.wikidata.org/entity/Q447730,Giovanni Lanfranco,Giovanni,Lanfranco,1582-01-26,Parme,1647-11-30,Rome,"artiste,peintre",peintre italien,,4,42,Q2683,Q220
DomenicoGhirlandaio,http://www.wikidata.org/entity/Q191423,Domenico Ghirlandaio,Domenico,di Tommaso Curradi di Doffo Bigordi,1448-06-02,Florence,1494-01-11,Florence,"artiste,peintre",peintre italien,,4,41,Q2044,Q2044
Dinocrate,https://www.wikidata.org/wiki/Q471762,,Dinocrate,Rhodes,-400,Rhodes,-360,,"artiste,architecte",architecte antique,,4,41,Q43048,
Cleopatre,https://www.wikidata.org/wiki/Q635,,,Cléopatre,-69-01-13,Alexandrie,-30-08-12,Alexandrie,personnage politique,"reine d'Égypte, de 51 à 30 av. J.-C.",,4,41,Q87,Q87
AndreaPisano,http://www.wikidata.org/entity/Q311031,Andrea Pisano,Andrea,da Pontedera,1290,Q103219,1348,Orvieto,"artiste,architecte",sculpteur et architecte italien,,4,41,Q103219,Q541
CharlesLeBrun,http://www.wikidata.org/entity/Q271676,Charles Le Brun,Charles,Le Brun,1619-02-24,Paris,1690-02-12,Paris,"artiste,peintre",peintre français,,4,41,Q90,Q90
LeonidasI,https://www.wikidata.org/wiki/Q44228,Léonidas Ier,,Léonidas Ier,,Sparte,-480-08-11,Thermopyles,"personnage politique,militaire",roi de Sparte,,4,40,Q5690,Q194450
Semiramis,https://www.wikidata.org/wiki/Q103960,Semiramis,,Semiramis,,Lydie,,,personnage mythologique,reine légendaire de Babylone,,4,40,Q620765,
GiovanniFrancescoRustici,http://www.wikidata.org/entity/Q720384,Giovanni Francesco Rustici,Giovanni Francesco,Rustici,1474,Florence,1554,Tours,"artiste,architecte,sculpteur",sculpteur italien,,4,39,Q2044,Q288
PierreSeguier,https://www.wikidata.org/wiki/Q446912,,Pierre,Séguier,1588-05-28,Paris,1672-01-28,Q185075,personnage politique,"homme d’État français du XVIIe siècle, chancelier de France",,4,39,Q90,Q185075
BenedettoVarchi,http://www.wikidata.org/entity/Q176833,Benedetto Varchi,Benedetto,Varchi,1503-03-19,Florence,1565-12-18,Florence,auteur(e) de textes,"humaniste, historien et poète italien de la Renaissance",,4,39,Q2044,Q2044
Polygnote,https://www.wikidata.org/wiki/Q1972156,,,Polygnote,-500,Q122443,-500,,"artiste,peintre",peintre sur vases grec,,4,39,Q122443,
Guerchin,http://www.wikidata.org/entity/Q334262,Giovanni Francesco Barbieri,Giovanni Francesco,Barbieri,1591-02-08,Cento,1666-12-22,Bologne,"artiste,peintre",peintre italien,,4,38,Q95094,Q1891
LouisXIV,https://www.wikidata.org/wiki/Q7742,Louis XIV,,Louis XIV,1638-09-05,Q1520841,1715-09-01,Q2946,personnage politique,roi de France et de Navarre de 1643 à 1715,,4,38,Q1520841,Q2946
AntonioMini,http://www.wikidata.org/entity/Q21710870,Antonio Mini,Antonio,Mini,,,1533,France,"artiste,peintre","artist, designers, draftsman, painter",,4,37,,Q142
Abel,https://www.wikidata.org/wiki/Q313421,,,Abel,-3897,,-3825,,personnage biblique,personnage de la Genèse,,4,37,,
Ninus,https://www.wikidata.org/wiki/Q1152356,,,Ninus,,Q200200,,,personnage mythologique,personnage mythologique,,4,37,Q200200,
Orphee,https://www.wikidata.org/wiki/Q174353,,,Orphée,,,,,personnage mythologique,héros de la mythologie grecque,,4,36,,
JeanCousin,http://www.wikidata.org/entity/Q2610648,Jean Cousin l'Ancien,Jean,Cousin,1490,Sens,1560,Paris,"artiste,peintre","peintre, sculpteur et graveur français",,4,36,Q212420,Q90
Philostrate,https://www.wikidata.org/wiki/Q2274948,,Philostrate d',Athènes,170,Lemnos,245,Q1524,auteur(e) de textes,orateur et biographe romain de langue grecque du IIe siècle,,4,36,Q192483,Q1524
Euphranor,https://www.wikidata.org/wiki/Q949770,,,Euphranor,-301,Q1232123,-400,Q1524,"artiste,peintre,sculpteur",peintre et sculpteur antique,,4,36,Q1232123,Q1524
CosmeDeMedicis,https://www.wikidata.org/wiki/Q48547,,Cosme de,Médicis,1519-06-12,Florence,1574-04-21,Q2094778,personnage politique,grand-duc de Toscane,,4,35,Q2044,Q2094778
Dedale,https://www.wikidata.org/wiki/Q134756,,,Dédale,,,,,personnage mythologique,personnage de la mythologie grecque qui a donné son nom à un labyrinthe complexe,,4,35,,
LazareDeBethanie,https://www.wikidata.org/wiki/Q539890,,Lazare de,Bethanie,-100,Q831190,30,,saint(e),personnage du Nouveau Testament,,4,34,Q831190,
GaddoGaddi,http://www.wikidata.org/entity/Q729041,Gaddo Gaddi,Gaddo,Gaddi,1239,Florence,1312,Florence,"artiste,peintre",peintre et mosaïste italien,,4,34,Q2044,Q2044
AndreaVerrocchio,http://www.wikidata.org/entity/Q183458,Le Verrocchio,Andrea,di Michele di Cione,1435,Florence,1488-10-07,Venise,"artiste,peintre,sculpteur","sculpteur, peintre et orfèvre italien de l'école florentine, XVe s.",,4,34,Q2044,Q641
Sylla,https://www.wikidata.org/wiki/Q483783,,,Sylla,-138,Q1747689,-78,Q10646925,personnage politique,consul et dictateur romain,,4,34,Q1747689,Q10646925
SainteCecile,https://www.wikidata.org/wiki/Q80513,,Cécile de,Rome,180,Rome,0230-11-22,Rome,saint(e),sainte chrétienne patronne des musiciens,,4,33,Q220,Q220
PaulFreartDeChantelou,http://www.wikidata.org/entity/Q3371258,Paul Fréart de Chantelou,Paul,Fréart de Chantelou,1609-03-25,LeMans,1694-03-10,Paris,mécène,"collectionneur d'art, frère de Roland Fréart",,4,33,Q1476,Q90
Titus,https://www.wikidata.org/wiki/Q1421,,,Titus,40-12-30,Rome,81-09-13,Q383071,personnage politique,empereur romain de 79 à 81,,4,33,Q220,Q383071
HansHolbeinLeJeune,http://www.wikidata.org/entity/Q48319,Hans Holbein le Jeune,Hans,Holbein,1497,Augsbourg,1543-11-29,Londres,"artiste,peintre",peintre et graveur allemand (1497–1543),,4,33,Q2749,Q84
Bramantino,http://www.wikidata.org/entity/Q7799,Il Bramantino,Bartolomeo,Suardi,1465,Milan,1536,Milan,"artiste,peintre,architecte",peintre et architecte italien,,4,33,Q490,Q490
JacopoBassano,http://www.wikidata.org/entity/Q346502,Jacopo Bassano,Jacopo,Bassano,1510,BassanoDelGrappa,1592-02-14,BassanoDelGrappa,"artiste,peintre",peintre vénitien,,4,32,Q47094,Q47094
SebastianoDelPiombo,http://www.wikidata.org/entity/Q285423,Sebastiano del Piombo,Sebastiano,Luciani,1485,Venise,1547-06-21,Rome,"artiste,peintre",peintre italien,,4,32,Q641,Q220
AndreaSacchi,http://www.wikidata.org/entity/Q495008,Andrea Sacchi,Andrea,Sacchi,1599-11-30,Q243116,1661-06-21,Rome,"artiste,peintre",peintre italien,,4,32,Q243116,Q220
Isaac,https://www.wikidata.org/wiki/Q671872,,,Isaac,-1851,Q163329,-1533,Q163329,personnage biblique,"personnage de la Bible et du Coran, fils d'Abraham et de Sarah",,4,32,Q163329,Q163329
Asclepios,https://www.wikidata.org/wiki/Q83223,,,Asclepios,,,,,personnage mythologique,dieu gréco-romain de la médecine,,4,32,,
NicolasBachelier,http://www.wikidata.org/entity/Q713209,Nicolas Bachelier,Nicolas,Bachelier,1487,Arras,1556,Toulouse,"artiste,architecte,ingénieur","maître-maçon, ingénieur, architecte, et sculpteur français",,4,31,Q131329,Q7880
PierreMignard,http://www.wikidata.org/entity/Q360010,Pierre Mignard,Pierre,Mignard,1612-11-17,Troyes,1695-05-30,Paris,"artiste,peintre",peintre français (1612-1695),,4,31,Q5489,Q90
Abraham,https://www.wikidata.org/wiki/Q9181,,,Abraham,,Q5373099,,Hebron,personnage biblique,"patriarche et prophète des religions juive, chrétienne et musulmane",,4,31,Q5373099,Q168225
GiovanniGiacomoDellaPorta,http://www.wikidata.org/entity/Q3767365,Giovanni Giacomo Della Porta,Giovanni Giacomo,Della Porta,1485,Q47510,1555,Genes,"artiste,architecte","architect, artist, painter, sculptor",,4,31,Q47510,Q1449
GuillaumePhilandrier,https://www.wikidata.org/wiki/Q3120120,Philander,Guillaume,Philandrier,1505,Q244707,1565-02-18,Toulouse,"artiste,architecte","architecte, écclésiastique et ambassadeur",,4,31,Q244707,Q7880
Theophraste,https://www.wikidata.org/wiki/Q160362,,,Théophraste,-371,Q1018197,-287,Q1524,"philosophe,auteur(e) de textes","philosophe et savant de la Grèce antique, successeur d’Aristote",,4,31,Q1018197,Q1524
LodovicoCarracci,http://www.wikidata.org/entity/Q380553,Lodovico Carracci,Lodovico,Carracci,1555-04,Bologne,1619-11-13,Bologne,"artiste,peintre",peintre italien,,4,31,Q1891,Q1891
Promethee,https://www.wikidata.org/wiki/Q83160,,,Promethee,,,,,personnage mythologique,personnage de la mythologie grecque,,4,30,,
AlessandroFarneseIlGiovane,https://www.wikidata.org/wiki/Q248459,Il Giovane,Alessandro,Farnese,1520-10-07,Q180050,1589-03-04,Rome,personnage politique,"cardinal, humaniste et mécène italien, fils de Pier Luigi",,4,30,Q180050,Q220
NumaPompilius,https://www.wikidata.org/wiki/Q200031,,Numa,Pompilius,-753-04-21,Q2246183,-671,,personnage politique,deuxième roi légendaire de Rome,,4,30,Q2246183,
GiuseppeCesari,http://www.wikidata.org/entity/Q933026,Cavalier d'Arpin,Giuseppe,Cesari,1568-02-14,Arpino,1640-07-03,Rome,"artiste,peintre",peintre italien,,4,30,Q116440,Q220
Trajan,https://www.wikidata.org/wiki/Q1425,,,Trajan,53-09-18,Q658893,0117-08-07,Q1424724,personnage politique,empereur romain de 98 à 117,,4,30,Q658893,Q1424724
Scopas,https://www.wikidata.org/wiki/Q309579,,,Scopas,-395,Paros,-350,,"artiste,architecte,sculpteur",sculpteur grec de l'Antiquité,,4,29,Q201272,
CharlesEmmanuelIer,https://www.wikidata.org/wiki/Q318091,Charles-Emmanuel Ier,Charles-Emmanuel de,Savoie,1562-01-12,Q10231,1630-07-26,Q20489,personnage politique,duc de Savoie,,4,29,Q10231,Q20489
Giambologna,http://www.wikidata.org/entity/Q220136,Giambologna,Jean,Bologne,1529,Q193826,1608-08-13,Florence,"artiste,sculpteur",sculpteur flamand,,4,28,Q193826,Q2044
Caligula,https://www.wikidata.org/wiki/Q1409,,,Caligula,12-08-31,Q16010710,41-01-24,MontPalatin,personnage politique,"troisième empereur romain, de 37 à 41",,4,28,Q16010710,Q200642
Xenophon,https://www.wikidata.org/wiki/Q129772,,,Xénophon,-430,Q13502175,-354,Corinthe,"auteur(e) de textes,philosophe","historien, militaire et philosophe grec",,4,28,Q13502175,Q103011
PirroLigorio,http://www.wikidata.org/entity/Q736090,Pirro Ligorio,Pirro,Ligorio,1513,Naples,1583-10-30,Ferrare,"artiste,architecte",architecte-jardinier italien du maniérisme,,4,28,Q2634,Q13362
GiovanniBaglione,http://www.wikidata.org/entity/Q983332,Giovanni Baglione,Giovanni,Baglione,1566,Rome,1643-12-30,Rome,"artiste,peintre",peintre italien,,4,28,Q220,Q220
Agucchi,http://www.wikidata.org/entity/Q3766546,Giovanni Battista Agucchi,Giovanni Battista,Agucchi,1570-11-20,Bologne,1632-01-01,Q3662869,"personnage du clergé,auteur(e) de textes,mécène","archevêque, collectionneur et théoricien de l'art italien",,4,28,Q1891,Q3662869
Diogene,https://www.wikidata.org/wiki/Q59180,,Diogène de,Sinope,-400,Q107557833,-323,Q1363688,philosophe,philosophe grec de l'Antiquité associé à l'école cynique,,4,28,Q107557833,Q1363688
Anchise,https://www.wikidata.org/wiki/Q211953,,,Anchise,,,,,personnage mythologique,"personnage de la mythologie grecque, père d'Énée",,4,28,,
PietroCavallini,http://www.wikidata.org/entity/Q316009,Pietro Cavallini,Pietro,Cavallini,1240,Rome,1330,Rome,"artiste,peintre",peintre italien,,4,28,Q220,Q220
Isaie,https://www.wikidata.org/wiki/Q188794,,,Isaïe,-766,Q48685,-686,,personnage biblique,personnage biblique,,4,27,Q48685,
PaoloUccello,http://www.wikidata.org/entity/Q192488,Paolo Uccello,Paolo,di Dono di Paolo,1397-06-15,Q52096,1475-12-10,Florence,"artiste,peintre",peintre italien (1397-1475),,4,27,Q52096,Q2044
ValeriusMaximus,https://www.wikidata.org/wiki/Q379991,,,Valerius Maximus,-100,Q1747689,100,,auteur(e) de textes,historien romain,,4,27,Q1747689,
Tobie,,,,Tobie,,,,,personnage biblique,,,2,27,,
LiberaleDaVerona,http://www.wikidata.org/entity/Q1374872,Liberale da Verona,Liberale,da Verona,1445,Verone,1527-08-12,Verone,"artiste,peintre",peintre italien de la Renaissance,,4,26,Q2028,Q2028
Duccio,http://www.wikidata.org/entity/Q15792,Duccio,Duccio,di Buoninsegna,1255,Sienne,1319,Sienne,personnage du clergé,peintre italien des XIIIe et XIVe siècles,,4,26,Q2751,Q2751
PietroTorrigiano,http://www.wikidata.org/entity/Q948332,Pietro Torrigiano,Pietro,di Torrigiano d'Antonio,1472-11-24,Florence,1528,Q8717,"artiste,sculpteur",sculpteur italien,,4,26,Q2044,Q8717
PaulIII,https://www.wikidata.org/wiki/Q133001,Paul III,Alessandro,Farnese,1468-02-29,Q1048669,1549-11-10,Rome,pape,"220e pape de l’Église catholique, de 1534 à 1549",,4,26,Q1048669,Q220
Hadrien,https://www.wikidata.org/wiki/Q1427,,,Hadrien,76-01-24,Q658893,0138-07-10,Baies,personnage politique,empereur romain de la dynastie des Antonins de 117 à 138 (76-138),,4,26,Q658893,Q290097
BindoAltoviti,https://www.wikidata.org/wiki/Q22810427,,Bindo,Altoviti,1491-11-26,Florence,1557-02-22,Rome,"personnage politique,mécène",banquier et mécène italien,,4,25,Q2044,Q220
MariottoAlbertinelli,http://www.wikidata.org/entity/Q436823,Mariotto Albertinelli,Mariotto,di Bigio di Bindo Albertinelli,1474-10-13,Florence,1515-11-05,Florence,"artiste,peintre",peintre italien (1474-1515),,4,25,Q2044,Q2044
HenriII,https://www.wikidata.org/wiki/Q132545,Henri II,,Henri II,1519-03-31,Q1520841,1559-07-10,Q1476769,personnage politique,roi de France de 1547 à 1559,,4,25,Q1520841,Q1476769
LouisXIII,https://www.wikidata.org/wiki/Q737533,Louis XIII,,Louis XIII,1601-09-27,Fontainebleau,1643-05-14,Q185075,personnage politique,roi de France et de Navarre de 1610 à 1643,,4,25,Q182872,Q185075
LaurentDeMedicis,https://www.wikidata.org/wiki/Q177854,Laurent le Magnifique,Laurent de,Médicis,1449-01-01,Florence,1492-04-08,Q913109,personnage politique,homme politique et humaniste italien (1449-1492),,4,25,Q2044,Q913109
SandroBotticelli,http://www.wikidata.org/entity/Q5669,Sandro Botticelli,Alessandro,di Mariano di Vanni Filipepi,1445,Florence,1510-05-17,Florence,"artiste,peintre",peintre italien (1445–1510),,4,25,Q2044,Q2044
BartolomeoBellano,http://www.wikidata.org/entity/Q809488,Bartolomeo Bellano,Bartolomeo,Bellano,1437,Padoue,1496,Padoue,"artiste,architecte,sculpteur",artiste italien,,4,25,Q617,Q617
HennequinDeBruges,http://www.wikidata.org/entity/Q1370613,Jean de Bondol,Hennequin,de Bruges,1340,Bruges,1400,,"artiste,peintre",peintre flamand,,4,25,Q12994,
Icare,https://www.wikidata.org/wiki/Q34041,,,Icare,,,,,personnage mythologique,personnage de la mythologie grecque,,4,25,,
OrazioGentileschi,https://www.wikidata.org/wiki/Q367360,Orazio Gentileschi,Orazio Lomi,Gentileschi,1563-07-19,Pise,1639-02-07,Londres,"artiste,peintre",peintre italien,,4,25,Q13375,Q84
Antigonus,,,,Antigonus,,,,,"personnage politique,militaire",,,2,25,,
CosimoRosselli,http://www.wikidata.org/entity/Q29447,Cosimo Rosselli,Cosimo,di Lorenzo Rosselli,1439,Florence,1507-01-17,Florence,"artiste,peintre",peintre italien,,4,24,Q2044,Q2044
Octavie,https://www.wikidata.org/wiki/Q229483,Octavie la Jeune,Octavia,Thurina,-66,Q72288,-11,Rome,personnage politique,"citoyenne romaine, sœur d'Auguste",,4,24,Q72288,Q220
PomponioVecellio,,,,,,,,,non identifié,owners,,2,24,,
Pericles,https://www.wikidata.org/wiki/Q80398,,,Périclès,-494,Q1524,-429,Q1524,personnage mythologique,"homme d'État, orateur et stratège athénien (vers 495-429 avant JC)",,4,24,Q1524,Q1524
BenvenutoCellini,http://www.wikidata.org/entity/Q190116,Benvenuto Cellini,Benevenuto,Cellini,1500-11-01,Florence,1571-02-13,Florence,"artiste,sculpteur","dessinateur, sculpteur, orfèvre et médailleur italien (1500–1571)",,4,24,Q2044,Q2044
MarsileFicin,https://www.wikidata.org/wiki/Q192374,,Marsile,Ficin,1433-10-19,Q82676,1499-10-01,Q368346,"auteur(e) de textes,philosophe",philosophe néo-platonicien et traducteur italien,,4,24,Q82676,Q368346
SaintAugustin,https://www.wikidata.org/wiki/Q8018,,Augustin d',Hippone,0354-11-13,Q1324444,0430-08-28,Q858024,saint(e),"théologien, philosophe chrétien et évêque d’Afrique du Nord, saint et docteur de l’Église catholique",,4,24,Q1324444,Q858024
Nicodeme,https://www.wikidata.org/wiki/Q295084,,,Nicodème,,Q23792,100,Judee,personnage biblique,personnage du Nouveau Testament,,4,24,Q23792,Q104028
HenriIV,https://www.wikidata.org/wiki/Q936976,dit le Grand,,Henri IV,1553-12-13,Q1480604,1610-05-14,Paris,personnage politique,roi de France et de Navarre,,4,23,Q1480604,Q90
JoachimVonSandrart,http://www.wikidata.org/entity/Q551624,Joachim von Sandrart,Joachim,von Sandrart,1606-05-12,Francfort,1688-10-14,Nuremberg,"artiste,peintre,auteur(e) de textes","peintre , graveur, traducteur et historien de l'art allemand ",,4,23,Q1794,Q2090
Saturne,https://www.wikidata.org/wiki/Q134388,,,Saturne,,,,,personnage mythologique,dieu de la mythologie romaine,,4,23,,
Iphigenie,https://www.wikidata.org/wiki/Q192673,,,Iphigénie,,,,Aulis,personnage mythologique,personnage de la mythologie grecque,,4,23,,Q4821780
Didon,https://www.wikidata.org/wiki/Q905162,,,Didon,,Tyr,,Carthage,personnage mythologique,"princesse phénicienne, fondatrice légendaire de Carthage et sa première reine",,4,23,Q82070,Q6343
Pausanias,https://www.wikidata.org/wiki/Q192931,,,Pausanias,110,Q210718,180,Q4951156,auteur(e) de textes,géographe et voyageur de l'Antiquité,,4,23,Q210718,Q4951156
FrancoisSubletDeNoyers,https://www.wikidata.org/wiki/Q3085865,,François,Sublet de Noyers,1589-05-14,LeMans,1645-10-20,Q634097,"personnage politique,mécène","secrétaire d'État à la guerre, intendant aux armées",,4,23,Q1476,Q634097
Laocoon,https://www.wikidata.org/wiki/Q22878,,,Laocoon,,Troie,,Troie,personnage mythologique,personnage de la mythologie grecque,,4,23,Q22647,Q22647
Eupompe,https://www.wikidata.org/wiki/Q366604,Eupompe,,Eupompe,-450,Sicyone,-400,,"artiste,peintre",Peintre grec,,4,23,Q368628,
MarcusClaudiusMarcellus,https://www.wikidata.org/wiki/Q312306,l'épée de Rome,,Marcus Claudius Marcellus,-270,Q1747689,-208,Q52691,"personnage politique,militaire","consul romain en 222, 215, 214, 210 et 208 av. J.-C.",,4,22,Q1747689,Q52691
Macrobe,https://www.wikidata.org/wiki/Q3842165,Macrobe,Flavius,Macrobius Ambrosius Theodosius,,,0408-08-13,,"auteur(e) de textes,philosophe",Politicien romain,,4,22,,
Romulus,https://www.wikidata.org/wiki/Q2186,,,Romulus,-771,Q335070,-717-07-05,Rome,personnage mythologique,fondateur de Rome,,4,22,Q335070,Q220
DomenicoFontana,http://www.wikidata.org/entity/Q336806,Domenico Fontana,Domenico,Fontana,1543,Q69981,1607-06-28,Naples,"artiste,architecte",architecte italien,,4,22,Q69981,Q2634
Isis,https://www.wikidata.org/wiki/Q79876,,,Isis,,,,,personnage mythologique,déesse protectrice et salvatrice de la mythologie égyptienne,,4,22,,
Danae,https://www.wikidata.org/wiki/Q190582,,,Danaé,,,,,personnage mythologique,"personnage de la mythologie grecque, fille d'Acrisios et d'Eurydice, mère de Persée",,4,22,,
HermesTrismegiste,https://www.wikidata.org/wiki/Q192358,Hermès Trismégiste,Hermès,Trismégiste,,,,,auteur(e) de textes,auteur conventionnel du Corpus Hermeticus,,4,22,,
GerolamoCardano,https://www.wikidata.org/wiki/Q184530,,Gerolamo / Girolamo,Cardano,1501-09-24,Q16231,1576-09-21,Rome,"philosophe,médecin,mathématicien","médecin, mathématicien et philosophe italien",,4,22,Q16231,Q220
RolandFreartDeChambray,http://www.wikidata.org/entity/Q2739285,Roland Fréart de Chambray,Roland,Fréart de Chambray,1606-07-13,LeMans,1676-12-11,LeMans,"artiste,architecte",écrivain français et traducteur de l'italien,,4,22,Q1476,Q1476
Cybele,https://www.wikidata.org/wiki/Q188236,,,Cybèle,,,,,personnage mythologique,divinité d'origine phrygienne,,4,22,,
GentileBellini,http://www.wikidata.org/entity/Q290407,Gentile Bellini,Gentile,Bellini,1429,Venise,1507-02-23,Venise,"artiste,peintre",peintre italien,,4,22,Q641,Q641
PhilippeII,https://www.wikidata.org/wiki/Q34417,Philippe II d'Espagne,Philippe II d',Espagne,1527-05-21,Q11697419,1598-09-13,Q28471,personnage politique,"fils aîné de Charles Quint, roi des Espagnes de 1556 à 1598 (1527-1598)",,4,22,Q11697419,Q28471
Alcibiade,https://www.wikidata.org/wiki/Q187982,,,Alcibiade,-450,Athenes,-404,Phrygie,"personnage politique,militaire",homme politique athénien,,4,21,Q844930,Q32579
AndreFelibien,http://www.wikidata.org/entity/Q518705,André Félibien,André,Félibien,1619-05,Chartres,1695-06-11,Paris,"artiste,architecte",architecte et historiographe français,,4,21,Q130272,Q90
LudovicoSforza,https://www.wikidata.org/wiki/Q236853,"le More, il Moro",Ludovico Maria,Sforza,1452-07-27,Q40832,1508-05-27,Loches,personnage politique,duc de Milan,,4,21,Q40832,Q213349
GiovanniDaUdine,http://www.wikidata.org/entity/Q983350,Giovanni da Udine,Giovanni,Nanni,1487-10-15,Udine,1564,Rome,"artiste,peintre",peintre italien,,4,21,Q2790,Q220
FrancoisIMedicis,https://www.wikidata.org/wiki/Q299675,Francesco Primo,François Ier,Médicis,1541-03-25,Florence,1587-10-17,Q20387,personnage politique,grand-duc de Toscane,,4,21,Q2044,Q20387
Apollodore,https://www.wikidata.org/wiki/Q522080,,,Apollodore,-500,Q122443,-460,,"artiste,peintre",peintre athénien,,4,21,Q122443,
HendrickGoltzius,http://www.wikidata.org/entity/Q165367,Hendrick Goltzius,Hendrick,Goltz,1558-02,Q2769211,1617-01-01,Haarlem,"artiste,peintre,graveur(euse)",peintre et graveur néerlandais (1558–1617),,4,21,Q2769211,Q9920
VanEyck,http://www.wikidata.org/entity/Q102272,Jan van Eyck,Jan,van Eyck,1390,Maaseik,1441-06-09,Bruges,"artiste,peintre",peintre flamand (vers 1390–1441),,4,21,Q110989,Q12994
ArmandJeanDuPlessisDeRichelieu,https://www.wikidata.org/wiki/Q26702,"Richelieu, Cardinal de Richelieu",Armand Jean du,Plessis de Richelieu,1585-09-09,Paris,1642-12-04,Paris,"personnage politique,personnage du clergé",prélat catholique et homme d'État français,,4,21,Q90,Q90
AuluGelle,https://www.wikidata.org/wiki/Q294800,Aulu-Gelle,Aulus,Gellius,130,Rome,180,Rome,"personnage politique,auteur(e) de textes",grammairien et compilateur latin de la Rome antique,,4,20,Q220,Q220
AntonioTempesta,http://www.wikidata.org/entity/Q605447,Antonio Tempesta,Antonio,Tempesta,1555,Florence,1630-08-05,Rome,"artiste,peintre",peintre et graveur italien,,4,20,Q2044,Q220
Candaule,https://www.wikidata.org/wiki/Q434217,,,Candaule,-800,,-760,,personnage mythologique,roi de Lydie,,4,20,,
SebastienBourdon,http://www.wikidata.org/entity/Q553795,Sébastien Bourdon,Sébastien,Bourdon,1616-02-02,Montpellier,1671-05-08,Paris,"artiste,peintre,graveur(euse)",peintre et graveur français (1616-1671),,4,20,Q6441,Q90
Asclepiodore,,,,Asclépiodore,,,,,non identifié,,,2,19,,
Herodote,https://www.wikidata.org/wiki/Q26825,,,Hérodote,-484,Q5843680,-425,Q602564,auteur(e) de textes,historien et géographe grec de l'Antiquité (vers 484-vers 425 av. J.-C.),,4,19,Q5843680,Q602564
VitaleDaBologna,http://www.wikidata.org/entity/Q2575398,Vitale da Bologna,Vitale,da Bologna,1289,Bologne,1359,Bologne,"artiste,peintre",peintre italien,,4,19,Q1891,Q1891
LucaSignorelli,http://www.wikidata.org/entity/Q7031,Luca Signorelli,Luca,d'Egidio di Ventura,1450,Cortone,1523-10-16,Cortone,"artiste,peintre",peintre italien,,4,19,Q52080,Q52080
QuintusEnnius,https://www.wikidata.org/wiki/Q47130,Ennius,Quintus,Ennius,-239-07-16,Q3942250,-169-10-08,Rome,auteur(e) de textes,poète et dramaturge romain,,4,19,Q3942250,Q220
MartinoBassi,http://www.wikidata.org/entity/Q3850232,Martino Bassi,Martino,Bassi,1542,Q40813,1591,Milan,"artiste,architecte",architecte italien,,4,19,Q40813,Q490
JulesMazarin,https://www.wikidata.org/wiki/Q166056,"Mazarin, Cardinal Mazarin",Jules,Mazarin,1602-07-14,Q50122,1661-03-09,Q193819,"personnage du clergé,personnage politique","cardinal catholique, diplomate et principal ministre d'État",,4,19,Q50122,Q193819
LucasVanLeyden,http://www.wikidata.org/entity/Q320980,Lucas van Leyden,Lucas,van Leyden,1494-05,Leyde,1533-05,Leyde,"artiste,peintre",peintre et graveur néerlandais,,4,19,Q43631,Q43631
Porsenna,https://www.wikidata.org/wiki/Q346588,,,Porsenna,-600,,-500,Chiusi,"personnage politique,militaire",dirigeant étrusque de la fin du VIe siècle av. J.-C.,,4,19,,Q91185
Bassano,http://www.wikidata.org/entity/Q20888877,,,Bassano,,,,,"famille,compositeur",famille de musiciens italiens,,4,19,,
JeanBaptisteColbert,https://www.wikidata.org/wiki/Q188971,,Jean-Baptiste,Colbert,1619-08-29,Q41876,1683-09-06,Paris,personnage politique,"homme d'État français, ministre de Louis XIV, contrôleur général des finances",,4,19,Q41876,Q90
Jacob,https://www.wikidata.org/wiki/Q289957,,,Jacob,-1791,Q163329,-1644,Q11768,personnage biblique,personnage de la Bible et du Coran,,4,19,Q163329,Q11768
Pomone,https://www.wikidata.org/wiki/Q171239,,,Pomone,,,,,personnage mythologique,"nymphe romaine d'une remarquable beauté, divinité des fruits",,4,19,,
Rembrandt,http://www.wikidata.org/entity/Q5598,Rembrandt,Rembrandt,Harmenszoon van Rijn,1606-07-15,Leyde,1669-10-04,Amsterdam,"artiste,peintre",peintre et graveur néerlandais (1606–1669),,4,19,Q43631,Q727
LucaCambiaso,http://www.wikidata.org/entity/Q712512,Luca Cambiaso,Luca,Cambiaso,1527-10-18,Q267005,1585-09-06,Q28471,"artiste,peintre",peintre italien,,4,19,Q267005,Q28471
DenysCalvaert,http://www.wikidata.org/entity/Q544264,Denys Calvaert,Denys,Calvaert,1540,Anvers,1619-03-17,Bologne,"artiste,peintre",peintre flamand,,4,18,Q12892,Q1891
Franciabigio,http://www.wikidata.org/entity/Q537712,Franciabigio,Francesco,di Cristofano,1484-01-30,Florence,1525-01-14,Florence,"artiste,peintre",peintre italien,,4,18,Q2044,Q2044
JacopoSansovino,http://www.wikidata.org/entity/Q202267,Jacopo Sansovino,Jacopo,Tatti,1486-07-02,Florence,1570-11-27,Venise,"artiste,architecte,sculpteur",architecte et sculpteur florentin,,4,18,Q2044,Q641
FrancoisPerrier,http://www.wikidata.org/entity/Q82566,François Perrier,François,Perrier,1594,Q214540,1649-11-02,Paris,"artiste,peintre,graveur(euse)",peintre et graveur français (1594-1649),,4,18,Q214540,Q90
SaintAmbroise,https://www.wikidata.org/wiki/Q43689,Saint Ambroise,Ambroise de,Milan,339,Q666165,0397-04-04,Q729978,saint(e),"évêque de Milan, docteur et père de l'Église catholique",,4,18,Q666165,Q729978
Thucydide,https://www.wikidata.org/wiki/Q41683,,,Thucydide,-460,Q13464895,-395,Q1524,"auteur(e) de textes,militaire,personnage politique",stratège et historien athénien,,4,18,Q13464895,Q1524
Tacite,https://www.wikidata.org/wiki/Q2161,,,Tacite,55,Q26897,120,Q2277,"personnage politique,auteur(e) de textes","historien, homme politique et orateur romain",,4,18,Q26897,Q2277
FrancescoFrancia,http://www.wikidata.org/entity/Q260057,Francesco Francia,Francesco,di Marco di Giacomo Raibolini,1447,Bologne,1517-01-05,Bologne,"artiste,peintre","peintre, orfèvre et médailleur italien",,4,18,Q1891,Q1891
Rachel,https://www.wikidata.org/wiki/Q207389,,,Rachel,-1729,,-1685,Q163329,personnage biblique,"personnage biblique, fille de Laban",,4,18,,Q163329
CharlesI,https://www.wikidata.org/wiki/Q81506,,Charles I d',Angleterre,1600-11-19,Q2014458,1649-01-30,Q391620,personnage politique,"roi d'Angleterre, d'Écosse et d'Irlande de 1625 à 1649",,4,18,Q2014458,Q391620
OttoVanVeen,http://www.wikidata.org/entity/Q785355,Otto van Veen,Otto,van Veen,1556,Leyde,1629-05-06,Bruxelles,"artiste,peintre,auteur(e) de textes",peintre flamand,,4,18,Q43631,Q239
MehmedII,https://www.wikidata.org/wiki/Q34503,Mehmed II,,Mehmed II,1432-03-30,Q43387,1481-05-03,Q206116,personnage politique,sultan ottoman de 1444 à 1446 et de 1451 à 1481 connu pour avoir conquis Constantinople,,4,18,Q43387,Q206116
GaiusFabiusPictor,https://www.wikidata.org/wiki/Q731587,,,Gaius Fabius Pictor,-400,Q1747689,,,"artiste,peintre",commanditaire de peintures,,4,18,Q1747689,
Vespasien,https://www.wikidata.org/wiki/Q1419,,,Vespasien,9-11-17,Q927670,79-06-23,Q383071,personnage politique,"neuvième empereur romain de 69 à 79, fondateur de la dynastie des Flaviens",,4,18,Q927670,Q383071
Pacuvius,https://www.wikidata.org/wiki/Q314677,,,Pacuvius,-220-04-29,Brindisi,-130-02-07,Q3981082,auteur(e) de textes,dramaturge et poète tragique romain (219-129 av. J-C),,4,18,Q13496,Q3981082
Petrarque,http://www.wikidata.org/entity/Q1401,Pétrarque,Francesco,Petracca,1304-07-20,Arezzo,1374-07-19,Q34638,auteur(e) de textes,poète et humaniste florentin,,4,18,Q13378,Q34638
FredericIIMantoue,https://www.wikidata.org/wiki/Q932200,Frédéric II de Mantoue,Frederic II,Mantoue,1500-05-17,Mantoue,1540-08-28,Q766501,personnage politique,Duc de Mantoue (1500-1540),,4,18,Q6247,Q766501
Phaeton,https://www.wikidata.org/wiki/Q203480,,,Phaéton,,,,,personnage mythologique,"personnage de la mythologie grecque, fils d'Hélios foudroyé par Zeus",,4,17,,
CatonUtique,https://www.wikidata.org/wiki/Q193506,Caton le Jeune,,Caton d'Utique,-95,Q1747689,-46-04-12,Utique,personnage politique,homme politique romain,,4,17,Q1747689,Q166523
GiovanniJacopoCaraglio,http://www.wikidata.org/entity/Q705640,Giovanni Jacopo Caraglio,Giovanni Jacopo,Caraglio,1500,Verone,1565-08-26,Parme,"artiste,graveur(euse)",graveur italien (1500–1565),,4,17,Q2028,Q2683
Brunelleschi,http://www.wikidata.org/entity/Q174330,Filippo Brunelleschi,Filippo,di Ser Brunellesco Lippi,1377,Florence,1446-04-15,Florence,"artiste,architecte,sculpteur","peintre, sculpteur, ouvrier et architecte de l'école florentine (1377-1446)",,4,17,Q2044,Q2044
VincenzoFoppa,http://www.wikidata.org/entity/Q222923,Vincenzo Foppa,Vincenzo,Foppa,1400,Q103462,1515,Brescia,"artiste,peintre",peintre italien,,4,17,Q103462,Q6221
Vitellion,https://www.wikidata.org/wiki/Q710858,Vitellion,Erazmus Ciolek,Witelo,1230,,1275,Q2820751,"personnage du clergé,auteur(e) de textes","Frère prémontré, commentateur d'Alhazen et pionnier de l'optique instrumentale",,4,17,,Q2820751
PhilibertDelorme,http://www.wikidata.org/entity/Q440053,Philibert Delorme,Philibert,Delorme,1514,Lyon,1570-01-08,Paris,"artiste,architecte",architecte français de la Renaissance.,,4,17,Q456,Q90
ProsperoFontana,http://www.wikidata.org/entity/Q460751,Prosper Fontana,Prosper,Fontana,1512,Bologne,1597,Rome,"artiste,peintre",peintre italien,,4,17,Q1891,Q220
AlexandreSevere,https://www.wikidata.org/wiki/Q1769,,Alexandre,Sévère,0208-10-01,Q2637191,0235-03-19,Q571790,personnage politique,empereur romain de 222 à 235,,4,17,Q2637191,Q571790
Metrodore,https://www.wikidata.org/wiki/Q721095,,Metrodore d',Athènes,,,,,"artiste,peintre,philosophe",peintre et philosophe antique,,4,17,,
AmbrogioLorenzetti,http://www.wikidata.org/entity/Q211562,Ambrogio Lorenzetti,Ambrogio,Lorenzetti,1290,Sienne,1348-06-09,Sienne,"artiste,peintre",peintre italien,,4,17,Q2751,Q2751
BernardoZenale,http://www.wikidata.org/entity/Q742607,Bernardo Zenale,Bernardo,Zenale,1450,Q101685,1526-02-10,Milan,"artiste,peintre",peintre italien,,4,17,Q101685,Q490
Nicomede,,Roi de Nicomedie,,Nicomède Ier (?),,,,,non identifié,,,2,17,,
AlbrechtDurerElder,http://www.wikidata.org/entity/Q535910,Albrecht Dürer l'Ancien,Albrecht,Dürer,1427,Q554803,1502,Nuremberg,artiste,artiste allemand,,4,17,Q554803,Q2090
SimoneMartini,http://www.wikidata.org/entity/Q221043,Simone Martini,Simone,Martini,1284,Sienne,1344-08-01,Avignon,"artiste,peintre",peintre italien,,4,17,Q2751,Q6397
SaintMichel,https://www.wikidata.org/wiki/Q45581,Saint Michel,,Saint Michel,,,,,saint(e),"archange dans le judaïsme, le christianisme et l'islam",,4,16,,
PietroAretino,http://www.wikidata.org/entity/Q296272,L'Arétin,Pietro,Aretino,1492-04,Arezzo,1556-10-21,Venise,auteur(e) de textes,écrivain et dramaturge italien,,4,16,Q13378,Q641
RoisMages,https://www.wikidata.org/wiki/Q51671,,,Rois Mages,,,,,personnage biblique,personnages dans l'Évangile selon Matthieu,,4,16,,
LaviniaFontana,http://www.wikidata.org/entity/Q236050,Lavinia Fontana,Lavinia,Fontana,1552-08-24,Bologne,1614-08-11,Rome,"artiste,peintre",peintre italienne (1552–1614),,4,16,Q1891,Q220
MartinFreminet,http://www.wikidata.org/entity/Q347902,Martin Fréminet,Martin,Fréminet,1567-09-29,Paris,1619-06-18,Paris,"artiste,peintre",peintre français,,4,16,Q90,Q90
PhilippeIV,https://www.wikidata.org/wiki/Q691402,Philippe IV d'Espagne,Philippe IV d',Espagne,1605-04-08,Q2534168,1665-09-17,Q120227728,personnage politique,roi espagnol de la maison de Habsbourg (1605-1665),,4,16,Q2534168,Q120227728
PietroLorenzetti,http://www.wikidata.org/entity/Q309635,Pietro Lorenzetti,Pietro,Lorenzetti,1280,Sienne,1348,Sienne,"artiste,peintre",peinture italien,,4,16,Q2751,Q2751
Fauno,https://www.wikidata.org/wiki/Q223194,,,Fauno,,,,,personnage mythologique,créature légendaire de la mythologie romaine,,4,16,,
Pisanello,http://www.wikidata.org/entity/Q311082,Pisanello,Antonio,di Puccio Pisano,1395,Pise,1455,Rome,"artiste,peintre",peintre et médailleur italien (1395–1455),,4,16,Q13375,Q220
Alcamene,https://www.wikidata.org/wiki/Q505640,,,Alcamène,-500,Lemnos,-400,,"artiste,sculpteur",sculpteur grec du Ve siècle av. J-C,,4,16,Q192483,
TaddeoZuccaro,http://www.wikidata.org/entity/Q434058,Tadeo Zuccaro,Tadeo,Zuccari,1529-09-01,SantAngeloInVado,1566-09-02,Rome,"artiste,peintre",peintre italien,,4,16,Q493800,Q220
PaulBril,http://www.wikidata.org/entity/Q540753,Paul Bril,Paul,Bril,1554,Anvers,1626-10-07,Rome,"artiste,peintre",peintre et graveur flamand (c. 1553-1626),,4,16,Q12892,Q220
Bularque,,,,Bularque,,,,,non identifié,,,2,16,,
Jonas,https://www.wikidata.org/wiki/Q2468262,,,Jonas,-823,Q5527338,-720,Ninive,personnage biblique,prophète biblique et coranique,,4,16,Q5527338,Q5680
Beatrice,https://www.wikidata.org/wiki/Q232913,,Beatrice,Portinari,1266,Florence,1290,Florence,"personnage littéraire,personnage historique,muse",noble florentine de la famille Portinari ; personnage de nombreuses œuvres de Dante Alighieri,,4,15,Q2044,Q2044
Ezechiel,https://www.wikidata.org/wiki/Q194064,,,Ezéchiel,-621,Jerusalem,-571,Babylone,personnage biblique,personnage biblique,,4,15,Q1218,Q5684
PaulEmileMacedonien,https://www.wikidata.org/wiki/Q298168,Lucius Aemilius Paullus Macedonicus,Lucius Aemilius,Paullus,-228,Q1747689,-160,Q1747689,"personnage politique,militaire",consul romain en 182 et en 169 av. J.-C.,,4,15,Q1747689,Q1747689
SixteIV,https://www.wikidata.org/wiki/Q163514,Sixte IV,Francesco della,Rovere,1414-07-21,Q270613,1484-08-12,Rome,pape,"212e pape de l’Église catholique, de 1471 à 1484",,4,15,Q270613,Q220
BaldoCattani,,,,,,,,,non identifié,italian author,,2,15,,
Belus,https://www.wikidata.org/wiki/Q617753,,,Belus,,,,,personnage mythologique,"personnage de la mythologie grecque, fils de Poséidon et de Lybie",,4,15,,
Pygmalion,https://www.wikidata.org/wiki/Q192343,,,Pygmalion,,,,,personnage mythologique,"personnage de la mythologie grecque, sculpteur et roi de Chypre",,4,15,,
FrancescoSquarcione,http://www.wikidata.org/entity/Q380537,Francesco Squarcione ,Francesco,Squarcione,1397,Padoue,1468,Padoue,"artiste,peintre",peintre italien,,4,15,Q617,Q617
PaulEmile,https://www.wikidata.org/wiki/Q432244,,Paul,Emile,,Q1747689,-216-08-02,Q568611,"personnage politique,militaire",consul romain en 219 et en 216 av. J.-C.,,4,15,Q1747689,Q568611
CherubinoAlberti,http://www.wikidata.org/entity/Q2553402,Le Borghegiano,Cherubino,Alberti,1553-02-24,Sansepolcro,1615-10-18,Rome,"artiste,graveur(euse),peintre",peintre et graveur italien (1553-1615),,4,15,Q52098,Q220
ClaudePerrault,http://www.wikidata.org/entity/Q347699,Charles Perrault,Charles,Perrault,1613-09-25,Paris,1688-10-09,Paris,"artiste,architecte,auteur(e) de textes,médecin","médecin et architecte français, concepteur de la façade orientale du palais du Louvre",,4,15,Q90,Q90
AntoninLePieux,https://www.wikidata.org/wiki/Q1429,,Antonin,Le Pieux,86-09-19,Q2832670,0161-03-07,Q1444690,personnage politique,empereur romain de 138 à 161,,4,15,Q2832670,Q1444690
CesareNebbia,http://www.wikidata.org/entity/Q503575,,Cesare,Nebbia,1536,Orvieto,1614,,"artiste,peintre",peintre italien,,4,15,Q541,
Apulee,https://www.wikidata.org/wiki/Q170512,Apulée,,Lucius Apuleius,125,Q11936307,170,Q23670612,"auteur(e) de textes,philosophe",écrivain et philosophe romain,,4,15,Q11936307,Q23670612
InnocentVIII,https://www.wikidata.org/wiki/Q161351,Innocent VIII,Giovanni Battista,Cybo,1432,Genes,1492-07-25,Rome,pape,"213e pape de l’Église catholique, de 1484 à 1492",,4,15,Q1449,Q220
PomponioGaurico,http://www.wikidata.org/entity/Q205847,,Pomponio,Gaurico,1481,Q80961,1530,Q6737,"artiste,sculpteur",sculpteur italien,,4,15,Q80961,Q6737
TommasoLaureti,http://www.wikidata.org/entity/Q357886,,Tommaso,Laureti,1530,Palerme,1602-09-22,Rome,"artiste,peintre",peintre italien,,4,15,Q2656,Q220
PubliusValeriusPublicola,https://www.wikidata.org/wiki/Q318726,Publius Valerius Publicola,Publius,Valerius Publicola,-600,,-503,Rome,personnage politique,consul romain à cinq reprises entre 509 et 504 av. J.-C.,,4,15,,Q220
JanusDeTroie,,,Janus de,Troie,,,,,non identifié,,,2,15,,
MarcoPino,http://www.wikidata.org/entity/Q979474,,Marco,Pino,1521,Q98833872,1583,Naples,"artiste,peintre",peintre italien,,4,15,Q98833872,Q2634
Commode,https://www.wikidata.org/wiki/Q1434,,,Commode,0161-08-31,Q2832670,0192-12-31,Rome,personnage politique,empereur romain de 180 à 192,,4,15,Q2832670,Q220
LuciusMummius,https://www.wikidata.org/wiki/Q445455,Lucius Mummius Achaicus,Lucius,Mummius,-193,,-140,,personnage politique,consul romain en 146 av. J.-C.,,4,15,,
Caradosso,http://www.wikidata.org/entity/Q744092,Caradosso,Cristoforo,Foppa,1452,Q43046,1527,Rome,"artiste,sculpteur,graveur(euse)","sculpteur, graveur et orfèvre italien (1452-1527)",,4,14,Q43046,Q220
Pontormo,http://www.wikidata.org/entity/Q207929,Pontormo,Jacopo,Carucci,1494-05-24,Q6697,1556-12-31,Florence,"artiste,peintre",peintre italien,,4,14,Q6697,Q2044
Euripide,https://www.wikidata.org/wiki/Q48305,,,Euripide,-480,Q202422,-406,Pella,auteur(e) de textes,auteur grec classique,,4,14,Q202422,Q213679
PhilippeDeChampaigne,http://www.wikidata.org/entity/Q314814,,Philippe de,Champaigne,1602-05-26,Bruxelles,1674-08-12,Paris,"artiste,peintre",peintre français (1602–1674),,4,14,Q239,Q90
PietroBembo,http://www.wikidata.org/entity/Q334188,,Pietro,Bembo,1470-05-20,Venise,1547-01-19,Rome,personnage du clergé,cardinal de l'Église catholique romaine,,4,14,Q641,Q220
Valentin,http://www.wikidata.org/entity/Q1337275,Le Valentin,Valentin de,Boulogne,1591-01-03,Q251731,1632-08-19,Rome,"artiste,peintre",peintre français (1591-1632),,4,14,Q251731,Q220
CarloBorromeo,https://www.wikidata.org/wiki/Q216946,,Carlo,Borromeo,1538-10-02,Q22052,1584-11-03,Milan,personnage du clergé,"évêque italien du XVIe siècle, cardinal de l'Église, saint",,4,14,Q22052,Q490
SaintAntoine,https://www.wikidata.org/wiki/Q170547,Saint Antoine,,Saint Antoine,251,Q22935700,0356-01-17,ThebesEgypte,saint(e),moine considéré comme le père du monachisme chrétien,,4,14,Q22935700,Q101583
Celesti,,,,Celesti,,,,,non identifié,,,2,14,,
DomenicoBeccafumi,http://www.wikidata.org/entity/Q455712,,Domenico,Beccafumi,1484,Q91142,1551-05-18,Sienne,"artiste,peintre,sculpteur",peintre et sculpteur italien,,4,14,Q91142,Q2751
FraFilippoLippi,http://www.wikidata.org/entity/Q205148,Fra Filippo Lippi,Filippo,Lippi,1406,Florence,1469-10-08,Spoleto,"artiste,peintre",peintre italien,,4,14,Q2044,Q20571
LorenzoGhiberti,http://www.wikidata.org/entity/Q208125,,Lorenzo,Ghiberti,1378,Florence,1455-12-01,Florence,"artiste,peintre,sculpteur","architecte, orfèvre et sculpteur italien",,4,14,Q2044,Q2044
CarelVanMander,http://www.wikidata.org/entity/Q206173,Karel van Mander I,Carel,van Mander,1548-05,Meulebeke,1606-09-11,Amsterdam,"artiste,peintre,auteur(e) de textes",peintre et écrivain flamand,,4,14,Q822783,Q727
CornelisCort,http://www.wikidata.org/entity/Q167220,,Cornelis,Cort,1533,Q9938,1578-03,Rome,"artiste,peintre,graveur(euse)",artiste néerlandais,,4,14,Q9938,Q220
MarieDeMedicis,https://www.wikidata.org/wiki/Q182021,Marie de Médicis,Marie de,Médicis,1575-04-26,Florence,1642-07-03,Cologne,personnage politique,reine consort de France et de Navarre ; régente de France,,4,14,Q2044,Q365
IsabelleClaireEugenieDAutriche,https://www.wikidata.org/wiki/Q158256,InfanteIsabelle,"Isabelle Claire Eugenie, D'",Autriche,1566-10-12,Q15684,1633-12-01,Bruxelles,personnage politique,femme politique espagnole,,4,14,Q15684,Q239
NicolasV,https://www.wikidata.org/wiki/Q134588,Nicolas V,Tommaso,Parentucelli,1397-11-15,Q160628,1455-03-24,Rome,pape,"208e pape de l’Église catholique, de 1447 à 1455",,4,14,Q160628,Q220
SaintJeanBaptiste,https://www.wikidata.org/wiki/Q40662,Jean le Bapstiste,,Saint Jean-Baptiste,-6,Q1022487,30,Q1549278,saint(e),cousin de Jésus et prophète selon les Évangiles,,4,14,Q1022487,Q1549278
GiovanniBattistiArmenini,http://www.wikidata.org/entity/Q5563697,,Giovanni Battista,Armenini,1530,Faenza,1609-05-13,Faenza,auteur(e) de textes,historien de l'art et théoricien italien,,4,14,Q52981,Q52981
Meleagre,https://www.wikidata.org/wiki/Q321541,,,Méléagre,,,,,personnage mythologique,personnage de la mythologie grecque,,4,14,,
Zoroastre,https://www.wikidata.org/wiki/Q35811,Zoroastre,,Zoroastre,,,,,auteur(e) de textes,prophète et fondateur du zoroastrisme (entre 1500 av. J.-C. et 550 av. J.-C.),,4,13,,
ArmandJeanVignerotDuPlessis,https://www.wikidata.org/wiki/Q2861881,Duc de Richelieu,Armand-Jean de,Vignerot du Plessis,1629-10-03,Q42810,1715-05-20,Paris,"personnage politique,militaire",militaire français,,4,13,Q42810,Q90
Totila,https://www.wikidata.org/wiki/Q159707,,,Totila,510,Trevise,552,Q20457,personnage politique,roi des Ostrogoths de 541 à 552,,4,13,Q5475,Q20457
IgnazioDanti,https://www.wikidata.org/wiki/Q948226,,Ignazio,Danti,1536-04-30,Perugia,1586-10-19,Alatri,"mathématicien,auteur(e) de textes","moine dominicain, mathématicien, astronome et cosmographe italien",,4,13,Q3437,Q18400
Flore,https://www.wikidata.org/wiki/Q209644,,,Flore,,,,,personnage mythologique,déesse de la prospérité dans la mythologie romaine,,4,13,,
GiovanniGiocondo,https://www.wikidata.org/wiki/Q5585,,Giovanni,Giocondo,1543,Q69981,1607-06-28,Naples,"artiste,architecte",architecte italien,,4,13,Q69981,Q2634
Cleanthe,https://www.wikidata.org/wiki/Q11914067,,,Cléanthe,,,,,médecin,médecin antique,,4,13,,
EustacheLeSueur,http://www.wikidata.org/entity/Q1378723,,Eustache,Le Sueur,1616-11-19,Paris,1655-04-30,Paris,"artiste,peintre",peintre français,,4,13,Q90,Q90
AndreaDelCastagno,http://www.wikidata.org/entity/Q240737,Andrea del Castagno,Andrea,di Bartolo di Bargilla,1420,Q82833,1457-08-19,Florence,"artiste,peintre",peintre italien,,4,13,Q82833,Q2044
RinaldoMantovano,http://www.wikidata.org/entity/Q3432160,,Rinaldo,Mantovano,1501,Mantoue,1600,,"artiste,peintre",peintre italien,,4,13,Q6247,
MarcAurele,https://www.wikidata.org/wiki/Q1430,,,Marc Aurèle,0121-04-26,Rome,0180-03-17,Q871525,"personnage politique,philosophe",empereur romain de 161 à 180 et philosophe stoïcien,,4,13,Q220,Q871525
Minos,https://www.wikidata.org/wiki/Q23168,,,Minos,,,,,personnage mythologique,roi légendaire de Crète,,4,13,,
Demetrios,,,,Demetrios,,,,,,,,2,13,,
JosephVarin,http://www.wikidata.org/entity/Q51282754,,Joseph,Varin,1740,ChalonsenChampagne,1800,Paris,"artiste,graveur(euse)",graveur,,4,13,Q47135,Q90
LudovicoMazzolino,http://www.wikidata.org/entity/Q1351631,,Ludovico,Mazzolino,1480,Ferrare,1528,Ferrare,"artiste,peintre",peintre italien,,4,13,Q13362,Q13362
SainteCatherine,https://www.wikidata.org/wiki/Q179718,,Catherine d',Alexandrie,287,Alexandrie,305,Alexandrie,saint(e),"sainte chrétienne, mégalomartyre, patronne des écoles de filles et des élèves de philosophie",,4,13,Q87,Q87
Cleophante,https://www.wikidata.org/wiki/Q11914094,,Cléophante de,Corinthe,-1400,,-1400,,"artiste,peintre",peintre antique,,4,13,,
RodolpheII,https://www.wikidata.org/wiki/Q150586,,Rodolphe II de,Habsbourg,1552-07-18,Vienne,1612-01-20,Prague,personnage politique,"empereur du Saint-Empire, de 1576 à 1612",,4,13,Q1741,Q1085
Hasdrubal,https://www.wikidata.org/wiki/Q311702,,,Hasdrubal,-245,Carthage,-207,Q653678,"personnage politique,militaire","militaire carthaginois, 2e fils de Hamilcar Barca et frère de Hannibal et Magon Barca",,4,13,Q6343,Q653678
Charon,https://www.wikidata.org/wiki/Q6612,,,Charon,,,,,auteur(e) de textes,"divinité grecque, passeur des Enfers",,4,13,,
FamianoNardini,https://www.wikidata.org/wiki/Q3064854,,Famiano,Nardini,1600,Q160253,1661,Rome,auteur(e) de textes,archéologue italien,,4,12,Q160253,Q220
ClaudeLorrain,http://www.wikidata.org/entity/Q214074,,Claude,Lorrain,1600,Q205859,1682-11-23,Rome,"artiste,peintre,graveur(euse)",peintre et graveur lorrain (1600-1682),,4,12,Q205859,Q220
PieroDaVinci,https://www.wikidata.org/wiki/Q371916,Pierre de Vinci,Piero da,Vinci,1426,,1504-07-09,,non identifié,père de Léonard de Vinci,,2,12,,
Tityos,https://www.wikidata.org/wiki/Q656887,,,Tityos,,,,,personnage mythologique,Géant de la mythologie grecque,,4,12,,
VincenzoScamozzi,http://www.wikidata.org/entity/Q309733,,Vincenzo,Scamozzi,1548-09-02,Vicence,1616-08-07,Venise,"artiste,architecte",architecte,,4,12,Q6537,Q641
CarloCesareMalvasia,https://www.wikidata.org/wiki/Q1160847,,Carlo Cesare,Malvasia,1616-12-18,Bologne,1693-03-10,Bologne,auteur(e) de textes,historien de l'art italien,,4,12,Q1891,Q1891
BernardoDoviziDaBibbiena,https://www.wikidata.org/wiki/Q823002,,Bernardo,Dovizi da Bibbiena,1470-08-04,Q52066,1520-11-09,Rome,personnage du clergé,prélat catholique,,4,12,Q52066,Q220
GiovanniAlfonsoBorelli,https://www.wikidata.org/wiki/Q311814,,Giovanni Alfonso,Borelli,1608-01-28,Naples,1679-12-31,Rome,"mathématicien,philosophe",physicien italien,,4,12,Q2634,Q220
Telephane,https://www.wikidata.org/wiki/Q20101912,,,Telephane,,,,,"artiste,peintre",peintre antique,,4,12,,
UrbainVIII,https://www.wikidata.org/wiki/Q131579,Urbain VIII,Maffeo,Barberini,1568-04-05,Florence,1644-07-29,Rome,pape,"235e pape de l’Église catholique, de 1623 à 1644",,4,12,Q2044,Q220
Buschetto,http://www.wikidata.org/entity/Q97516526,,,Buschetto,,,1110,,"artiste,architecte","architecte italien, XIe siècle - XIIe siècle",,4,12,,
Campaspe,https://www.wikidata.org/wiki/Q432787,,,Campaspe,-400,Larissa,-360,,"personnage mythologique,muse",maîtresse d'Alexandre le Grand,,4,12,Q178405,
AgostinoVeneziano,http://www.wikidata.org/entity/Q2623716,Agostino Veneziano,Agostino di,Musi,1490,Venise,1540,Rome,"artiste,graveur(euse)",graveur italien,,4,12,Q641,Q220
LambertLombard,http://www.wikidata.org/entity/Q983189,,Lambert,Lombard,1505,Liege,1566-08,Liege,"artiste,peintre",peintre liégeois,,4,12,Q3992,Q3992
BartholomaeusSpranger,http://www.wikidata.org/entity/Q447682,,Bartholomeus,Spranger,1546-03-21,Anvers,1611-08,Prague,"artiste,peintre",peintre flamand,,4,12,Q12892,Q1085
EdouardFarnese,https://www.wikidata.org/wiki/Q2542756,,Édouard,Farnese,1573-12-08,Rome,1626-02-21,Parme,personnage du clergé,cardinal italien,,4,12,Q220,Q2683
Gyges,https://www.wikidata.org/wiki/Q312537,,,Gygès,,,-652,Sardes,personnage politique,roi de Lydie,,4,12,,Q232615
EusebeDeCesaree,https://www.wikidata.org/wiki/Q142999,,Eusèbe de,Césarée,265,Q319242,340,Q319242,"personnage du clergé,auteur(e) de textes",évêque et auteur chrétien des IIIe-IVe siècles,,4,12,Q319242,Q319242
Zenodore,https://www.wikidata.org/wiki/Q3576497,,,Zénodore,,,,,"artiste,sculpteur",sculpteur antique,,4,12,,
JeanMartin,http://www.wikidata.org/entity/Q2482957,,Jean,Martin,1507,Paris,1553,,auteur(e) de textes,humaniste et traducteur français (v. 1507-1553),,4,12,Q90,
Epicure,https://www.wikidata.org/wiki/Q43216,,,Epicure,-342,Q13580795,-270,Q1524,"auteur(e) de textes,philosophe","philosophe grec, fondateur de l'épicurisme",,4,12,Q13580795,Q1524
AngeGabriel,https://www.wikidata.org/wiki/Q81989,,,L'Ange Gabriel,,,,,personnage biblique,"ange mentionné dans la Bible et le Coran, principal messager de Dieu",,4,12,,
Ajax,,Ajax,,Ajax le grand ? le petit ?,,,,,,,,2,12,,
PyrrhusI,https://www.wikidata.org/wiki/Q172353,Pyrrhus Ier,,Pyrrhus Ier,-318,Q11266977,-272,Q13533353,personnage politique,roi d'Épire,,4,12,Q11266977,Q13533353
LudovicoAriosto,http://www.wikidata.org/entity/Q48900,L'Arioste,Ludovico,Ariosto,1474-09-08,Q13360,1533-07-06,Ferrare,auteur(e) de textes,poète italien de la Renaissance,,4,12,Q13360,Q13362
Maxence,https://www.wikidata.org/wiki/Q182070,Empereur,,Maxence,278,Rome,0312-10-28,Q1127325,personnage politique,empereur romain de 306 à 312,,4,12,Q220,Q1127325
DomenicoVeneziano,http://www.wikidata.org/entity/Q368546,Domenico Veneziano,Domenico,di Bartolomeo,1410,Venise,1461-05-15,Florence,"artiste,peintre",peintre italien,,4,12,Q641,Q2044
ValentinienI,https://www.wikidata.org/wiki/Q46720,Valentinien Ier,Flavius,Valentinianus,0321-07-03,Q221495,0375-11-17,Q383902,personnage politique,empereur romain de 364 à 375,,4,12,Q221495,Q383902
Eole,https://www.wikidata.org/wiki/Q172549,,,Éole,,,,,personnage mythologique,"personnage de la mythologie grecque, fils d'Hippotès et maître des vents",,4,11,,
Quirinus,https://www.wikidata.org/wiki/Q320333,,,Quirinus,,,,,personnage mythologique,"ancien dieu romain, faisant partie avec Jupiter et Mars de la triade précapitoline",,4,11,,
JosephDArimathie,https://www.wikidata.org/wiki/Q271474,,Joseph d’,Arimathie,100,Q2558868,100,,personnage biblique,personnage du Nouveau Testament,,4,11,Q2558868,
Xenocrate,https://www.wikidata.org/wiki/Q214121,,,Xénocrate,-396,Q337381,-314,Q1524,"auteur(e) de textes,philosophe",philosophe antique,,4,11,Q337381,Q1524
AgnoloDiVentura,http://www.wikidata.org/entity/Q374428,Agnolo da Siena,Agnolo di,Ventura,1290,Sienne,1349,,"artiste,sculpteur,architecte",architecte et sculpteur italien,,4,11,Q2751,
MaertenDeVos,http://www.wikidata.org/entity/Q555022,,Maerten de,Vos,1532,Anvers,1603-12-04,Anvers,"artiste,peintre",peintre et dessinateur flamand,,4,11,Q12892,Q12892
EverhardJabach,https://www.wikidata.org/wiki/Q103934,,Everhard,Jabach,1618-07-10,Cologne,1695-03-06,Paris,mécène,banquier français d'origine allemande,,4,11,Q365,Q90
Charlemagne,https://www.wikidata.org/wiki/Q3044,Charlemagne,,Charlemagne,0748-04-02,Q146246,0814-01-28,AixLaChapelle,personnage politique,empereur d'Occident et roi des Francs,,4,11,Q146246,Q1017
FerdinandII,https://www.wikidata.org/wiki/Q12860,,,Ferdinand II,1452-03-10,Q29345592,1516-01-23,Q43114927,personnage politique,monarque,,4,11,Q29345592,Q43114927
FrancescoBarberini,https://www.wikidata.org/wiki/Q534683,,Francesco,Barberini,1597-09-23,Florence,1679-12-10,Rome,personnage du clergé,cardinal italien (1597-1679),,4,11,Q2044,Q220
Esope,https://www.wikidata.org/wiki/Q43423,,,Esope,-620,Q1317936,-564,Delphes,auteur(e) de textes,fabuliste grec de l'Antiquité,,4,11,Q1317936,Q75459
CristoforoRoncalli,http://www.wikidata.org/entity/Q1091136,il Pomarancio,Cristoforo,Roncalli,1552-09-08,Pomarance,1626-05-14,Rome,"artiste,peintre",peintre italien,,4,11,Q103201,Q220
JacquesStella,http://www.wikidata.org/entity/Q605799,,Jacques,Stella,1596,Lyon,1657-04-29,Paris,"artiste,peintre,graveur(euse)",peintre et graveur français,,4,11,Q456,Q90
CallirrhoeDeSicyone,https://www.wikidata.org/wiki/Q16937338,Kora de Sicyone,Callirrhoéde,Sicyone,,Sicyone,,,"personnage mythologique,artiste",fille du sculpteur Boutadès,,4,11,Q368628,
JacopoPalmaIlGiovane,http://www.wikidata.org/entity/Q651795,Palma il Giovane,Jacopo,di Antonio Negretti,1550,Venise,1628-10-17,Venise,"artiste,peintre",peintre italien,,4,11,Q641,Q641
SforzaMoroni,,,Sforza,Moroni,,,,,non identifié,,,2,11,,
AlphonseIEste,https://www.wikidata.org/wiki/Q188346,Alphonse I,,Este,1476-07-21,Ferrare,1534-10-31,Ferrare,"personnage politique,mécène","duc de Ferrare, Modène et de Reggio",,4,11,Q13362,Q13362
MasoFiniguerra,http://www.wikidata.org/entity/Q630165,,Maso,Finiguerra,1426,Florence,1464-08-23,Florence,"artiste,graveur(euse)",graveur italien (1426-1494),,4,11,Q2044,Q2044
AntonelloDeMessine,http://www.wikidata.org/entity/Q5594,,Antonello de,Messine,1430,Messine,1479-02,Venise,"artiste,peintre",peintre italien de la Renaissance (1430–1479),,4,11,Q13666,Q641
JacopoPalmaIlVecchio,http://www.wikidata.org/entity/Q9342,Palma il Vecchio,Jacomo,Nigretti de Lavalle,1480,Q101580,1528-07-30,Venise,"artiste,peintre",peintre italien,,4,11,Q101580,Q641
LeonIIIIsaurien,https://www.wikidata.org/wiki/Q31755,Léon III l'Isaurien,,Léon III,675,Q134703,0741-06-18,Constantinople,personnage politique,empereur byzantin de 717 à 741,,4,11,Q134703,Q16869
Domitien,https://www.wikidata.org/wiki/Q1423,,,Domitien,51-10-24,Rome,96-09-18,Rome,personnage politique,empereur romain de 81 à 96,,4,10,Q220,Q220
Atalante,https://www.wikidata.org/wiki/Q190323,,,Atalante,,,,,personnage mythologique,"personnage de la mythologie grecque, argonaute",,4,10,,
SebetoDaVerona,https://www.wikidata.org/wiki/Q23586325,,Sebeto da,Verona,1301,,,,"artiste,peintre",peintre italien,,4,10,,
AndreaDoria,https://www.wikidata.org/wiki/Q156521,Il Principe Doria,Andrea,Doria,1466-11-30,Q2119652,1560-11-25,Genes,"militaire,personnage politique",Amiral génois,,4,10,Q2119652,Q1449
Cresus,https://www.wikidata.org/wiki/Q184462,,,Crésus,-596,,,Sardes,"personnage mythologique,personnage politique",roi de Lydie et dernier souverain de la dynastie des Mermnades (vers 596-Vers 546 av. J.-C.),,4,10,,Q232615
FraBartolomeo,http://www.wikidata.org/entity/Q7780,Fra Bartolomeo,Baccio della,Porta,1472-03-28,Q13377,1517-10-31,Florence,"artiste,peintre",peintre italien,,4,10,Q13377,Q2044
JacopoBellini,http://www.wikidata.org/entity/Q313310,,Jacopo,Bellini,1400,Venise,1470,Venise,"artiste,peintre",peintre vénitien du XVe siècle,,4,10,Q641,Q641
EugeneIV,https://www.wikidata.org/wiki/Q167561,Eugene IV,Gabriele,Condulmer,1383,Venise,1447-02-23,Rome,pape,"207e pape de l'Église catholique, de 1431 à 1447",,4,10,Q641,Q220
Irene,https://www.wikidata.org/wiki/Q450528,Eirene,,Irene,-200,,,,"artiste,peintre",peintre grecque antique,,4,10,,
AegidiusSadeler,,,,,,,,,,"print publishers, art dealers, artist, publishers, engraver, dealers, draftsman",,2,10,,
GeorgeVilliers,https://www.wikidata.org/wiki/Q313817,Duc de Buckingham,George,Villiers,1592-08-28,Q23106,1628-08-23,Q72259,personnage politique,"politicien britannique, 1er duc de Buckingham",,4,10,Q23106,Q72259
Sarapis,https://www.wikidata.org/wiki/Q214554,Sérapis,,Sarapis,,,,,personnage mythologique,divinité gréco-égyptienne syncrétique créée à l'époque hellénistique par Ptolémée Ier,,4,10,,
CasparNetscher,http://www.wikidata.org/entity/Q217715,,Casper,Netscher,1639,Heidelberg,1684-01-15,LaHaye,"artiste,peintre",peintre hollandais,,4,10,Q2966,Q36600
Dejanire,https://www.wikidata.org/wiki/Q272000,,,Déjanire,,,,,personnage mythologique,"personnage de la mythologie grecque, épouse d'Héraclès",,4,10,,
HerodeI,https://www.wikidata.org/wiki/Q51672,Hérode Ier le Grand,,Herode,-74,Q208475,-4,Q5687,personnage politique,roi de Judée,,4,10,Q208475,Q5687
Judith,https://www.wikidata.org/wiki/Q26454627,,,Judith,,,,,personnage biblique,personnage biblique du Livre de Judith,,4,10,,
MarcusPorciusCato,https://www.wikidata.org/wiki/Q180081,Caton l'Ancien,Marcus Porcius,Cato,-234,Q754314,-149,Rome,"personnage politique,auteur(e) de textes","homme politique et écrivain romain, consul en 195 av. J.-C.",,4,10,Q754314,Q220
MarcelloVenusti,http://www.wikidata.org/entity/Q2716659,,Marcello,Venusti,1513,Q39081,1579-10-15,Rome,"artiste,peintre",peintre italien,,4,10,Q39081,Q220
Nembrot,https://www.wikidata.org/wiki/Q201861,,,Nembrot,-1751,,-1638,,personnage biblique,"personnage biblique du livre de la Genèse, fils de Cush, qui est le père des Ethiopiens",,4,10,,
PieroDellaFrancesca,http://www.wikidata.org/entity/Q5822,Piero della Francesca,Piero,di Benedetto de Franceschi,1415,Sansepolcro,1492-10-12,Sansepolcro,"artiste,peintre,mathématicien",artiste peintre et mathématicien italien,,4,10,Q52098,Q52098
Theodose,https://www.wikidata.org/wiki/Q46696,,,Theodose,0347-01-11,Q649612,0395-01-17,Milan,personnage politique,empereur romain de 379 à 395,,4,10,Q649612,Q490
ApolloniosdePerga,https://www.wikidata.org/wiki/Q180109,,Apollonios de,Perga,-262,Q719815,-190,Alexandrie,mathématicien,"géomètre et astronome de la Grèce antique, connu pour ses traités sur les sections coniques",,4,10,Q719815,Q87
Aquilon,https://www.wikidata.org/wiki/Q2859290,,,Aquilon,,,,,personnage mythologique,"Dieu romain des vents du Nord, froids et violents",,4,10,,
AlessandroBonvicino,http://www.wikidata.org/entity/Q954504,Moretto da Brescia,Alessandro,Bonvicino,1498,Brescia,1554,Q111639,"artiste,peintre",peintre italien,,4,10,Q6221,Q111639
NicolasTournier,http://www.wikidata.org/entity/Q2631153,,Nicolas,Tournier,1590-07-12,Q154715,1639-01,Toulouse,"artiste,peintre",peintre français,,4,10,Q154715,Q7880
NabuchodonosorII,https://www.wikidata.org/wiki/Q12591,,,Nabuchodonosor II,-642,Q168518,-561,Babylone,personnage politique,roi de Babylone entre 604 av. J.-C. et 562 av. J.-C.,,4,10,Q168518,Q5684
PhilippeIIMacedoine,https://www.wikidata.org/wiki/Q130650,Philippe II de Macedoine,Philippe II de,Macédoine,-385,,-336,Q16963755,personnage politique,"roi de Macédoine, père d'Alexandre le Grand",,4,10,,Q16963755
ChristineDeSuede,https://www.wikidata.org/wiki/Q52937,Christine de Suede,Christine de,Suède,1626-12-07,Q1754,1689-04-09,Rome,personnage politique,reine de Suède de 1632 à 1654,,4,10,Q1754,Q220
Osiris,https://www.wikidata.org/wiki/Q46491,,,Osiris,,,,,personnage mythologique,ancien dieu égyptien,,4,10,,
Laban,https://www.wikidata.org/wiki/Q840401,,,Laban,,,,,personnage biblique,personnage de la Bible,,4,10,,
Penelope,https://www.wikidata.org/wiki/Q165769,,,Pénélope,,,,,personnage mythologique,personnage de la mythologie grecque,,4,10,,
FrancoisMarieDellaRovere,https://www.wikidata.org/wiki/Q555015,,François-Marie Ier della,Rovere,1490-03-22,Q124925,1538-10-20,Pesaro,personnage politique,condottiere italien,,4,10,Q124925,Q13134
QuintenMetsys,http://www.wikidata.org/entity/Q314275,,Quentin,Metsys,1466,Louvain,1530-09-14,Anvers,"artiste,peintre",peintre flamand (1466-1530),,4,10,Q118958,Q12892
AdamElsheimer,http://www.wikidata.org/entity/Q310285,,Adam,Elsheimer,1578-03-18,Francfort,1610-12-11,Rome,"artiste,peintre",peintre allemand,,4,9,Q1794,Q220
Discordia,https://www.wikidata.org/wiki/Q3030152,Eris (en grec),,Discordia,,,,,personnage mythologique,Déesse romaine,,4,9,,
Columelle,https://www.wikidata.org/wiki/Q318317,,,Columelle,4,Cadix,70,Tarente,auteur(e) de textes,agronome romain,,4,9,Q15682,Q13498
Lucrece,https://www.wikidata.org/wiki/Q229432,,,Lucrèce,-600,,-509,Rome,"personnage mythologique,personnage politique",femme romaine dont le viol conduit à la fin de la monarchie romaine,,4,9,,Q220
CharlesIX,https://www.wikidata.org/wiki/Q134309,Charles IX,Charles-Maximilien,de France,1550-06-27,Q185075,1574-05-30,Q193819,personnage politique,roi de France de 1560 à 1574,,4,9,Q185075,Q193819
AndreaGritti,https://www.wikidata.org/wiki/Q345506,Doge Gritti,,Gritti,1455-04-17,Q46870,1538-12-28,Venise,personnage politique,77e doge de Venise,,4,9,Q46870,Q641
ToussaintDubreuil,http://www.wikidata.org/entity/Q386127,,Toussaint,Dubreuil,1561,Paris,1602-11-22,Paris,"artiste,peintre",peintre français,,4,9,Q90,Q90
PieroDiCosimo,http://www.wikidata.org/entity/Q280851,Piero di Cosimo,Pietro,di Lorenzo di Chimenti,1462-01-02,Florence,1522-04-12,Florence,"artiste,peintre",peintre italien,,4,9,Q2044,Q2044
CharlesIIILorraine,https://www.wikidata.org/wiki/Q505040,Charles III de Lorraine,Charles III de,Lorraine,1543-02-18,Nancy,1608-05-14,Nancy,personnage politique,duc de Lorraine et de Bar,,4,9,Q40898,Q40898
Heliogabale,https://www.wikidata.org/wiki/Q1762,Bassien,,Héliogabale,0203-03-20,Rome,0222-03-11,Rome,personnage politique,empereur romain de 218 à 222,,4,9,Q220,Q220
Silene,https://www.wikidata.org/wiki/Q464091,,,Silène,,,,,personnage mythologique,divinité de la mythologie grecque,,4,9,,
Timomaque,https://www.wikidata.org/wiki/Q7806922,,,Timomaque,,Byzance,-100,,"artiste,peintre","peintre antique, contemporain de Jules César",,4,9,Q23725,
Simandio,,,,Simandio,,,,,non identifié,,,2,9,,
Tantale,https://www.wikidata.org/wiki/Q182101,,,Tantale,,,,,personnage mythologique,"héros de la mythologie grecque, fils de Zeus",,4,9,,
RafaelleBorghini,,,Rafaelle,Borghini,,,,,non identifié,,,2,9,,
PietroTesta,http://www.wikidata.org/entity/Q2155480,il Lucchesino,Pietro,Testa,1611,Lucques,1650,Rome,"artiste,peintre,graveur(euse)",peintre et graveur italien,,4,9,Q13373,Q220
HannibalBarca,https://www.wikidata.org/wiki/Q36456,,Hannibal,Barca,-247,Carthage,-183,Q206116,personnage politique,général et homme d'État carthaginois,,4,9,Q6343,Q206116
VincenzoSeregni,http://www.wikidata.org/entity/Q4013515,,Vincenzo,Seregni,1504,Q40813,1594,Milan,"artiste,architecte",architecte italien[,,4,9,Q40813,Q490
Antinous,https://www.wikidata.org/wiki/Q171876,,,Antinoüs,111,Q200951,130-10,Nil,muse,favori et amant de l'empereur romain Hadrien (vers 111-vers 130),,4,9,Q200951,Q3392
SaintEtienne,https://www.wikidata.org/wiki/Q161775,,,Saint Etienne,1,Grece,36,Jerusalem,saint(e),martyr chrétien,,4,9,Q41,Q1218
ClementVIII,https://www.wikidata.org/wiki/Q170395,Clément VIII,Ippolito,Aldobrandini,1536-02-24,Fano,1605-03-03,Rome,pape,"231e pape de l'Église catholique, de 1592 à 1605",,4,9,Q13142,Q220
Solinus,https://www.wikidata.org/wiki/Q520487,Gaius Julius Solinus,Gaius Julius,Solinus,300,Italie,,Rome,auteur(e) de textes,grammairien et compilateur d'expression latine,,4,9,Q38,Q220
FraAngelico,http://www.wikidata.org/entity/Q5664,Fra Angelico,Guido di,Pietro,1390,Q82880,1455-02-18,Rome,"artiste,peintre",peintre italien dominicain du XVe siècle,,4,9,Q82880,Q220
Tertullien,https://www.wikidata.org/wiki/Q174929,,,Tertullien,160,Q23670612,240,Q23670612,auteur(e) de textes,théologien chrétien d'Afrique du nord,,4,9,Q23670612,Q23670612
Timarete,https://www.wikidata.org/wiki/Q537797,,,Timarete,-420,Athenes,-400,Q1524,"artiste,peintre",Femme-peintre de la Grèce antique,,4,9,Q844930,Q1524
LodovicoDomenichi,https://www.wikidata.org/wiki/Q3257803,,Lodovico,Domenichi,1515,Plaisance,1564-08-29,Pise,auteur(e) de textes,écrivain italien de la Renaissance,,4,9,Q13329,Q13375
GiuseppeArcimboldo,http://www.wikidata.org/entity/Q7751,,Giuseppe,Arcimboldo,1527,Milan,1593-07-11,Milan,"artiste,peintre",peintre Maniériste italien (1527–1593),,4,8,Q490,Q490
AlexandreFarnese,https://www.wikidata.org/wiki/Q312903,,Alexandre,Farnese,1545-08-27,Rome,1592-12-03,Arras,personnage politique,"duc de Parme et Plaisance, duc de Castro, homme de gouvernement et militaire au service de l'Espagne",,4,8,Q220,Q131329
Polynice,https://www.wikidata.org/wiki/Q334817,Polinice,,Polynice,,,,,personnage mythologique,personnage de la mythologie grecque,,4,8,,
AndreaTafiDiRico,,,,,,,,,,"artist, mosaicists, painter",,2,8,,
FrancoisDuJon,https://www.wikidata.org/wiki/Q2951068,Fransz ou Franciscus Junius,François du,Jon,1591-01-29,Heidelberg,1677-11-19,Windsor,"auteur(e) de textes,personnage du clergé","Pasteur protestant, érudit et philologue",,4,8,Q2966,Q464955
JacobBunel,http://www.wikidata.org/entity/Q6118432,,Jacob,Bunel,1558-10-06,Blois,1614-10-14,Paris,"artiste,peintre",peintre,,4,8,Q160927,Q90
FedericoBorromeo,https://www.wikidata.org/wiki/Q469171,,Federico,Borromeo,1564-08-18,Milan,1631-09-21,Milan,personnage du clergé,cardinal de l'Église catholique romaine,,4,8,Q490,Q490
MartinV,https://www.wikidata.org/wiki/Q169612,Martin V,Odo,Colonna,1369,Q242675,1431-02-20,Rome,pape,"206e pape de l'Église catholique, de 1417 à 1431",,4,8,Q242675,Q220
GuidobaldoIMontefeltro,https://www.wikidata.org/wiki/Q969797,,Guidobaldo Ier de,Montefeltro,1472-01-17,Gubbio,1508-04-10,Q190646,personnage politique,comte de Montefeltro et le troisième duc d'Urbino,,4,8,Q20458,Q190646
Agar,https://www.wikidata.org/wiki/Q214617,,,Agar,-2000,Q11768,-2000,,personnage biblique,"servante de Sarah, la femme d'Abraham dans l'Ancien Testament",,4,8,Q11768,
RaphaelTrichetDuFresne,https://www.wikidata.org/wiki/Q19754092,Rafaelle du Fresne,Raphaël,Trichet du Fresne,1611-04-27,Bordeaux,1661-06-04,Paris,auteur(e) de textes,érudit français,,4,8,Q1479,Q90
Justinien,https://www.wikidata.org/wiki/Q41866,Justinien Ier,,Justinien,0482-05-11,Q119611049,0565-11-14,Constantinople,personnage politique,empereur byzantin de 527 à 565,,4,8,Q119611049,Q16869
Eumarus,https://www.wikidata.org/wiki/Q9256152,,,Eumarus,,,,,"artiste,peintre",peintre antique,,4,8,,
PaoloRomano,http://www.wikidata.org/entity/Q2469612,Paolo Romano,Paolo,Tacconi,1445,Q128206,1470,Rome,"artiste,sculpteur",sculpteur et orfèvre italien,,4,8,Q128206,Q220
LorenzoMonaco,https://www.wikidata.org/wiki/Q155376,,Lorenzo,Monaco,1370,Sienne,1425,Florence,"artiste,peintre",peintre italien,,4,8,Q2751,Q2044
GiovambattistaRicasoli,https://www.wikidata.org/wiki/Q68910321,,Giovambattista,Ricasoli,,,1572-02-23,Pistoia,personnage du clergé,évêque catholique,,4,8,,Q13376
JanGossaert,http://www.wikidata.org/entity/Q346952,Jan Mabuse,Jan,Gossaert,1478,Maubeuge,1532-10-01,Anvers,"artiste,peintre,graveur(euse)","peintre, dessinateur et graveur originaire de l'ancien comté de Hainaut (Pays-Bas bourguignons) (1478–1532)",,4,8,Q138648,Q12892
JacquesBlanchard,http://www.wikidata.org/entity/Q385845,,Jacques,Blanchard,1600-10-01,Paris,1638-11-10,Paris,"artiste,peintre,graveur(euse)",peintre et graveur français (1600-1638),,4,8,Q90,Q90
GherardoStarnina,http://www.wikidata.org/entity/Q2254774,,Gherardo,Starnina,1354,Florence,1413,Florence,"artiste,peintre",peintre italien,,4,8,Q2044,Q2044
TarquinAncien,https://www.wikidata.org/wiki/Q212671,Tarquin l'Ancien,Lucius Tarquinius,Priscus,-700,Q21580466,-578,Rome,personnage politique,cinquième roi de Rome,,4,8,Q21580466,Q220
RaymondLafage,http://www.wikidata.org/entity/Q3420968,,Raymond,Lafage,1656-10-01,Q687797,1684-11-04,Lyon,"artiste,graveur(euse)",dessinateur et graveur français,,4,8,Q687797,Q456
Panainos,https://www.wikidata.org/wiki/Q715817,"Panaeus, Pénée",,Panainos,-450,,-500,,"artiste,peintre",peintre antique,,4,8,,
Anfione,https://www.wikidata.org/wiki/Q3616665,,Amphion de,Cnossos,-450,Cnossos,-500,,"artiste,sculpteur",sculpteur de la Grèce antique,,4,8,Q173527,
UgoDaCarpi,http://www.wikidata.org/entity/Q1967967,,Ugo da,Carpi,1480,Carpi,1523-07-20,Rome,"artiste,peintre,graveur(euse)",graveur et peintre italien,,4,8,Q100041,Q220
FrancescoMelzi,http://www.wikidata.org/entity/Q469379,,Francesco,Melzi,1492,Milan,1570,Q42612,"artiste,peintre",peintre italien,,4,8,Q490,Q42612
CimonDeCleones,https://www.wikidata.org/wiki/Q5120160,,Cimon de,Cléones,-550,Corinthe,-500,,"artiste,peintre",peintre antique,,4,8,Q103011,
Thesee,https://www.wikidata.org/wiki/Q1320718,,,Thésée,,,,,personnage mythologique,personnage de la mythologie grecque,,4,8,,
BlaiseDeVigenere,https://www.wikidata.org/wiki/Q262880,,Blaise de,Vigenère,1523-04-05,Q321486,1596-02-19,Paris,personnage politique,diplomate français du XVIe siècle,,4,8,Q321486,Q90
Janus,https://www.wikidata.org/wiki/Q167685,,,Janus,,,,,personnage mythologique,divinité romaine,,4,8,,
Appien,https://www.wikidata.org/wiki/Q190368,,,Appien,95,Alexandrie,165,Rome,auteur(e) de textes,historien grec de l'époque romaine,,4,8,Q87,Q220
Proserpine,https://www.wikidata.org/wiki/Q14515330,,,Proserpine,,,,,personnage mythologique,divinité de la mythologie romaine,,4,8,,
LorenzoCosta,http://www.wikidata.org/entity/Q357807,Lorenzo Costa le Vieux,Lorenzo,Costa,1460,Ferrare,1535-03-05,Mantoue,"artiste,peintre",peintre italien (1460–1535),,4,8,Q13362,Q6247
ConstanceII,https://www.wikidata.org/wiki/Q46418,,,Constance II,0317-08-07,Q833060,0361-11-03,Cilicie,personnage politique,empereur romain de 337 à 361,,4,8,Q833060,Q620864
BattistaFranco,http://www.wikidata.org/entity/Q976786,Battista Franco,Giovanni Battista,Franco,1510,Venise,1561,Venise,"artiste,peintre,graveur(euse)",peintre et graveur italien (c. 1510 - 1561),,4,8,Q641,Q641
HenriIII,https://www.wikidata.org/wiki/Q53448,Henri III,,Henri III,1551-09-19,Q201428,1589-08-02,Q662491,personnage politique,roi de France de 1574 à 1589,,4,8,Q201428,Q662491
PieIV,https://www.wikidata.org/wiki/Q161983,Pie IV,Giovanni Angelo,Medici,1499-03-31,Milan,1565-12-09,Rome,pape,"224e pape de l’Église catholique, de 1559 à 1565",,4,8,Q490,Q220
Erasmus,https://www.wikidata.org/wiki/Q43499,,Erasme de,Rotterdam,1466-10-28,Q34370,1536-07-12,Basel,auteur(e) de textes,écrivain humaniste et théologien néerlandais,,4,8,Q34370,Q78
FrancescoBassano,http://www.wikidata.org/entity/Q705079,Francesco Bassano le Jeune,Francesco Giambattista da,Ponte,1549-01-07,BassanoDelGrappa,1592-07-04,Venise,"artiste,peintre",peintre italien,,4,8,Q47094,Q641
TaddeoTaddei,https://www.wikidata.org/wiki/Q930159,,Taddeo,Taddei,1470,Florence,1529,,mécène,mécène et humaniste italien,,4,8,Q2044,
Thetis,https://www.wikidata.org/wiki/Q184437,,,Thetis,,,,,personnage mythologique,Néréide,,4,8,,
FrancescoDelGiocondo,https://www.wikidata.org/wiki/Q1395822,,Francesco,Del Giocondo,1460,Florence,1542,Florence,personnage historique,marchand florentin,,4,8,Q2044,Q2044
SixteV,https://www.wikidata.org/wiki/Q133350,Sixte V,Felice,Peretti di Montalto,1521-12-13,Q56071,1590-08-27,Rome,pape,"227e pape de l'Église catholique, de 1585 à 1590",,4,8,Q56071,Q220
ManiusValeriusMaximusCorvinusMessalla,https://www.wikidata.org/wiki/Q715220,,Manius Valerius Maximus,Messalla Corvinus,-0300-00-00,Q1747689,-300,,personnage politique,consul romain,,4,8,Q1747689,
MaximilienI,https://www.wikidata.org/wiki/Q150726,Maximilien I,,Maximilien Ier,1459-03-22,Q131612,1519-01-12,Q178582,personnage politique,"empereur du Saint-Empire, archiduc d'Autriche",,4,8,Q131612,Q178582
LeoneLeoni,http://www.wikidata.org/entity/Q722092,Leone Aretino,Leone,Leoni,1509,Q47425,1590-07-22,Milan,"artiste,sculpteur",sculpteur maniériste italien,,4,8,Q47425,Q490
Sadeler,http://www.wikidata.org/entity/Q12050805,,,Sadeler,,,,,"artiste,graveur(euse),famille",famille de graveurs flamands,,4,8,,
FrancescoSforza,https://www.wikidata.org/wiki/Q310536,,Francesco,Sforza,1401-07-23,Q103244,1466-03-08,Milan,"personnage politique,militaire","chef de guerre italien, devenu duc de Milan (1401-1466)",,4,7,Q103244,Q490
CyrusII,https://www.wikidata.org/wiki/Q8423,,,Cyrus II,-600,Q569107,-530,Q483159,personnage politique,fondateur de l’Empire perse,,4,7,Q569107,Q483159
BenoitIX,https://www.wikidata.org/wiki/Q178799,Benoit IX,Théophylacte de,Tusculum,,Rome,1055,Grottaferrata,pape,pape de l’Église catholique romaine,,4,7,Q220,Q242703
HerculeIIEste,https://www.wikidata.org/wiki/Q1348702,Hercule II,Hercule II d',Este,1508-04-05,Ferrare,1559-10-03,Ferrare,personnage politique,"duc de Ferrare, de Modène et de Reggio d'Emilie",,4,7,Q13362,Q13362
CamilloBoccaccino,http://www.wikidata.org/entity/Q1029340,,Camilo,Boccaccino,1505,Cremone,1546,Cremone,"artiste,peintre",peintre italien,,4,7,Q6231,Q6231
FrancoisDuQuesnoy,http://www.wikidata.org/entity/Q960381,,François du,Quesnoy,1597-01-12,Bruxelles,1643-07-12,Livourne,"artiste,sculpteur",sculpteur flamand,,4,7,Q239,Q6761
TaddeoGaddi,http://www.wikidata.org/entity/Q315835,,Taddeo,Gaddi,1300,Florence,1366,Florence,"artiste,peintre",peintre italien,,4,7,Q2044,Q2044
Archite,,,,Archite,,,,,non identifié,,,2,7,,
FrancoisII,https://www.wikidata.org/wiki/Q132548,François II,,François II,1544-01-19,Fontainebleau,1560-12-05,Orleans,personnage politique,roi de France de 1559 à 1560,,4,7,Q182872,Q6548
AbrahamBloemaert,http://www.wikidata.org/entity/Q329811,,Abraham,Bloemaert,1564-12-25,Gorinchem,1651-01-27,Utrecht,"artiste,peintre,graveur(euse)",peintre et graveur néerlandais (1564–1651),,4,7,Q244327,Q803
Germanicus,https://www.wikidata.org/wiki/Q191039,,,Germanicus,-15-05-24,Rome,19-10-10,Antioche,personnage politique,homme politique et général romain,,4,7,Q220,Q200441
AntonioCarracci,http://www.wikidata.org/entity/Q2624075,,Antonio,Caracci,1583,Venise,1618-04-08,Rome,"artiste,peintre",peintre français,,4,7,Q641,Q220
PieII,https://www.wikidata.org/wiki/Q101437,Pie II,Enea Silvio,Piccolomini,1405-10-18,Q91341,1464-08-14,Ancone,pape,"210e pape de l'Église catholique, de 1458 à 1464",,4,7,Q91341,Q3415
JulienDeMedicis,https://www.wikidata.org/wiki/Q333340,,Julien de,Médicis,1479-03-12,Florence,1516-03-17,Florence,personnage politique,"noble italien, troisième fils de Laurent dit Le Magnifique",,4,7,Q2044,Q2044
DossoDossi,http://www.wikidata.org/entity/Q356777,Dosso Dossi,Giovanni,di Niccolò de Lutero,1480,Q100065,1542-08,Ferrare,"artiste,peintre",peintre italien,,4,7,Q100065,Q13362
RogerDePiles,http://www.wikidata.org/entity/Q941981,,Roger de,Piles,1635-10-07,Q213294,1709-04-05,Paris,"artiste,peintre,graveur(euse),auteur(e) de textes,personnage politique","peintre, graveur, théoricien de l'art et diplomate français",,4,7,Q213294,Q90
Claude,https://www.wikidata.org/wiki/Q1411,,Tiberius Claudius,Drusus,-10-08-01,Q665,54-10-13,Rome,personnage politique,quatrième empereur romain de 41 à 54,,4,7,Q665,Q220
Lorenzetto,http://www.wikidata.org/entity/Q1363951,Lorenzo Lotti,Lorenzo,di Lodovico di Guglielmo ,1490-06-23,Florence,1541,Rome,"artiste,architecte,sculpteur","orfèvre, sculpteur et architecte florentin",,4,7,Q2044,Q220
PallaRucellai,,,Palla,Rucellai,,,,,non identifié,,,2,7,,
JeanChalette,http://www.wikidata.org/entity/Q3171196,,Jean,Chalette,1581-12-27,Troyes,1644-10-02,Toulouse,"artiste,peintre",peintre français,,4,7,Q5489,Q7880
GiambattistaCastaldo,https://www.wikidata.org/wiki/Q126895,,Giambattista,Castaldo,1493,Q3877645,1563-01-06,Milan,personnage politique,condottière italien,,4,7,Q3877645,Q490
FlavioBiondo,https://www.wikidata.org/wiki/Q434834,,Flavio,Biondo,1388,Q13367,1463-06-04,Rome,auteur(e) de textes,"historien, archéologue et humaniste italien",,4,7,Q13367,Q220
PieV,https://www.wikidata.org/wiki/Q131945,Pie V,Antonio,Ghislieri,1504-01-17,Q17283,1572-05-01,Rome,pape,"225e pape de l'Église catholique, de 1566 à 1572",,4,7,Q17283,Q220
MarcoDente,http://www.wikidata.org/entity/Q712750,Marco da Ravenna,Marco,Dente,1493,Ravenna,1527,Rome,"artiste,graveur(euse)",graveur italien (vers 1493 - 1527),,4,7,Q13364,Q220
Pinturicchio,http://www.wikidata.org/entity/Q5591,Pinturicchio,Bernardino di,Betto,1454,Perugia,1513-12-11,Sienne,"artiste,peintre",peintre italien du (1454-1513),,4,7,Q3437,Q2751
SistoBadalocchio,http://www.wikidata.org/entity/Q729057,Rosa Sisto,Sisto,Badalocchio,1585-06-28,Parme,1647,Parme,"artiste,peintre,graveur(euse)",peintre et graveur italien (1585-1647),,4,7,Q2683,Q2683
FrancescoVillamena,http://www.wikidata.org/entity/Q516452,,Francesco,Villamena,1566,Assise,1624-07-07,Rome,"artiste,graveur(euse)",graveur italien,,4,7,Q20103,Q220
GuillaumeMarcillat,http://www.wikidata.org/entity/Q1364424,,Guillaume,Marcillat,1470,Q213313,1529,Arezzo,"artiste,peintre",peintre français,,4,7,Q213313,Q13378
ArtemiseI,https://www.wikidata.org/wiki/Q232128,,,Artémise Iere,-500,Q5843680,-500,Ephese,personnage politique,satrape d'Halicarnasse,,4,7,Q5843680,Q47611
IsaacVossius,https://www.wikidata.org/wiki/Q3112766,,Isaac,Vossius (Voss),1618,Leyde,1689-02-21,Windsor,auteur(e) de textes,érudit et bibliophile néerlandais,,4,7,Q43631,Q464955
SethBible,https://www.wikidata.org/wiki/Q107626,,,Seth,-3874,,-2958,,personnage biblique,personnage biblique,,4,7,,
Nicias,https://www.wikidata.org/wiki/Q2583871,,,Nicias,-500,Q1524,-400,Q1524,"artiste,peintre",peintre athénien,,4,7,Q1524,Q1524
Andromede,https://www.wikidata.org/wiki/Q161582,,,Andromède,,,,,personnage mythologique,personnage de la mythologie grecque,,4,7,,
Origene,https://www.wikidata.org/wiki/Q170472,,,Origène,185,Alexandrie,254,Q319242,"personnage du clergé,auteur(e) de textes","théologien, exégète et prêtre du christianisme antique",,4,7,Q87,Q319242
Inachos,https://www.wikidata.org/wiki/Q735623,connu aussi sous le nom de Inachus,,Inachos,,,,,personnage mythologique,"personnage de la mythologie grecque, fils d'Océan et de Téthys",,4,7,,
GiovanniSanti,http://www.wikidata.org/entity/Q860949,Giovanni Santi,Giovanni,di Sante di Pietro,,Q190584,1494-08-01,Q2759,"artiste,peintre",peintre italien,,4,7,Q190584,Q2759
ConstantinV,https://www.wikidata.org/wiki/Q41635,,,Constantin V,718,Constantinople,0775-09-14,,personnage politique,empereur byzantin de 741 à 775,,4,7,Q16869,
VincentIdeMantoue,https://www.wikidata.org/wiki/Q452580,,Vincent Ier de,Mantoue,1562-09-21,Mantoue,1612-02-09,Mantoue,"personnage politique,mécène",duc de Mantoue et de Montferrat,,4,7,Q6247,Q6247
MarcusAemiliusScaurus,https://www.wikidata.org/wiki/Q365148,,Marcus,Æmilius Scaurus,-162,,-88,,personnage politique,consul romain en 115 av. J.-C.,,4,7,,
FerdinandI,https://www.wikidata.org/wiki/Q150611,Ferdinand Ier,Ferdinand Ier de,Habsbourg,1503-03-10,Q46940,1564-07-25,Vienne,personnage politique,empereur du Saint Empire et roi de Hongrie,,4,7,Q46940,Q1741
Midas,https://www.wikidata.org/wiki/Q308398,,,Midas,,,,Q542854,personnage mythologique,roi de Phrygie et personnage de la mythologie gréco-romaine,,4,7,,Q542854
LazareDeConstantinople,https://www.wikidata.org/wiki/Q2567661,Lazare de Constantinople,Lazare de,Constantinople,810,EmpireOrient,867,Q501817,personnage du clergé,personne ecclésiastique arménienne,,4,7,Q12544,Q501817
AntonioDaSangalloIlGiovane,http://www.wikidata.org/entity/Q357276,Antonio da Sangallo le Jeune,Antonio,Cordiani,1484-04-12,Florence,1546-08-03,Q8621,"artiste,architecte",architecte italien,,4,7,Q2044,Q8621
Priam,https://www.wikidata.org/wiki/Q170473,,,Priam,,,,Troie,personnage mythologique,"personnage de la mythologie grecque, dernier roi de Troie",,4,7,,Q22647
Hesiode,https://www.wikidata.org/wiki/Q44233,Esiodo (it),,Hésiode,-776,Q679305,,Q936920,auteur(e) de textes,poète grec des VIII-VIIe s. av. J.-C.,,4,7,Q679305,Q936920
Soliman,https://www.wikidata.org/wiki/Q8474,"Soliman le Magnifique, Soliman Ier",,Soliman,1494-11-06,Q45301,1566-09-06,Q373542,personnage politique,sultan ottoman et calife de 1520 à 1566,,4,7,Q45301,Q373542
AlessandroCaimo,,,Alessandro,Caimo,,,,,non identifié,,,2,7,,
Boree,https://www.wikidata.org/wiki/Q109220,,,Borée,,,,,personnage mythologique,personnification du vent du nord dans la mythologie grecque,,4,7,,
Pluton,https://www.wikidata.org/wiki/Q152262,,,Pluton,,,,,personnage mythologique,divinité de la mythologie romaine,,4,7,,
JusepeDeRibera,http://www.wikidata.org/entity/Q297838,lo Spagnoletto,Jusepe de,Ribera,1591-01-12,Q738013,1652-09-03,Naples,"artiste,peintre",peintre espagnol,,4,7,Q738013,Q2634
Empedocle,https://www.wikidata.org/wiki/Q83375,,,Empédocle,-494,Q3607380,-434,Q16990,"philosophe,médecin,ingénieur","philosophe, ingénieur et médecin grec",,4,7,Q3607380,Q16990
TorquatoTasso,https://www.wikidata.org/wiki/Q168962,,Torquato,Tasso,1544-03-11,Q72672,1595-04-25,Rome,auteur(e) de textes,poète italien,,4,7,Q72672,Q220
GiovanniSalviati,https://www.wikidata.org/wiki/Q2254728,,Giovanni,Salviati,1490-03-24,Florence,1553-10-28,Ravenna,personnage du clergé,prélat catholique,,4,7,Q2044,Q13364
Loth,https://www.wikidata.org/wiki/Q40574,,,Loth,,,,,personnage biblique,personnage biblique,,4,7,,
SamuelMarolois,https://www.wikidata.org/wiki/Q3261976,,Samuel,Marolois,1572,Q163795,1627,LaHaye,"auteur(e) de textes,architecte,mathématicien,ingénieur","mathématicien et ingénieur militaire hollandais, ingénieur des fortifications des Provinces-Unies",,4,7,Q163795,Q36600
EdouardColbertVillacerf,https://www.wikidata.org/wiki/Q3579778,,Edouard,Colbert,1628,,1699-10-17,Paris,personnage politique,administrateur du gouvernement de Louis XIV,,4,7,,Q90
FlaviusJosephe,https://www.wikidata.org/wiki/Q134461,,Flavius,Josephe,37,Jerusalem,100,Rome,auteur(e) de textes,historien judéen de langue grecque,,4,7,Q1218,Q220
AndreaAlciato,https://www.wikidata.org/wiki/Q464471,,Andrea,Alciato,1492-05-08,Milan,1550-01-12,Pavie,auteur(e) de textes,jurisconsulte italien,,4,7,Q490,Q6259
Amphion,https://www.wikidata.org/wiki/Q242835,,,Amphion,,,,,personnage mythologique,"personnage de la mythologie grecque, fils de Zeus",,4,7,,
Agesilaos,,,,Agésilaos,,,,,non identifié,,,2,7,,
LaurentDeLaHyre,http://www.wikidata.org/entity/Q59894,,Laurent de,La Hyre,1606-02-27,Paris,1656-12-28,Paris,"artiste,peintre,graveur(euse)",peintre et graveur français,,4,7,Q90,Q90
AnthonisMorVanDashorst,http://www.wikidata.org/entity/Q176694,Anthonis Mor Van Dashorst,Antonio,Moro,1519,Utrecht,1575,Anvers,"artiste,peintre",peintre flamand,,4,7,Q803,Q12892
MatthijsBril,http://www.wikidata.org/entity/Q1908666,,Matthijs,Bril,1550,Anvers,1583-06-08,Rome,"artiste,peintre",peintre flamand du 16ème siècle,,4,6,Q12892,Q220
SaintSebastien,https://www.wikidata.org/wiki/Q183332,,,Saint Sebastien,255,Narbonne,0287-01-20,Rome,saint(e),saint martyr romain dans la religion catholique,,4,6,Q6555,Q220
PietroAccolti,https://www.wikidata.org/wiki/Q1337909,,Pietro,Accolti,1455-03-15,Florence,1532-12-11,Rome,personnage du clergé,cardinal de l'Église catholique romaine,,4,6,Q2044,Q220
Philon,https://www.wikidata.org/wiki/Q240499,,Philon d',Athènes,-400,,-360,,"artiste,architecte",architecte antique,,4,6,,
Alaric,https://www.wikidata.org/wiki/Q102371,,,Alaric,370,Q3621695,410-12,Q13619,personnage politique,roi des Wisigoths de 395 à 410,,4,6,Q3621695,Q13619
AdamVanNoort,http://www.wikidata.org/entity/Q351328,,Adam,van Noort,1562,Anvers,1641,Anvers,"artiste,peintre",peintre flamand (1562-1641),,4,6,Q12892,Q12892
Lea,https://www.wikidata.org/wiki/Q128847,,,Lea,-1731,Q1257454,-1665,Q163329,personnage biblique,fille de Laban,,4,6,Q1257454,Q163329
AlbertVII,https://www.wikidata.org/wiki/Q311452,Albert VII,,Albert VII,1559-11-15,Q131612,1621-07-13,Bruxelles,personnage du clergé,cardinal de l'Église catholique romaine,,4,6,Q131612,Q239
LucaPacioli,https://www.wikidata.org/wiki/Q87620,"frate Luca dal Borgo, Luca dal Sansepolcro",Luca,Pacioli,1440,Sansepolcro,1517,Rome,personnage du clergé,"religieux franciscain italien, père de la comptabilité",,4,6,Q52098,Q220
FlaminioVacca,http://www.wikidata.org/entity/Q527235,,Flaminio,Vacca,1538,Rome,1605-10-26,Rome,"artiste,sculpteur",sculpteur italien,,4,6,Q220,Q220
ArdicesDeCorinthe,https://www.wikidata.org/wiki/Q3622541,,,Ardicès de Corinthe,,Q1363688,,,"artiste,peintre",peintre antique,,4,6,Q1363688,
Theophile,https://www.wikidata.org/wiki/Q60199,,,Théophile,813,,0842-01-20,Constantinople,personnage politique,empereur byzantin de 829 à 842,,4,6,,Q16869
BernardinoLuini,http://www.wikidata.org/entity/Q8537,Bernardino Luini,Bernardino de,Scapi,1480,Q41052,1532,Milan,"artiste,peintre",peintre italien,,4,6,Q41052,Q490
FrancescoCamilliani,https://www.wikidata.org/wiki/Q1055650,,Francesco,Camilliani,1530,Florence,1576-10-13,Florence,"artiste,sculpteur",sculpteur toscan de la Renaissance,,4,6,Q2044,Q2044
Seneque,https://www.wikidata.org/wiki/Q2054,,,Sénèque,-4,Q2997165,65-04-12,Rome,"personnage politique,auteur(e) de textes,philosophe","philosophe stoïcien, dramaturge et homme d'État romain",,4,6,Q2997165,Q220
Eurydice,https://www.wikidata.org/wiki/Q208588,,,Eurydice,,,,,personnage mythologique,"nymphe, épouse d'Orphée",,4,6,,
SaintThomas,https://www.wikidata.org/wiki/Q43669,,,Saint Thomas,1,Galilee,72-07-03,Q1646915,saint(e),apôtre,,4,6,Q83241,Q1646915
Pausias,https://www.wikidata.org/wiki/Q1533115,,,Pausias,-350,Sicyone,-400,,"artiste,peintre",peintre antique,,4,6,Q368628,
Aglaophon,https://www.wikidata.org/wiki/Q1454839,,,Aglaophon,-600,Q2409204,-500,,"artiste,peintre",peintre antique,,4,6,Q2409204,
AntonioSegni,,,Antonio,Segni,,,,,non identifié,,,2,6,,
CharlesDeLorraine,,Charles de Lorraine,Charles de,Lorraine,,,,,non identifié,,,2,6,,
Calchas,https://www.wikidata.org/wiki/Q725527,,,Calchas,,,,,personnage mythologique,personnage de la mythologie grecque,,4,6,,
FrancescoCapriani,http://www.wikidata.org/entity/Q748699,,Francesco,Capriani,1535,Volterra,1594-02-15,Rome,"artiste,architecte",architecte italien,,4,6,Q103305,Q220
CristoforoLandino,https://www.wikidata.org/wiki/Q711964,,Cristoforo,Landino,1424-02-08,Florence,1498-09-24,Q18484193,auteur(e) de textes,humaniste italien du XVe siècle,,4,6,Q2044,Q18484193
PieterVanLaer,http://www.wikidata.org/entity/Q576907,,Pieter,van Laer,1599-12,Haarlem,1642,Haarlem,"artiste,peintre,graveur(euse)",peintre et graveur néerlandais,,4,6,Q9920,Q9920
NicolaPisano,http://www.wikidata.org/entity/Q364413,,Nicola,Pisano,1225,Q13464,1284,Toscane,"artiste,sculpteur,architecte",architecte et sculpteur italien,,4,6,Q13464,Q1273
LouisIIIMantoue,https://www.wikidata.org/wiki/Q969770,Louis III de Mantoue,Louis III de,Gonzague,1412-06-05,Mantoue,1478-06-12,Q42945,personnage politique,deuxième marquis de Mantoue,,4,6,Q6247,Q42945
GiovanniGabrielli,,,,,,,,,,,,2,6,,
BernardinoCampi,http://www.wikidata.org/entity/Q822891,,Bernardino,Campi,1520,Cremone,1591,Q13360,"artiste,peintre",peintre italien,,4,6,Q6231,Q13360
AndreasVanWesel,https://www.wikidata.org/wiki/Q170267,"Andrea Vesalio, André Vésale, Andreas Vesalius",Andreas van,Wesel,1514-12-31,Q1864473,1564-10-16,Q144880,auteur(e) de textes,"anatomiste flamand, précurseur des planches anatomiques détaillées",,4,6,Q1864473,Q144880
FrancescoVanni,http://www.wikidata.org/entity/Q960581,,Francesco,Vanni,1564-01-05,Sienne,1610-10-26,Sienne,"artiste,peintre",peintre italien,,4,6,Q2751,Q2751
PaoloGuidotti,http://www.wikidata.org/entity/Q3894144,il Borghese,Paolo,Guidotti,1560,Lucques,1629-03-07,Rome,"artiste,peintre",peintre italien de Rome (c.1560-1629),,4,6,Q13373,Q220
EneaVico,http://www.wikidata.org/entity/Q3725198,,Enea,Vico,1523-01-29,Parme,1567-08-18,Ferrare,"artiste,graveur(euse)",graveur italien,,4,6,Q2683,Q13362
MatteoBotti,https://www.wikidata.org/wiki/Q24718757,,Matteo,Botti,1570,,1621,,personnage historique,scientifique italien,,4,6,,
HonoreIIDeMonaco,https://www.wikidata.org/wiki/Q474802,Honoré II,Honoré II de,Monaco,1597-12-24,Monaco,1662-01-10,Monaco,personnage politique,seigneur puis prince de Monaco de 1604 à 1662,,4,6,Q235,Q235
PaulIV,https://www.wikidata.org/wiki/Q101430,Paul IV,Gian Pietro,Carafa,1476-06-28,Q55015,1559-08-18,Rome,pape,"223e pape de l'Église catholique, de 1555 à 1559",,4,6,Q55015,Q220
Cadmos,https://www.wikidata.org/wiki/Q27613,,,Cadmos,,,,,personnage mythologique,personnage de la mythologie grecque,,4,6,,
Androcydes,https://www.wikidata.org/wiki/Q4759434,,,Androcydès,-500,Q615449,-400,,"artiste,peintre",peintre grec,,4,6,Q615449,
AgostinoBusti,http://www.wikidata.org/entity/Q395600,Bambaia,Agostino,Busti,1483,Q1155,1548-06-11,Milan,"artiste,sculpteur",sculpteur italien,,4,6,Q1155,Q490
MarcoZoppo,http://www.wikidata.org/entity/Q1369392,Marco Zoppo,Marco,di Antonio di Ruggero,1433,Cento,1478,Venise,"artiste,peintre",peintre italien,,4,6,Q95094,Q641
NicolasMignard,http://www.wikidata.org/entity/Q2555178,,Nicolas,Mignard,1606-02-07,Troyes,1668-03-20,Paris,"artiste,peintre",peintre français,,4,6,Q5489,Q90
CharlesIAnjou,https://www.wikidata.org/wiki/Q203829,Charles Ier,Charles I d',Anjou,1226-03-21,Paris,1285-01-07,Q13464,personnage politique,roi de Naples et de Sicile,,4,6,Q90,Q13464
XerxesI,https://www.wikidata.org/wiki/Q129165,,,Xerxès Ier,-519,Q794,-465-08,Q3746183,personnage politique,roi de la Perse achéménide entre 485 et 465 avant J.-C.,,4,6,Q794,Q3746183
GerritVanHonthorst,http://www.wikidata.org/entity/Q314548,Gérard de la Nuit,Gerrit,van Honthorst,1592-11-04,Utrecht,1656-04-27,Utrecht,"artiste,peintre",peintre néerlandais,,4,6,Q803,Q803
Bucephale,https://www.wikidata.org/wiki/Q201598,,,Bucephale,-354,,-325-06,,animal célèbre,cheval d'Alexandre le Grand,,4,6,,
Erichthonios,https://www.wikidata.org/wiki/Q644921,,,Érichthonios,,,,,personnage mythologique,roi légendaire d'Athènes,,4,6,,
Evandre,https://www.wikidata.org/wiki/Q837699,,,Evandre,,,,,personnage mythologique,"héros de la mythologie grecque et romaine, roi de Pallantium",,4,6,,
JanBrueghel,http://www.wikidata.org/entity/Q209050,Jan Brueghel l'Ancien,Jan,Brueghel,1568,Bruxelles,1625-01-13,Anvers,"artiste,peintre",peintre flamand (1568–1625),,4,6,Q239,Q12892
HansSebaldLautensack,http://www.wikidata.org/entity/Q1392217,Hans Sebald Lautensack,Hanns,Lautensack,1524,Q3936,1565,Vienne,"artiste,peintre,graveur(euse)",graveur et peintre allemand (1524-1560),,4,6,Q3936,Q1741
PierreCorneille,http://www.wikidata.org/entity/Q747,,Pierre,Corneille,1606-06-06,Rouen,1684-10-01,Paris,auteur(e) de textes,dramaturge et poète français (1606-1684),,4,6,Q30974,Q90
PaoloGiovio,https://www.wikidata.org/wiki/Q437543,Paul Jove,Paolo,Giovio,1483-04-21,Come,1552-12-12,Florence,"personnage du clergé,auteur(e) de textes,médecin","médecin, historien, écrivain et prélat catholique italien",,4,6,Q1308,Q2044
MonaLisa,https://www.wikidata.org/wiki/Q153032,Mona Lisa,Lisa,Gherardini,1479-06-15,Florence,1542-07-14,Florence,"muse,personnage historique",membre de la famille Gherardini de Florence (1479-1542),,4,6,Q2044,Q2044
AgnoloGaddi,http://www.wikidata.org/entity/Q363296,,Agnolo,Gaddi,1350,Florence,1396-10-15,Florence,"artiste,peintre",peintre italien,,4,6,Q2044,Q2044
Menelas,https://www.wikidata.org/wiki/Q171839,,,Ménélas,,,,,personnage mythologique,"personnage de la mythologie grecque, roi de Sparte",,4,6,,
Megabyze,https://www.wikidata.org/wiki/Q1852762,,,Mégabyze,-600,,-600,,"personnage politique,militaire",héros de la Perse,,4,6,,
AlphonseV,https://www.wikidata.org/wiki/Q312304,Alphonse V,,Aragon,1396-02-24,Q693913,1458-06-27,Q645041,personnage politique,"roi d'Aragon, de Valence, de Naples, de Sicile et de Sardaigne (1416–1458)",,4,6,Q693913,Q645041
Tisifone,,,,Tisifone,,,,,non identifié,,,2,6,,
Cecrops,https://www.wikidata.org/wiki/Q500739,,,Cecrops,,,,,personnage mythologique,personnage de la mythologie grecque,,4,6,,
FrancescoBocchi,https://www.wikidata.org/wiki/Q5479222,,Francesco,Bocchi,1548,Florence,1618,Florence,auteur(e) de textes,écrivain italien,,4,6,Q2044,Q2044
TiteLive,https://www.wikidata.org/wiki/Q2039,,,Tite-Live,-59,Q65415418,17,Padoue,auteur(e) de textes,historien latin de la Rome antique,,4,6,Q65415418,Q617
JacopoDiCasentino,http://www.wikidata.org/entity/Q2723390,,Jacopo di,Casentino,1297,Florence,1358,Q52096,"artiste,peintre",peintre italien,,4,6,Q2044,Q52096
GiovanniBattistaRicci,,,,,,,,,,peintre,,2,6,,
MarcAntoine,https://www.wikidata.org/wiki/Q51673,,,Marc Antoine,-83,Rome,-30,Alexandrie,personnage politique,"triumvir, homme d'État romain",,4,6,Q220,Q87
MichelDorigny,http://www.wikidata.org/entity/Q3309511,,Michel,Dorigny,1617,SaintQuentin,1665-02-20,Paris,"artiste,peintre,graveur(euse)",peintre et graveur français (1616-1665),,4,6,Q182744,Q90
Melanthius,https://www.wikidata.org/wiki/Q5655448,,,Melanthius,,Sicyone,,,"artiste,peintre",peintre grec de l'Antiquité,,4,6,Q368628,
GentileDaFabriano,http://www.wikidata.org/entity/Q312393,Gentile da Fabriano,Gentile,di Niccolò di Giovanni Massi,1370,Fabriano,1427,Rome,"artiste,peintre",peintre italien,,4,5,Q13145,Q220
Democrite,https://www.wikidata.org/wiki/Q41980,,,Démocrite,-460,Q132527193,-360,Grece,philosophe,philosophe antique,,4,5,Q132527193,Q41
Serapion,,,,Sérapion,,,,,non identifié,,,2,5,,
ArnolfoDiCambio,http://www.wikidata.org/entity/Q315249,Arnolfo di Lapo,Arnolfo di,Cambio,1242,Q91192,1306,Florence,"artiste,sculpteur,architecte",sculpteur et architect florentin,,4,5,Q91192,Q2044
Mausole,https://www.wikidata.org/wiki/Q296857,,,Mausole,-410,Carie,-353,Q5843680,personnage politique,satrape de Carie,,4,5,Q193214,Q5843680
AlfonsoN,,,Alfonso,N.,,,,,non identifié,,,2,5,,
AdrienVI,https://www.wikidata.org/wiki/Q57087,Adrien VI,,Adrien VI,1459-03-02,Utrecht,1523-09-14,Rome,pape,"218e pape de l'Église catholique, de 1522 à 1523",,4,5,Q803,Q220
SofonisbaAnguissola,http://www.wikidata.org/entity/Q236038,,Sofonisba,Anguissola,1532,Cremone,1625-11-16,Palerme,"artiste,peintre",peintre italienne,,4,5,Q6231,Q2656
Micon,https://www.wikidata.org/wiki/Q1387790,,,Micon,-500,Athenes,-500,,"artiste,peintre",peintre antique,,4,5,Q844930,
Alberti,http://www.wikidata.org/entity/Q3064890,,,Alberti,,,,,"famille,artiste",famille d'artistes italiens de la Renaissance originaires de Sansepolcro,,4,5,,
SaintAndre,https://www.wikidata.org/wiki/Q43399,,,Saint André,-6,Q501773,60-11-30,Q133123,saint(e),apôtre du Christ,,4,5,Q501773,Q133123
QuintusFabiusMaximusVerrucosus,https://www.wikidata.org/wiki/Q274545,Quintus Fabius Maximus Verrucosus,Quintus,Fabius Maximus Verrucosus,,Q1747689,-203,Rome,personnage politique,consul romain à cinq reprises,,4,5,Q1747689,Q220
AmmienMarcellin,https://www.wikidata.org/wiki/Q172198,,,Ammien Marcellin,330,Antioche,395,Rome,auteur(e) de textes,historien romain,,4,5,Q200441,Q220
PellegrinoAretusi,http://www.wikidata.org/entity/Q2698667,"Pellegrino Munari, Pellegrino da Modena",Pellegrino,Aretusi,1460,Modene,1523,Modene,"artiste,peintre",peintre italien,,4,5,Q279,Q279
DemetriosDePhalere,https://www.wikidata.org/wiki/Q313286,,Démétrios de,Phalère,-350,Q534927,-283,Egypte,philosophe,philosophe antique,,4,5,Q534927,Q79
Myron,https://www.wikidata.org/wiki/Q192211,,,Myron,-500,Q1328318,-500,,"artiste,sculpteur",sculpteur athénien du Ve siècle,,4,5,Q1328318,
Memnon,https://www.wikidata.org/wiki/Q506781,Memnon,,Memnon,,,,,personnage mythologique,personnage de la mythologie grecque,,4,5,,
GerritDou,http://www.wikidata.org/entity/Q335927,,Gerrit,Dou,1613-04-07,Leyde,1675-02-09,Leyde,"artiste,peintre",peintre néerlandais (1613-1675),,4,5,Q43631,Q43631
SaintRoch,https://www.wikidata.org/wiki/Q152457,,Roch de,Montpellier,1293,Montpellier,1327-08-16,Montpellier,saint(e),saint chrétien,,4,5,Q6441,Q6441
Antiphile,https://www.wikidata.org/wiki/Q581959,,,Antiphile,-400,Egypte,-360,,"artiste,peintre",peintre de la Grèce antique,,4,5,Q79,
CharlesII,https://www.wikidata.org/wiki/Q122553,Charles II,Charles,Stuart,1630-05-29,Q272162,1685-02-06,Q391620,personnage politique,"roi d'Angleterre, d'Irlande et d'Écosse de 1660 à 1685",,4,5,Q272162,Q391620
Echion,https://www.wikidata.org/wiki/Q508886,,,Echion,,,-400,,"artiste,peintre",peintre grec de l’Antiquité,,4,5,,
MarcoDOggiono,http://www.wikidata.org/entity/Q982274,,Marco d',Oggiono,1470,Q42565,1540,Milan,"artiste,peintre",peintre italien,,4,5,Q42565,Q490
PietroAldobrandini,https://www.wikidata.org/wiki/Q691894,,Pietro,Aldobrandini,1571-03-31,Rome,1621-02-10,Rome,personnage du clergé,cardinal de l'Église catholique romaine,,4,5,Q220,Q220
Arrien,https://www.wikidata.org/wiki/Q31845,,,Arrien,89,Q209349,175,Q1524,auteur(e) de textes,historien et écrivain grec du IIe siècle,,4,5,Q209349,Q1524
Euryale,https://www.wikidata.org/wiki/Q836140,,,Euryale,,,,,personnage mythologique,une des trois Gorgones de la mythologie grecque,,4,5,,
BernardoDaddi,,,,,,,,,,"fresco painter, painter",,2,5,,
Anaxagore,https://www.wikidata.org/wiki/Q83041,,,Anaxagore,-500,Clazomenes,-428,Q1229422,philosophe,philosophe présocratique,,4,5,Q536598,Q1229422
Iaia,https://www.wikidata.org/wiki/Q537177,"Marzia, Marcia",Iaia de,Cyzique,-100,Q615449,,Q1747689,"artiste,peintre",peintre grecque antique,,4,5,Q615449,Q1747689
JeanGoujon,http://www.wikidata.org/entity/Q551643,,Jean,Goujon,1510,Rouen,1567,Bologne,"artiste,architecte",architecte français,,4,5,Q30974,Q1891
BernardinoGatti,http://www.wikidata.org/entity/Q822909,Il Sojaro,Bernardino,Gatti,1495,Pavie,1576-02-22,Cremone,"artiste,peintre",peintre italien (1495-1576),,4,5,Q6259,Q6231
JacquesBellange,http://www.wikidata.org/entity/Q874658,,Jacques,Bellange,1575,Q810523,1616,Nancy,"artiste,peintre,graveur(euse)",graveur et peintre lorrain (1575-1616),,4,5,Q810523,Q40898
FermoGhisoniDaCaravaggio,,,,,,,,,,"decorative painter, artist, painter",,2,5,,
FrancoisTortebat,http://www.wikidata.org/entity/Q21638792,,François,Tortebat,1616,Paris,1690-06-04,Paris,"artiste,peintre,graveur(euse)",peintre et graveur français,,4,5,Q90,Q90
PompeoLeoni,http://www.wikidata.org/entity/Q1858775,,Pompeo,Leoni,1530,Milan,1608-10,Madrid,"artiste,sculpteur",sculpteur italien,,4,5,Q490,Q2807
Lepide,https://www.wikidata.org/wiki/Q105452,Lepide,Marcus Æmilius,Lepidus,-90,Q1747689,-13,Q11913906,personnage politique,"homme politique romain, triumvir avec Marc Antoine et Auguste",,4,5,Q1747689,Q11913906
Geminos,https://www.wikidata.org/wiki/Q379987,Geminos,,Geminus de Rhodes,-10,Rhodes,60,,mathématicien,astronome et mathématicien grec de l'Antiquité,,4,5,Q43048,
GiulioLicinio,http://www.wikidata.org/entity/Q2013006,Il Romano,Giulio,Licinio,1527,Venise,1591-04-28,Venise,"artiste,peintre",peintre italien,,4,5,Q641,Q641
Aaron,https://www.wikidata.org/wiki/Q51676,,,Aaron,-1396,Q11768,-1274,Q2900633,personnage biblique,"personnage de la Bible, dans les livres de l'Exode, du Lévitique et des Nombres",,4,5,Q11768,Q2900633
LouisXII,https://www.wikidata.org/wiki/Q58514,Louis XII,,Louis XII,1462-06-27,Q4055,1515-01-01,Q1476769,personnage politique,roi de France de 1498 à 1515,,4,5,Q4055,Q1476769
LorenzoBeccafumi,https://www.wikidata.org/wiki/Q21710984,Lorenzo Beccafumi,Lorenzo,Beccafumi,,,,,,aristocrate siennois et ambassadeur de Sienne à Florence,,4,5,,
ClaudeGalien,https://www.wikidata.org/wiki/Q8778,Galien,Claude,Galien,129-09,Pergame,300,Rome,"auteur(e) de textes,médecin",médecin antique,,4,5,Q18986,Q220
Timagoras,https://www.wikidata.org/wiki/Q114319165,,,Timagoras,,,,Athenes,personnage mythologique,,,4,5,,Q844930
JohannWilhelmBaur,http://www.wikidata.org/entity/Q324487,,Johann Wilhelm,Baur,1607-05-31,Strasbourg,1642-01-01,Vienne,"artiste,peintre,graveur(euse)",peintre et graveur allemand (1607-1640),,4,5,Q6602,Q1741
LeandroBassano,http://www.wikidata.org/entity/Q1349666,Leandro dal Ponte,Leandro,Bassano,1557-06-10,BassanoDelGrappa,1622-04-15,Venise,"artiste,peintre",peintre italien,,4,5,Q47094,Q641
TheodoricLeGrand,https://www.wikidata.org/wiki/Q105105,Théodoric le Grand,,Théodoric,0454-05-12,Q508815,0526-08-30,Ravenna,personnage politique,roi des Ostrogoths de 493 à 526,,4,5,Q508815,Q13364
Turpilius,https://www.wikidata.org/wiki/Q32857761,,,Turpilius,,,,,"artiste,peintre",peintre antique,,4,5,,
DiogeneLaerce,https://www.wikidata.org/wiki/Q59138,,Diogène,Laërce,180,,240,,auteur(e) de textes,poète et doxographe grec,,4,5,,
BavieroDeCarocci,,,,,,,,,,"artist, publishers, printers, painter, printmaker",,2,5,,
BenoitXI,https://www.wikidata.org/wiki/Q169301,Benoit XI,Nicolas,Boccasini,1240,Trevise,1304-07-07,Perugia,pape,"194e pape de l’Église catholique, de 1303 à 1304",,4,5,Q5475,Q3437
MarcusAntistiusLabeo,https://www.wikidata.org/wiki/Q436034,Labéon,Marcus Antistius,Labeo,-100,,10,,auteur(e) de textes,juriste romain,,4,5,,
QuinteCurce,https://www.wikidata.org/wiki/Q5959,,,Quinte-Curce,100,,50,Q181238,auteur(e) de textes,historien romain,,4,5,,Q181238
ParisBordone,http://www.wikidata.org/entity/Q366081,Bordon,Paris,Bordone,1500-07,Trevise,1571-01-19,Venise,"artiste,peintre",peintre italien (1500–1570),,4,5,Q5475,Q641
GiulioCampi,http://www.wikidata.org/entity/Q1528003,,Giulio,Campi,1502,Cremone,1572,Cremone,"artiste,peintre",peintre italien,,4,5,Q6231,Q6231
Hippocrate,https://www.wikidata.org/wiki/Q5264,,Hippocrate,"Kos, de",-460,Cos,-370,Larissa,"auteur(e) de textes,médecin",médecin grec du siècle de Périclès (vers 460 vers 370 avant JC),,4,5,Q187027,Q178405
GiulioCamillo,https://www.wikidata.org/wiki/Q331003,Delminio,Giulio,Camillo,1479,Q47143,1544-05-15,Milan,philosophe,humaniste italien,,4,5,Q47143,Q490
AppiusClaudiusCaecus,https://www.wikidata.org/wiki/Q297783,,Appius Claudius,Caecus,,Q1747689,-300,,"personnage politique,auteur(e) de textes",homme politique et écrivain romain,,4,5,Q1747689,
Pyrrhon,https://www.wikidata.org/wiki/Q192313,,Pyrron d',Elis,-360,Q217667,-270,Q217667,philosophe,philosophe cynique du IVe siècle av. J.-Chr.,,4,5,Q217667,Q217667
JanStevenVanCalcar,http://www.wikidata.org/entity/Q1397369,,Jan Steven van,Calcar,1500,Kalkar,1546,Naples,"artiste,peintre",peintre néerlandais,,4,5,Q243554,Q2634
HenriVIII,https://www.wikidata.org/wiki/Q38370,,,Henri VIII,1491-06-28,Q1424839,1547-01-28,Q391620,personnage politique,"roi d'Angleterre et d'Irlande, de 1509 à 1547",,4,5,Q1424839,Q391620
FransPourbusI,http://www.wikidata.org/entity/Q1445472,Frans Pourbus l'Ancien,Frans,Pourbus,1545,Bruges,1581-09-29,Anvers,"artiste,peintre",peintre flamand,,4,5,Q12994,Q12892
HieronII,https://www.wikidata.org/wiki/Q313675,,,Hiéron II,-308,Syracuse,-215,Syracuse,personnage politique,roi de Syracuse,,4,5,Q13670,Q13670
Hecube,https://www.wikidata.org/wiki/Q193433,,,Hécube,,,,,personnage mythologique,personnage de la mythologie grecque,,4,5,,
HansSadeler,http://www.wikidata.org/entity/Q3161745,,Hans,Sadeler,1550,Bruxelles,1600-08,Venise,"artiste,graveur(euse)",graveur flamand (1550-1600),,4,5,Q239,Q641
Pan,https://www.wikidata.org/wiki/Q132582,,,Pan,,,,,personnage mythologique,"divinité de la mythologie grecque de la nature, protecteur des bergers et des troupeaux, souvent représenté comme une créature chimérique, mi-homme mi-bouc",,4,5,,
JeanJulesArmandColbert,https://www.wikidata.org/wiki/Q3166555,,Jean Jules Armand,Colbert,1663-12-17,,1704-08-13,Q3012,militaire,général français,,4,5,,Q3012
StefanoFiorentino,http://www.wikidata.org/entity/Q1093544,Stefano di Firenze,Stefano,Fiorentino,1301,Florence,1350,Florence,"artiste,peintre",peintre italien,,4,5,Q2044,Q2044
VincenzoCiverchio,http://www.wikidata.org/entity/Q3559930,Vincenzo da Crema,Vincenzo,Civerchio,1470,Crema,1544,Crema,"artiste,peintre",peintre italien,,4,5,Q42793,Q42793
CherubinoFerrari,,,Cherubino,Ferrari,,,,,non identifié,,,2,5,,
Suetone,https://www.wikidata.org/wiki/Q10133,,,Suétone,70,,126,Q2277,auteur(e) de textes,"historien, grammairien et rhéteur romain (vers 70- vers 140)",,4,5,,Q2277
BernardinoBaldini,https://www.wikidata.org/wiki/Q28973029,,Bernardino,Baldini,1515,Q3800759,1600-01-12,Milan,"auteur(e) de textes,mathématicien,philosophe,médecin","médecin, philosophe, mathématicien, et poète italien du 16e siècle",,4,5,Q3800759,Q490
DavidTeniers,http://www.wikidata.org/entity/Q335022,David Teniers le Jeune,David,Teniers,1610,Anvers,1690-04-25,Bruxelles,"artiste,peintre",peintre flamand (1610-1690),,4,5,Q12892,Q239
BernaertVanOrley,http://www.wikidata.org/entity/Q454678,,Bernaert van,Orley,1488,Bruxelles,1541-01-06,Bruxelles,"artiste,peintre",peintre flamand,,4,5,Q239,Q239
JosquinDesPrez,https://www.wikidata.org/wiki/Q143100,,Josquin,Des Prez,1455,Q274740,1521-08-27,Q494533,"artiste,compositeur",compositeur picard de l'école franco-flamande,,4,5,Q274740,Q494533
OttavianoDaFaenza,,,,,,,,,,artist,,2,5,,
QuintusPedius,,,Quintus,Pedius,,,,,non identifié,,,2,5,,
GregoireII,https://www.wikidata.org/wiki/Q103321,,,Gregoire II,669,Rome,0731-02-11,Rome,pape,"89e pape de l’Église catholique, de 715 à 731",,4,4,Q220,Q220
BartolomeoManfredi,http://www.wikidata.org/entity/Q721166,,Bartolomeo,Manfredi,1582,Q43003,1622-12-12,Rome,"artiste,peintre",peintre italien,,4,4,Q43003,Q220
GiovanniDeVecchi,http://www.wikidata.org/entity/Q1529507,,Giovanni de,Vecchi,1536,Sansepolcro,1614-04-13,Rome,"artiste,peintre",peintre italien,,4,4,Q52098,Q220
Josue,https://www.wikidata.org/wiki/Q7734,,,Josué,-1350,Q1261081,-1245,Q163329,personnage biblique,personnage biblique du Livre de l'Exode et surtout du Livre de Josué,,4,4,Q1261081,Q163329
SpuriusTadius,https://www.wikidata.org/wiki/Q16854296,Ludius,Spurius,Tadius,,,,,"artiste,peintre",peintre romain,,4,4,,
PieterDeJodeI,http://www.wikidata.org/entity/Q724760,Pieter de Jode l'Ancien,Pieter de,Jode,1573-08,Anvers,1634-08-09,Anvers,"artiste,graveur(euse)","dessinateur, graveur",,4,4,Q12892,Q12892
Semele,https://www.wikidata.org/wiki/Q776139,,,Sémélé,,,,,personnage mythologique,personnage de la mythologie grecque,,4,4,,
LeopoldGuillaumeDeHabsbourg,https://www.wikidata.org/wiki/Q437295,,Léopold-Guillaume de,Habsbourg,1614-01-05,Q131612,1662-11-20,Vienne,personnage politique,"archiduc d'Autriche, gouverneur des Pays-Bas espagnols",,4,4,Q131612,Q1741
ClaudeFrancois,http://www.wikidata.org/entity/Q2977396,,Claude,François,1614-05,Amiens,1685-05-17,Paris,"artiste,peintre",peintre français,,4,4,Q41604,Q90
MaertenVanHeemskerck,http://www.wikidata.org/entity/Q538350,,Maarten van,Heemskerck,1498,Heemskerk,1574-10-01,Haarlem,"artiste,peintre",peintre néerlandais (1498–1574),,4,4,Q9926,Q9920
Iuba,,,,Iuba,,,,,non identifié,,,2,4,,
BartolomeoAmmannati,http://www.wikidata.org/entity/Q312366,,Bartolomeo,Ammannati,1511-06-18,Settignano,1592-04-13,Florence,"artiste,sculpteur,architecte",architecte et sculpteur italien,,4,4,Q942605,Q2044
AlessandroVittoria,http://www.wikidata.org/entity/Q1347426,,Alessandro,Vittoria,1525,Q3376,1608-05-27,Venise,"artiste,sculpteur",sculpteur italien (1525–1608),,4,4,Q3376,Q641
SainteHelene,https://www.wikidata.org/wiki/Q170164,,,Hélène,250,Q1462894,0330-08-18,Q209349,"saint(e),personnage politique","impératrice romaine, mère de Constantin Ier",,4,4,Q1462894,Q209349
IreneAthenienne,https://www.wikidata.org/wiki/Q206737,,,Irène,752,Q1524,0803-08-09,Lesbos,personnage politique,impératrice byzantine de 797 à 802,,4,4,Q1524,Q128087
Hermogene,https://www.wikidata.org/wiki/Q716811,,,Hermogène,-240,Q142819,-200,,"artiste,architecte",architecte antique,,4,4,Q142819,
LouisHesselin,https://www.wikidata.org/wiki/Q3262184,,Louis,Hesselin,1602,,1662-08-08,,mécène,collectionneur d'art français,,4,4,,
FrancescoVerino,https://www.wikidata.org/wiki/Q138968486,Francesco de' Vieri,Francesco,Verino,1474-07-29,Florence,1541,Florence,philosophe,philosophe italien,,4,4,Q2044,Q2044
SaintJacquesMajeur,https://www.wikidata.org/wiki/Q43999,,Jacques de,Zébédée,1,Q501773,44,Jerusalem,"personnage biblique,saint(e)",apôtre du Christ,,4,4,Q501773,Q1218
ReneDescartes,https://www.wikidata.org/wiki/Q9191,,René,Descartes,1596-03-31,Q320299,1650-02-11,Q1754,"auteur(e) de textes,philosophe,mathématicien",philosophe et mathématicien français,,4,4,Q320299,Q1754
GiovanniBattistaScultori,http://www.wikidata.org/entity/Q3107069,,Giovanni Battista,Mantuano,1503,Mantoue,1575-12-12,Mantoue,"artiste,peintre,graveur(euse)",peintre et graveur italien (1503-1575),,4,4,Q6247,Q6247
JanVanDenHoecke,http://www.wikidata.org/entity/Q1349676,,Jan van den,Hoecke,1611-08-04,Anvers,1651,Anvers,"artiste,peintre",peintre flamand (1611-1651),,4,4,Q12892,Q12892
SainteElisabeth,https://www.wikidata.org/wiki/Q235849,,,Elisabeth,-100,Hebron,100,,"personnage biblique,saint(e)",personnage de l'Évangile et du Coran,,4,4,Q168225,
OttavioFarnese,https://www.wikidata.org/wiki/Q442497,Ottavio Farnese / Octave de Médicis,Octave,Farnèse,1524-10-09,Q180050,1586-09-18,Parme,personnage politique,duc de Parme,,4,4,Q180050,Q2683
BenedettoDaMaiano,http://www.wikidata.org/entity/Q675619,,Benedetto da,Maiano,1442,Maiano,1497-05-24,Florence,"artiste,architecte",artiste et architecte italien,,4,4,Q18487093,Q2044
TaddeoLandini,,,,,,,,,,"artist, sculptor, architect",,2,4,,
Mahomet,https://www.wikidata.org/wiki/Q9458,,,Mahomet,0571-04-20,Q5806,0632-06-08,Q35484,"personnage politique,personnage historique",chef politique arabe et fondateur de l’islam,,4,4,Q5806,Q35484
Agamemnon,https://www.wikidata.org/wiki/Q128176,,,Agamemnon,,,,,personnage mythologique,personnage de la mythologie grecque,,4,4,,
RaffaelleSoprani,http://www.wikidata.org/entity/Q3417351,,Raffaelle,Soprani,1612-01-08,Genes,1672-01-02,Genes,auteur(e) de textes,historien de l'art et biographe italien,,4,4,Q1449,Q1449
Plotin,https://www.wikidata.org/wiki/Q134189,,,Plotin,205,Q1878691,270,Q128105,philosophe,"philosophe romain né en Égypte, fondateur du néoplatonisme",,4,4,Q1878691,Q128105
AurelioLuini,http://www.wikidata.org/entity/Q1071000,,Aurelio,Luini,1530,Milan,1593,Milan,"artiste,peintre",peintre italien,,4,4,Q490,Q490
CarloAlberti,,Carlo di Lorenzo degli Alberti,Carlo,Alberti,,,,,non identifié,,,2,4,,
Elie,https://www.wikidata.org/wiki/Q133507,,,Elie,-904,Q10382716,-850,Q5687,personnage biblique,prophète,,4,4,Q10382716,Q5687
Galatee,https://www.wikidata.org/wiki/Q241070,,,Galatée,,,,,personnage mythologique,Néréide,,4,4,,
BernardoAlberti,https://www.wikidata.org/wiki/Q55225022,,Bernardo,Alberti,,,1360,,personnage historique,frère de Leon Battista Alberti,,4,4,,
GuidoMazenta,https://www.wikidata.org/wiki/Q108057281,,Guido,Mazenta,,Milan,1613-02-11,Venise,personnage politique,noble et homme politique italien,,4,4,Q490,Q641
AlbertoAlberti,https://www.wikidata.org/wiki/Q323557,,Alberto,Alberti,1386,Florence,1445-08,Florence,personnage du clergé,cardinal italien de l’Église catholique au XVe s.,,4,4,Q2044,Q2044
Garofalo,http://www.wikidata.org/entity/Q728512,Il Garofalo,Benvenuto,Tisi,1481,Ferrare,1559-09-06,Ferrare,"artiste,peintre",peintre italien (1481–1559),,4,4,Q13362,Q13362
NicolasDuchesne,http://www.wikidata.org/entity/Q97696303,,Nicolas,Duchesne,,,1628,Paris,"artiste,peintre",peintre français,,4,4,,Q90
CharesDeLindos,https://www.wikidata.org/wiki/Q449057,,Charès de,Lindos,-400,Lindos,-280,Rhodes,"artiste,sculpteur",sculpteur grec du IVe siecle av. JC,,4,4,Q65122097,Q43048
JacquesFouquieres,http://www.wikidata.org/entity/Q327364,,Jacques,Fouquières,1590,Anvers,1655-12,Paris,"artiste,peintre",peintre flamand,,4,4,Q12892,Q90
Lucullus,https://www.wikidata.org/wiki/Q242819,,Lucius,Licinius Lucullus,-117,Q1747689,-57,,personnage politique,consul romain en 74 av. J.-C.,,4,4,Q1747689,
NicolasFouquet,https://www.wikidata.org/wiki/Q312794,,Nicolas,Fouquet,1615-01-27,Paris,1680-03-23,Q9573,personnage politique,"homme d'État français, surintendant des finances",,4,4,Q90,Q9573
FransFlorisII,,,,,,,,,,artist,,2,4,,
AgrippaIer,https://www.wikidata.org/wiki/Q298636,,,Agrippa Ier,-10,,44,Q319242,personnage politique,roi de Judée,,4,4,,Q319242
HippolyteIIEste,https://www.wikidata.org/wiki/Q554296,,Hyppolyte II d',Este,1509-08-25,Ferrare,1572-12-02,Rome,personnage du clergé,"cardinal, abbé commendataire",,4,4,Q13362,Q220
GirolamoGhilini,https://www.wikidata.org/wiki/Q22789845,,Girolamo,Ghilini,1589-05-19,Monza,1668-12-12,AlexandrieItalie,"personnage du clergé,auteur(e) de textes",prêtre et historien italien du XVIIe siècle,,4,4,Q6252,Q6088
FransFlorisI,http://www.wikidata.org/entity/Q543948,Frans Floris I,Frans,Floris,1517,Anvers,1570-10-01,Anvers,"artiste,peintre",peintre flamand,,4,4,Q12892,Q12892
ServiusTullius,https://www.wikidata.org/wiki/Q192998,,Servius,Tullius,-600,Rome,-535,Rome,personnage politique,sixième roi légendaire de Rome,,4,4,Q220,Q220
TarquinSuperbe,https://www.wikidata.org/wiki/Q193047,Tarquin le Superbe,Lucius Tarquinius,Superbus,-600,Q1747689,-495,Cumes,personnage politique,septième et dernier roi de Rome,,4,4,Q1747689,Q243456
SextusTurpilius,https://www.wikidata.org/wiki/Q182243,,Sextus,Turpilius,-200,,-104,Q58719,auteur(e) de textes,poète comique romain,,4,4,,Q58719
Terence,https://www.wikidata.org/wiki/Q172048,,,Térence,-185,Carthage,-159,Q1251026,auteur(e) de textes,dramaturge et poète comique romain,,4,4,Q6343,Q1251026
VincenzoGiustiniani,https://www.wikidata.org/wiki/Q1396468,,Vincenzo,Giustiniani,1564-09-13,Chios,1637-12-27,Rome,"mécène,personnage politique","marquis italien d'origine génoise, banquier, collectionneur d'art et intellectuel, connu pour son importante collection de peintures du Caravage",,4,4,Q160483,Q220
AbgarV,https://www.wikidata.org/wiki/Q320168,,,Abgar V,-1,,50,,personnage politique,roi d'Osroène,,4,4,,
AngePolitien,http://www.wikidata.org/entity/Q250414,Ange Politien,Angelo,Ambrogini,1454-07-14,Q91217,1494-09-29,Florence,auteur(e) de textes,écrivain italien,,4,4,Q91217,Q2044
PierreBourdelot,https://www.wikidata.org/wiki/Q463469,,Pierre,Michon Bourdelot,1610-02-02,Sens,1684-02-06,Paris,"auteur(e) de textes,médecin",médecin français du XVIIe siècle,,4,4,Q212420,Q90
HansBol,http://www.wikidata.org/entity/Q999233,,Hans,Bol,1534-12-16,Malines,1593-11-20,Amsterdam,"artiste,peintre,graveur(euse)","graveur, peintre et dessinateur flamand (1534-1593)",,4,4,Q162022,Q727
RoelandtSavery,http://www.wikidata.org/entity/Q142710,,Roelandt,Savery,1576,Courtrai,1639-02-25,Utrecht,"artiste,peintre,graveur(euse)",peintre et graveur flamand (1576-1639),,4,4,Q12995,Q803
Bernin,http://www.wikidata.org/entity/Q160538,Le Bernin,Gian Lorenzo,Bernini,1598-12-07,Naples,1680-11-28,Rome,"artiste,architecte,peintre,sculpteur","sculpteur, architecte et peintre italien du XVI siècle (1598–1680)",,4,4,Q2634,Q220
Phocas,https://www.wikidata.org/wiki/Q31556,,,Phocas,547,Thrace,610,Constantinople,personnage politique,empereur byzantin de 602 à 610,,4,4,Q41741,Q16869
BaldassareCastiglione,http://www.wikidata.org/entity/Q211133,,Baldassare,Castiglione,1478-12-06,Q3661494,1529-02-08,Tolede,"auteur(e) de textes,philosophe","écrivain, philosophe et poète italien",,4,4,Q3661494,Q5836
MauriceDeSavoie,https://www.wikidata.org/wiki/Q610738,Maurice de Savoie,Maurice de,Savoie,1593-01-10,Turin,1657-10-04,Turin,personnage du clergé,"Cardinal, fils du duc de Savoie",,4,4,Q495,Q495
Romanino,http://www.wikidata.org/entity/Q732766,Il Romanino,Girolamo,Romanino,1485,Brescia,1562,Brescia,"artiste,peintre",peintre italien,,4,4,Q6221,Q6221
MargaritoArezzo,http://www.wikidata.org/entity/Q2518566,,Margarito d',Arezzo,1240,Arezzo,1290,Q9160295,"artiste,peintre",peintre italien,,4,4,Q13378,Q9160295
BattistaDelMoro,http://www.wikidata.org/entity/Q2891762,,Battista del,Moro,1512,Verone,1573,Venise,"artiste,peintre",peintre italien du XVIe siècle,,4,4,Q2028,Q641
Callimaque,https://www.wikidata.org/wiki/Q553631,,,Callimaque,-500,Athenes,-460,,"artiste,peintre,sculpteur","sculpteur, orfèvre et peintre actif à Athènes de 432 à 408 av. J.-C",,4,4,Q844930,
Narcisse,https://www.wikidata.org/wiki/Q179256,,,Narcisse,,,,,personnage mythologique,personnage de la mythologie grecque,,4,4,,
RobertINaples,https://www.wikidata.org/wiki/Q290720,Robert Ier de Naples,Robert Ier de,Naples,1277,Q58894,1343-01-20,Naples,personnage politique,roi de Naples et comte de Provence de 1309 à 1343,,4,4,Q58894,Q2634
CornelisVanPoelenburgh,http://www.wikidata.org/entity/Q247183,,Cornelis van,Poelenburgh,1594,Utrecht,1667-08-12,Utrecht,"artiste,peintre",peintre néerlandais,,4,4,Q803,Q803
JanVanScorel,http://www.wikidata.org/entity/Q282708,,Jan van,Scorel,1495-08-01,Schoorl,1562-12-06,Utrecht,"artiste,peintre",peintre néerlandais,,4,4,Q1002717,Q803
PaulV,https://www.wikidata.org/wiki/Q132711,Paul V,Camillo,Borghese,1552-09-17,Rome,1621-01-28,Rome,pape,"233e pape de l'Église catholique, de 1605 à 1621",,4,4,Q220,Q220
Arachne,https://www.wikidata.org/wiki/Q190082,,,Arachné,,,,,personnage mythologique,"femme de la mythologie grecque qui excellait dans l'art du tissage, métamorphosée en araignée",,4,4,,
Calypso,https://www.wikidata.org/wiki/Q48961,,,Calypso,,,,,personnage mythologique,Océanide de la mythologie grecque,,4,4,,
ArsinoeII,https://www.wikidata.org/wiki/Q40234,,,Arsinoé II,-316,Memphis,-270-07-25,Alexandrie,personnage politique,"princesse macédonienne, fille de Ptolémée Ier",,4,4,Q5715,Q87
Artaxerxes,https://www.wikidata.org/wiki/Q189689,,,Artaxerxès,-500,,-424-12,Q180773,personnage politique,roi achéménide,,4,4,,Q180773
Catule,https://www.wikidata.org/wiki/Q163079,Catule,Gaius Valerius,Catullus,-84,Verone,-54,Rome,auteur(e) de textes,poète lyrique latin de la République romaine,,4,4,Q2028,Q220
Roxane,https://www.wikidata.org/wiki/Q190055,,,Roxane,-347,Q132646,-310,Q217414,personnage politique,première épouse d'Alexandre le Grand,,4,4,Q132646,Q217414
Colote,https://www.wikidata.org/wiki/Q1234536,,,Colotès,-320,Q1229422,,,philosophe,philosophe antique,,4,4,Q1229422,
HoratiusCocles,https://www.wikidata.org/wiki/Q1115859,Lars Porsena,Horatius,Coclès,-600,,,,personnage historique,héros légendaire romain,,4,4,,
Baal,https://www.wikidata.org/wiki/Q590467,,,Baal,,,,,personnage mythologique,divinité du Proche-Orient,,4,4,,
MaximilienII,https://www.wikidata.org/wiki/Q150862,,,Maximilien II,1527-07-31,Vienne,1576-10-12,Q2978,personnage politique,"roi des Romains, roi de Hongrie et de Bohême",,4,4,Q1741,Q2978
Odoacre,https://www.wikidata.org/wiki/Q103333,,,Odoacre,433,Q6645669,0493-03-15,Ravenna,personnage politique,patrice d'Italie de 476 à 493,,4,4,Q6645669,Q13364
SaintGregoireDeNysse,https://www.wikidata.org/wiki/Q191734,,,Saint Gregoire de Nysse,335,Kayseri,395,Q206879,saint(e),théologien et père de l’Église,,4,4,Q48338,Q206879
NiccoloCircignani,http://www.wikidata.org/entity/Q382762,Pomarancio,Niccolò,Circignani,1517,Pomarance,1597,Q20409,"artiste,peintre",peintre italien,,4,4,Q103201,Q20409
Orcagna,http://www.wikidata.org/entity/Q366499,Andrea Orcagna,Andrea,di Cione di Arcangelo,1315,Florence,1368,Florence,"artiste,peintre",peintre italien,,4,4,Q2044,Q2044
DirckBarendsz,http://www.wikidata.org/entity/Q2183916,,Dirck,Barendsz,1534,Amsterdam,1592-05-26,Amsterdam,"artiste,peintre",peintre néerlandais,,4,4,Q727,Q727
QuintusPediusPeintre,https://www.wikidata.org/wiki/Q2701125,,Quintus,Pedius,-100,Q1747689,13,,"artiste,peintre",peintre romain,,4,4,Q1747689,
PietroBartoli,https://www.wikidata.org/wiki/Q117038000,,Pietro,Bartoli,,,,,éditeur,imprimeur italien,,4,4,,
Nitocris,https://www.wikidata.org/wiki/Q230774,,,Nitocris,-2250,,-2192,,personnage politique,pharaon égyptien,,4,4,,
GerolamoBassano,http://www.wikidata.org/entity/Q286685,,Gerolamo,Bassano,1566-06-03,BassanoDelGrappa,1621-11-08,BassanoDelGrappa,"artiste,peintre",peintre italien,,4,4,Q47094,Q47094
GiovanniBattistaBassano,http://www.wikidata.org/entity/Q3107030,,Giovanni Battista,Bassano,1553-03-04,BassanoDelGrappa,1613-03-09,BassanoDelGrappa,"artiste,peintre",peintre italien,,4,4,Q47094,Q47094
Cain,https://www.wikidata.org/wiki/Q205365,,,Caïn,-3900,,-3200,,personnage biblique,personnage biblique,,4,4,,
JacquesCallot,http://www.wikidata.org/entity/Q460124,,Jacques,Callot,1592-03-25,Nancy,1635-03-25,Nancy,"artiste,graveur(euse)",dessinateur et graveur lorrain (France),,4,4,Q40898,Q40898
Boece,https://www.wikidata.org/wiki/Q102851,Boèce,Anicius Manlius Severinus,Boethius,480,Rome,524,Pavie,"personnage politique,auteur(e) de textes,philosophe","philosophe, poète et homme politique romain",,4,4,Q220,Q6259
Apaturius,,,,Apaturius,,,,,,,,2,4,,
Pelee,https://www.wikidata.org/wiki/Q178641,,,Pélée,,Egine,,,personnage mythologique,personnage de la mythologie grecque,,4,4,Q191082,
PieterBrueghelDeOude,http://www.wikidata.org/entity/Q43270,Pieter Brueghel l'Ancien,Pieter,Brueghel,1525,Breda,1569-09-09,Bruxelles,"artiste,peintre,graveur(euse)",peintre et graveur brabançon (1525-1569),,4,4,Q40844,Q239
AgnoloBronzino,http://www.wikidata.org/entity/Q7803,Le Bronzino,Agnolo,di Cosimo di Mariano,1503-11-17,Florence,1572-11-23,Florence,"artiste,peintre",peintre italien,,4,4,Q2044,Q2044
JeanBullant,http://www.wikidata.org/entity/Q967445,,Jean,Bullant,1515,Amiens,1578-10-13,Q273695,"artiste,architecte",architecte français,,4,4,Q41604,Q273695
BernardinoButinone,http://www.wikidata.org/entity/Q2622155,,Bernardino,Butinone,1450,Q101685,1510,,"artiste,peintre",peintre italien,,4,4,Q101685,
Callicrates,https://www.wikidata.org/wiki/Q114112,,,Callicratès,-470,Athenes,-420,Athenes,"artiste,architecte",un des deux architectes du Parthénon (Ve siècle av. J.-C.),,4,4,Q844930,Q844930
CharlesIIIBourbon,https://www.wikidata.org/wiki/Q506466,,"Charles III, de",Bourbon,1490-02-17,Q845814,1527-05-06,Rome,personnage politique,"duc de Bourbon, connétable de France",,4,4,Q845814,Q220
CharlesIIFrancois,https://www.wikidata.org/wiki/Q156400,,Charles II François de,Habsbourg,1540-06-03,Vienne,1590-07-10,Q13298,personnage politique,aristocrate autrichien,,4,4,Q1741,Q13298
JanHarmenszMuller,http://www.wikidata.org/entity/Q2725591,Jan Harmensz Muller,Jan,Muller,1571-07-01,Amsterdam,1628-04-18,Amsterdam,"artiste,graveur(euse)",dessinateur et graveur hollandais,,4,4,Q727,Q727
TheonDeSamos,https://www.wikidata.org/wiki/Q3983954,,Théon de,Samos,,Q13580795,-400,,"artiste,peintre",peintre antique,,4,4,Q13580795,
Polybe,https://www.wikidata.org/wiki/Q131169,,,Polybe,-200,Q823721,-120,Grece,auteur(e) de textes,historien grec du IIe siècle av. J.-C.,,4,3,Q823721,Q41
DomenicoTibaldi,http://www.wikidata.org/entity/Q5290131,,Domenico,Tibaldi,1541-04-18,Bologne,1583,Bologne,"artiste,architecte",architecte italien,,4,3,Q1891,Q1891
CassianoDalPozzo,https://www.wikidata.org/wiki/Q1048333,,Cassiano dal,Pozzo,1588-02-21,Turin,1657-10-22,Rome,mécène,érudit et mécène des arts italien,,4,3,Q495,Q220
FrancescoBrambillaIlGiovane,http://www.wikidata.org/entity/Q3749665,Francesco Brambilla il Giovane,Francesco,Brambilla,1530,,1599,,"artiste,sculpteur",sculpteur italien,,4,3,,
RaphaelSadeler,http://www.wikidata.org/entity/Q19569785,Raphael Sadeler l'Ancien,Raphael,Sadeler,1560,Anvers,1632,Munich,"artiste,graveur(euse)",graveur et dessinateur flamand ,,4,3,Q12892,Q1726
LucaPenni,http://www.wikidata.org/entity/Q3264994,,Luca,Penni,1500,Florence,1556,Paris,"artiste,peintre",peintre italien,,4,3,Q2044,Q90
LouisIX,https://www.wikidata.org/wiki/Q346,,,Louis IX,1214-04-25,Q457,1270-08-25,Tunis,"saint(e),personnage politique",roi de France capétien de 1226 à 1270 canonisé par l'Église catholique,,4,3,Q457,Q3572
Hiram,,,,Hiram,,,,,,,,2,3,,
LambertZutman,,,,,,,,,,"architect, artist, poets, draftsman, painter, printmaker",,2,3,,
Frontin,https://www.wikidata.org/wiki/Q297377,Frontin,Sextus Iulius,Frontinus,30,Q26897,103,,"personnage politique,auteur(e) de textes",homme politique et écrivain romain,,4,3,Q26897,
FedericoCommandino,https://www.wikidata.org/wiki/Q671745,,Federico,Commandino,1509,Q2759,1575-09-03,Q2759,mathématicien,mathématicien italien,,4,3,Q2759,Q2759
NicolasChaperon,http://www.wikidata.org/entity/Q2476960,,Nicolas,Chaperon,1612-10-19,Chateaudun,1656,Rome,"artiste,peintre",peintre français,,4,3,Q181886,Q220
SimonePeterzano,http://www.wikidata.org/entity/Q983632,,Simone,Peterzano,1540,Bergame,1599,Milan,"artiste,peintre",peintre italien,,4,3,Q628,Q490
JacquesKerver,https://www.wikidata.org/wiki/Q3159210,,Jacques,Kerver,1501,Q183,1583,,éditeur,imprimeur français,,4,3,Q183,
Chalcidius,https://www.wikidata.org/wiki/Q729244,"Calcidius, Calcidio",,Chalcidius,350,,350,,philosophe,philosophe antique,,4,3,,
OnorioLonghi,http://www.wikidata.org/entity/Q2024585,,Onorio,Longhi,1568-10-12,Q41041,1619-12-31,Rome,"artiste,architecte",architecte italien,,4,3,Q41041,Q220
CesareCesariano,http://www.wikidata.org/entity/Q935752,,Cesare,Cesariano,1475,Milan,1543,Milan,"artiste,peintre,architecte",peintre et un architecte italien,,4,3,Q490,Q490
CosimoRucellai,https://www.wikidata.org/wiki/Q55911290,Cosimino,Cosimo,Rucellai,1495,Florence,1519,,personnage politique,fils de Bernardo Rucellai et Nannina de Médicis,,4,3,Q2044,
BernardSalomon,https://www.wikidata.org/wiki/Q2898582,,Bernard,Salomon,1506,Lyon,1561,Lyon,"artiste,peintre,graveur(euse)",peintre et graveur français du XVIe siècle,,4,3,Q456,Q456
PasquinoCenni,,,,,,,,,,peintre,,2,3,,
FilippinoLippi,http://www.wikidata.org/entity/Q296265,,Filippino,Lippi,1457,Q13377,1504-04-18,Florence,"artiste,peintre",peintre italien (1457-1504),,4,3,Q13377,Q2044
AulusCorneliusCelsus,https://www.wikidata.org/wiki/Q312420,,Aulus Cornelius,Celsus,-25,,50,,"auteur(e) de textes,médecin",encyclopédiste et médecin romain,,4,3,,
JanRubens,https://www.wikidata.org/wiki/Q1682176,,Jan,Rubens,1530-03-13,Anvers,1587-03-01,Cologne,"personnage politique,personnage historique","avocat et administrateur d'Anvers, père de Peter Paul Rubens",,4,3,Q12892,Q365
HeraclitedeMacedonie,,,,Héraclite,,,,,,,,2,3,,
AlexandreVI,https://www.wikidata.org/wiki/Q108316,Alexandre VI,Roderic Llançol I de,Borja,1431-01-01,Q738013,1503-08-18,Rome,pape,"214e pape de l'Église catholique, de 1492 à 1503",,4,3,Q738013,Q220
Thales,https://www.wikidata.org/wiki/Q36303,,Thalès de,Milet,-625,Milet,-545,Milet,"philosophe,mathématicien",philosophe et savant grec,,4,3,Q169460,Q169460
IsabellaBrandt,https://www.wikidata.org/wiki/Q2215964,,Isabella,Brandt,1591,Anvers,1626-07-15,Anvers,"personnage historique,muse",première femme de Pierre Paul Rubens,,4,3,Q12892,Q12892
Horapollon,https://www.wikidata.org/wiki/Q364379,"Horapollon le Jeune, Horapollon du Nil, Horapollon l'Egyptien, Oro Apolline",,Horapollon,500,Q3704933,500,,philosophe,philosophe antique,,4,3,Q3704933,
GuidoTarlati,https://www.wikidata.org/wiki/Q378128,Evêque d'Arezzo,Guido,Tarlati,1300,Arezzo,1327-10-21,Arezzo,personnage du clergé,évêque d'Arezzo,,4,3,Q13378,Q13378
SaintBasile,https://www.wikidata.org/wiki/Q1136050,,,Basile,296,Q170532,322,Q209349,"personnage du clergé,saint(e)",évêque et saint,,4,3,Q170532,Q209349
PieterCoeckeVanAelst,http://www.wikidata.org/entity/Q434006,,Pieter,Coecke van Aelst,1502-08-14,Alost,1550-12-06,Bruxelles,"artiste,peintre,architecte",peintre et architecte-scénographe flamand (1502–1550),,4,3,Q13121,Q239
BlaiseFrancoisPagan,https://www.wikidata.org/wiki/Q2905786,,Blaise François de,Pagan,1604-03-03,Q631606,1665-11-18,Paris,"auteur(e) de textes,architecte,militaire,ingénieur","ingénieur militaire français et maréchal de camp, théoricien de la fortification et scientifique",,4,3,Q631606,Q90
TheodoreDeSamos,https://www.wikidata.org/wiki/Q3286634,Theodore de Samos,Théodore de,Samos,-550,Samos,,,"artiste,architecte",architecte grec,,4,3,Q156882,
ErcoleProcacciniI,http://www.wikidata.org/entity/Q3056023,Ercole Procaccini l'Ancien,Ercole,Procaccini,1520,Bologne,1595-01-13,Milan,"artiste,peintre",peintre italien,,4,3,Q1891,Q490
Henoch,https://www.wikidata.org/wiki/Q213027,,,Hénoch,,,,,personnage biblique,patriarche antédiluvien,,4,3,,
HieronymusCock,http://www.wikidata.org/entity/Q640361,,Hieronymus,Cock,1518,Anvers,1570-10-20,Anvers,"artiste,graveur(euse),éditeur",graveur et imprimeur anversois (1518-1570),,4,3,Q12892,Q12892
AnnibaleFontana,http://www.wikidata.org/entity/Q3618059,,Annibale,Fontana,1540,Milan,1587,Milan,"artiste,sculpteur",sculpteur et médailleur italien,,4,3,Q490,Q490
JanCorneliszVermeyen,http://www.wikidata.org/entity/Q240396,Jan Cornelisz Vermeyen,Jan,Vermeyen,1500,Q9905,1559,Bruxelles,"artiste,peintre",peintre néerlandais,,4,3,Q9905,Q239
MartinSchongauer,https://www.wikidata.org/wiki/Q155575,,Martin,Schongauer,1440,Q130994,1491-02-02,Q489911,"artiste,peintre,graveur(euse)",peintre et graveur alsacien,,4,3,Q130994,Q489911
NiccoloTartaglia,https://www.wikidata.org/wiki/Q201543,"Niccolò Tartaglia, Il Tartaglia",Niccolò,Fontana,1499,Brescia,1557-12-13,Venise,mathématicien,mathématicien italien,,4,3,Q6221,Q641
JacobJordaens,http://www.wikidata.org/entity/Q270658,,Jacob,Jordaens,1593-05-19,Anvers,1678-10-18,Anvers,"artiste,peintre,graveur(euse)","peintre, dessinateur et graveur flamand (1593-1678)",,4,3,Q12892,Q12892
Jamblique,https://www.wikidata.org/wiki/Q310916,Jamblique,,Iamblichos,245,Q979091,325,,philosophe,philosophe néo-platonicien,,4,3,Q979091,
Palma,,,,,,,,,,peintre,,2,3,,
PaulII,https://www.wikidata.org/wiki/Q102605,Paul II,Pietro,Barbo,1417-02-23,Venise,1471-07-26,Rome,pape,"211e pape de l'Église catholique, de 1464 à 1471",,4,3,Q641,Q220
GiulioClovio,http://www.wikidata.org/entity/Q281219,,Giulio,Clovio,1498,Q985624,1578-01-03,Rome,"artiste,peintre",peintre italien,,4,3,Q985624,Q220
FriedrichIBrentel,http://www.wikidata.org/entity/Q5503769,Friedrich Brentel l'Ancien,Friedrich,Brentel,1580-07-09,Q572921,1651-05-17,Strasbourg,"artiste,peintre,graveur(euse)",graveur et peintre miniaturiste allemand,,4,3,Q572921,Q6602
GuillaumeBude,,,,,,,,,,auteur,,2,3,,
CharlesV,https://www.wikidata.org/wiki/Q167782,Charles V,,Charles V,1338-01-21,Q193819,1380-09-16,Paris,personnage politique,roi de France de 1364 à 1380,,4,3,Q193819,Q90
CharlesVI,https://www.wikidata.org/wiki/Q160349,Charles VI,,Charles VI,1368-12-03,Paris,1422-10-21,Paris,personnage politique,roi de France de 1380 à 1422,,4,3,Q90,Q90
Tissapherne,https://www.wikidata.org/wiki/Q355727,,,Tissapherne,-445,,-395,Q1001370,personnage politique,satrape en 413 de Lydie et de Carie,,4,3,,Q1001370
GiuseppePorta,http://www.wikidata.org/entity/Q3108131,Il Salviati,Giuseppe,Porta,1520,Q216903,1575,Venise,"artiste,peintre",peintre italien,,4,3,Q216903,Q641
Phlegias,https://www.wikidata.org/wiki/Q831583,,,Phlégyas,,,,,personnage mythologique,personnage de la mythologie grecque,,4,3,,
DenysHalicarnasse,https://www.wikidata.org/wiki/Q26204,,Denys d’,Halicarnasse,-60,Q5843680,-7,Rome,auteur(e) de textes,historien grec,,4,3,Q5843680,Q220
BernardinoLanino,http://www.wikidata.org/entity/Q2898897,,Bernardino,Lanino,1512,Q40834,1583,Vercelli,"artiste,peintre",peintre italien,,4,3,Q40834,Q5990
BenedettoCaliari,http://www.wikidata.org/entity/Q2054338,,Benedetto,Caliari,1538,Verone,1598,Venise,"artiste,peintre",peintre italien,,4,3,Q2028,Q641
NicolasLanglois,http://www.wikidata.org/entity/Q29436209,,Nicolas,Langlois,1640,Paris,1703,Paris,"graveur(euse),éditeur",graveur et éditeur français,,4,3,Q90,Q90
Goliath,https://www.wikidata.org/wiki/Q192785,,,Goliath,-1100,Q1444404,-1023,Q1444404,personnage biblique,personnage biblique du Tanakh et de l'Ancien Testament,,4,3,Q1444404,Q1444404
BartolomeoRidolfi,https://www.wikidata.org/wiki/Q3635411,,Bartolomeo,Ridolfi,,Q47989,1570,,"artiste,sculpteur",sculpteur italien,,4,3,Q47989,
HubertusGoltzius,http://www.wikidata.org/entity/Q1866375,,Hubertus,Goltzius,1526-10-30,Venloo,1583-03-24,Bruges,"artiste,peintre,graveur(euse)",peintre et graveur néerlandais,,4,3,Q9777,Q12994
Remus,https://www.wikidata.org/wiki/Q1242632,,,Remus,-771,Q335070,-753,Rome,"personnage mythologique,personnage politique","frère jumeau du fondateur et premier roi légendaire de Rome, Romulus",,4,3,Q335070,Q220
CalypsoPeintre,,,,Calypso,,,,,,,,2,3,,
CaterinaCantoni,https://www.wikidata.org/wiki/Q123753387,,Caterina,Cantoni,1542,,1605-08-13,Milan,artiste,brodeuse italienne (1530 - 1605),,4,3,,Q490
GiovanniPisano,http://www.wikidata.org/entity/Q314932,,Giovanni,Pisano,1248,Pise,1315,Sienne,"artiste,sculpteur,architecte",sculpteur et architecte italien,,4,3,Q13375,Q2751
FrancoisIIGonzague,https://www.wikidata.org/wiki/Q715191,,François II,Gonzague,1466-08-10,Mantoue,1519-03-29,Mantoue,personnage politique,noble italien,,4,3,Q6247,Q6247
RaphaelArchange,https://www.wikidata.org/wiki/Q56951,,,Raphaël,,,,,personnage biblique,archange,,4,3,,
AnselmusBoetiusDeBoodt,https://www.wikidata.org/wiki/Q1818116,,Anselmus Boetius de,Boodt,1550,Bruges,1632-06-21,Bruges,"auteur(e) de textes,médecin","naturaliste, médecin gemmologue flamand",,4,3,Q12994,Q12994
NicomaqueGerase,https://www.wikidata.org/wiki/Q360366,,Nicomaque de,Gérase,60,Q31565,120,,mathématicien,mathématicien grec de l'Antiquité,,4,3,Q31565,
HendrickGoudt,http://www.wikidata.org/entity/Q2101519,,Hendrick,Goudt,1583,LaHaye,1648-12-18,Utrecht,"artiste,peintre",peintre hollandais,,4,3,Q36600,Q803
SainteMarieEgyptienne,https://www.wikidata.org/wiki/Q237583,Marie l'Egyptienne,,Marie l'Egyptienne,344,Alexandrie,421,Q23792,"personnage biblique,saint(e)",sainte ermite chrétienne,,4,3,Q87,Q23792
JanBoth,http://www.wikidata.org/entity/Q981631,,Jan,Both,1618,Utrecht,1652-08,Utrecht,"artiste,peintre,graveur(euse)",peintre et graveur néerlandais (1618-1652),,4,3,Q803,Q803
AndriesBoth,http://www.wikidata.org/entity/Q510472,,Andries,Both,1612,Utrecht,1642-03-23,Venise,"artiste,peintre",peintre néerlandais,,4,3,Q803,Q641
HubertVanEyck,http://www.wikidata.org/entity/Q364350,,Hubert van,Eyck,1366,Maaseik,1426-09-18,Gand,"artiste,peintre",peintre flamand,,4,3,Q110989,Q1296
ErasmusIIQuellinus,http://www.wikidata.org/entity/Q625228,Erasmus Quellinus II,Erasmus,Quellinus,1607-11-19,Anvers,1678-11-07,Anvers,"artiste,peintre",peintre flamand (1607-1678),,4,3,Q12892,Q12892
LapoGucci,,,,,,,,,,peintre,,2,3,,
Meduse,https://www.wikidata.org/wiki/Q160730,,,Méduse,,,,,personnage mythologique,"dans la mythologie grecque, l’une des trois Gorgones, décapitée par Persée",,4,3,,
BorisI,https://www.wikidata.org/wiki/Q311057,,,Boris I,828,Q318889,0907-05-02,Q243616,personnage politique,khan puis knez de Bulgarie (852-889).,,4,3,Q318889,Q243616
PaoloPino,http://www.wikidata.org/entity/Q3362655,,Paolo,Pino,1534,Venise,1565,Venise,"artiste,peintre",peintre italien,,4,3,Q641,Q641
NiccoloTornioli,http://www.wikidata.org/entity/Q934228,,Niccolò,Tornioli,1598,Sienne,1651-08-18,Rome,"artiste,peintre",peintre italien,,4,3,Q2751,Q220
FrancescoDelMonte,https://www.wikidata.org/wiki/Q140106,,Francesco Maria,Bourbon del Monte Santa Maria,1549-07-05,Venise,1627-08-27,Rome,personnage du clergé,cardinal de l'Église catholique romaine,,4,3,Q641,Q220
Genseric,https://www.wikidata.org/wiki/Q152127,,,Genseric,389,Q6383,0477-01-25,Carthage,personnage politique,roi des Vandales et des Alains (428-477),,4,3,Q6383,Q6343
HendrickVerschuring,http://www.wikidata.org/entity/Q1605114,,Hendrick,Verschuring,1627,Gorinchem,1690-04-26,Dordrecht,"artiste,peintre",peintre néerlandais,,4,3,Q244327,Q26421
RogierVanDerWeyden,http://www.wikidata.org/entity/Q68631,,Rogier van der,Weyden,1390,Tournai,1464-06-18,Bruxelles,"artiste,peintre",peintre primitif flamand,,4,3,Q173219,Q239
LuigiDeRossi,https://www.wikidata.org/wiki/Q733662,,Luigi de',Rossi,1474-08-06,Florence,1519-08-20,Rome,personnage du clergé,cardinal de l'Église catholique romaine,,4,3,Q2044,Q220
LeonVArmenien,https://www.wikidata.org/wiki/Q41641,Léon V l'Armenien,,Leon V,775,Q2981019,0820-12-29,Constantinople,personnage politique,empereur byzantin de 813 à 820,,4,3,Q2981019,Q16869
FrancescoVecellio,http://www.wikidata.org/entity/Q1743903,,Francesco,Vecellio,1475,Cadore,1560,Cadore,"artiste,peintre",peintre italien,,4,3,Q41065,Q41065
GiovanniFilippoGherardini,,,,,,,,,,auteur,,2,3,,
Vegece,https://www.wikidata.org/wiki/Q4298,,,Végèce,400,,450,,auteur(e) de textes,écrivain militaire latin,,4,3,,
PietroCataneo,http://www.wikidata.org/entity/Q970999,,Pietro,Cataneo,1510,Sienne,1569,Sienne,"artiste,architecte,mathématicien",architecte et mathématicien,,4,3,Q2751,Q2751
BenedettoGhirlandaio,http://www.wikidata.org/entity/Q2554861,,Benedetto,Ghirlandaio,1458,Florence,1497-07-17,Florence,"artiste,peintre",peintre italien,,4,3,Q2044,Q2044
JacquesLemercier,http://www.wikidata.org/entity/Q708858,,Jacques,Lemercier,1585,Q201352,1654-01-13,Paris,"artiste,architecte",architecte français,,4,3,Q201352,Q90
MariaFrancescaBibbiena,,,Maria Francesca,Bibbiena,,,,,,,,2,3,,
Cacus,https://www.wikidata.org/wiki/Q754686,,,Cacus,,,,,personnage mythologique,"fils de Vulcain, Géant qui vomit des tourbillons de flamme et de fumée",,4,3,,
ElisabethI,https://www.wikidata.org/wiki/Q7207,Elisabeth Iere,Elisabeth,Tudor,1533-09-07,Q1424839,1603-03-24,Q1059945,personnage politique,reine d’Angleterre de 1558 à 1603,,4,3,Q1424839,Q1059945
GiovanniGrimani,https://www.wikidata.org/wiki/Q3767436,,Giovanni,Grimani,1506-07-08,Venise,1593-10-03,Venise,personnage du clergé,patriarche catholique,,4,3,Q641,Q641
DomenicoPucci,,,,,,,,,,peintre,,2,3,,
GermainPilon,http://www.wikidata.org/entity/Q554943,,Germain,Pilon,1525,Paris,1590-02-03,Paris,"artiste,sculpteur",sculpteur français,,4,3,Q90,Q90
Calamis,https://www.wikidata.org/wiki/Q918382,,,Calamis,-500,,-460,Q1524,"artiste,sculpteur",sculpteur grec,,4,3,,Q1524
GiovanniMariaFalconetto,http://www.wikidata.org/entity/Q1071025,,Giovanni Maria,Falconetto,1468,Verone,1535,Padoue,"artiste,architecte",architecte italien,,4,3,Q2028,Q617
GiovanniPietroBellori,http://www.wikidata.org/entity/Q714400,,Giovanni Pietro,Bellori,1613-01-15,Rome,1696-02-19,Rome,auteur(e) de textes,écrivain italien,,4,3,Q220,Q220
CamilloProcaccini,http://www.wikidata.org/entity/Q366999,,Camillo,Procaccini,1561-03-03,Parme,1629-08-21,Milan,"artiste,peintre",peintre italien,,4,3,Q2683,Q490
AntoineDurand,http://www.wikidata.org/entity/Q105112330,,Antoine,Durand,1611,Toulouse,1680-12-07,Toulouse,"artiste,peintre",peintre français,,4,3,Q7880,Q7880
GirolamoMassei,http://www.wikidata.org/entity/Q20735489,,Girolamo,Massei,1540,Lucques,1620,Lucques,"artiste,peintre",peintre italien,,4,3,Q13373,Q13373
IbnAlHaytham,https://www.wikidata.org/wiki/Q11104,"Alhazen, Alhacen, Azel (italien)",Abu Ali,al-Hasan ibn al-Hasan ibn al-Haytham,965,Q48195,1039,LeCaire,mathématicien,"mathématicien, opticien et astronome arabe",,4,3,Q48195,Q85
Argellius,,,,Argellius,,,,,,,,2,3,,
Athenodore,https://www.wikidata.org/wiki/Q182235,,,Athenodore,-0100-00-00,Rhodes,-100,,"artiste,sculpteur",sculpteur grec,,4,3,Q43048,
JanVanDerStraet,http://www.wikidata.org/entity/Q143595,Stradanus,Jan van der,Straet,1523,Bruges,1605-11-02,Florence,"artiste,peintre,graveur(euse)",peintre et graveur flamand (1523–1605),,4,3,Q12994,Q2044
Dagobert,https://www.wikidata.org/wiki/Q109860,,,Dagobert,611,,0639-01-19,SaintDenis,personnage politique,roi des Francs de la dynastie mérovingienne,,4,3,,Q160506
AntonioBadile,http://www.wikidata.org/entity/Q941609,,Antonio,Badile,1518,Verone,1560,Venise,"artiste,peintre",peintre italien de la renaissance,,4,3,Q2028,Q641
Ceres,https://www.wikidata.org/wiki/Q32102,,,Cérès,,,,,personnage mythologique,"déesse romaine de l'agriculture, des moissons et de la fécondité",,4,3,,
Achab,https://www.wikidata.org/wiki/Q235901,,,Achab,-918,,-852,Q2006096,personnage biblique,roi d'Israël,,4,3,,Q2006096
GlyconAthenes,https://www.wikidata.org/wiki/Q707097,,Glycon d',Athènes,-100,Q1524,-60,,"artiste,sculpteur",sculpteur grec,,4,3,Q1524,
HernanCortes,https://www.wikidata.org/wiki/Q7326,,Hernán,Cortés,1485,Q668384,1547-12-02,Q841589,personnage politique,conquistador espagnol (1485-1547),,4,3,Q668384,Q841589
JosephJusteScaliger,https://www.wikidata.org/wiki/Q315163,,Joseph Juste,Scaliger,1540-08-05,Q6625,1609-01-21,Leyde,auteur(e) de textes,"historien, philologue, chronologiste et historien français",,4,3,Q6625,Q43631
FerdinandElle,http://www.wikidata.org/entity/Q3068556,,Ferdinand,Elle,1570,Malines,1637,Paris,"artiste,peintre",peintre français,,4,3,Q162022,Q90
Menecmo,https://www.wikidata.org/wiki/Q451566,Menechino,,Menecmo,-380,Q4734309,-320,Q615449,mathématicien,mathématicien antique,,4,3,Q4734309,Q615449
Medicis,,,,Famille de Médicis,,,,,,,,2,3,,
SigismondI,https://www.wikidata.org/wiki/Q54056,,,Sigismond Ier,1467-01-01,Q990651,1548-04-01,Cracovie,personnage politique,roi de Pologne et grand-duc de Lituanie (1506-1548),,4,3,Q990651,Q31487
Amphiaraos,https://www.wikidata.org/wiki/Q330584,,,Amphiaraos,,,,,personnage mythologique,personnage de la mythologie grecque,,4,3,,
CamilloMassimi,https://www.wikidata.org/wiki/Q1081418,,Camillo,Massimi,1620-07-20,Rome,1677-09-12,Rome,personnage du clergé,prélat catholique,,4,3,Q220,Q220
GiacomoSoldati,https://www.wikidata.org/wiki/Q18763333,,Giacomo,Soldati,1540,Q67733,,Turin,ingénieur,ingénieur en génie hydraulique et militaire,,4,3,Q67733,Q495
PierFrancescoMola,http://www.wikidata.org/entity/Q1192715,,Pier Francesco,Mola,1612-02-09,Q67738,1666-05-13,Rome,"artiste,peintre",peintre suisse,,4,3,Q67738,Q220
ThomasMore,https://www.wikidata.org/wiki/Q42544,,Thomas,Morus,1478-02-07,Londres,1535-07-06,Q499565,philosophe,"philosophe, humaniste et théologien anglais",,4,3,Q84,Q499565
OrazioMelzi,,,Orazio,Melzi,,,,,,,,2,3,,
Arcadius,https://www.wikidata.org/wiki/Q159369,,,Arcadius,0377-01-01,Q186513,0408-05-01,Constantinople,personnage politique,empereur romain d'Orient de 395 à 408,,4,3,Q186513,Q16869
Antisthene,https://www.wikidata.org/wiki/Q179149,,,Antisthène le Corroyeur,-445,LePiree,-365,Q1524,philosophe,philosophe antique,,4,3,Q13426467,Q1524
MarioEquicola,http://www.wikidata.org/entity/Q3848545,,Mario,Equicola,1470,Q116390,1525-07-26,Mantoue,"auteur(e) de textes,philosophe",humaniste italien,,4,3,Q116390,Q6247
Agesandros,https://www.wikidata.org/wiki/Q983432,,,Agésandros,-50,Rhodes,-100,,"artiste,sculpteur",sculpteur grec,,4,3,Q43048,
CharlesErrard,http://www.wikidata.org/entity/Q706960,Charles Errard le Jeune,Charles,Errard,1606,Q12191,1689-05-25,Rome,"artiste,peintre,architecte,graveur(euse)","peintre, graveur et architecte français (1606-1689)",,4,3,Q12191,Q220
SaintMartine,https://www.wikidata.org/wiki/Q272101,,,Martine,,,228,Rome,saint(e),sainte romaine et martyr,,4,3,,Q220
Agenor,https://www.wikidata.org/wiki/Q392631,,,Agénor,,,,,personnage mythologique,"personnage de la mythologie grecque, fils de Poséidon",,4,3,,
Aristodeme,https://www.wikidata.org/wiki/Q15816269,,,Aristodème,,,,,personnage mythologique,"personnage de la mythologie grecque, fille de Priam",,4,3,,
TobiasStimmer,http://www.wikidata.org/entity/Q677071,,Tobias,Stimmer,1539-04-07,Schaffhouse,1584-01-04,Strasbourg,"artiste,peintre,graveur(euse)",peintre et graveur suisse,,4,3,Q9009,Q6602
AndreaSolario,http://www.wikidata.org/entity/Q495110,,Andrea,Solario,1460,Milan,1524,Milan,"artiste,peintre",peintre italien,,4,3,Q490,Q490
Aglaure,,,,Aglaure,,,,,personnage mythologique,,,2,3,,
PomponiusMela,https://www.wikidata.org/wiki/Q297515,,Pomponius,Mela,15,Q484552,100,Rome,auteur(e) de textes,géographe romain du Ier siècle,,4,3,Q484552,Q220
Medee,https://www.wikidata.org/wiki/Q174278,,,Medée,,,,,personnage mythologique,personnage de la mythologie grecque,,4,3,,
Antee,https://www.wikidata.org/wiki/Q272006,,,Antée,,,,,personnage mythologique,personnage légendaire des mythologies grecque et berbère,,4,3,,
CaiusMarius,https://www.wikidata.org/wiki/Q177975,,Caius,Marius,-157,Arpino,-86-01-13,Rome,personnage politique,général et homme politique romain,,4,3,Q116440,Q220
CarloDati,http://www.wikidata.org/entity/Q3659787,,Carlo,Dati,1619-10-12,Florence,1676-01-01,Florence,"auteur(e) de textes,philosophe",philologue et scientifique italien,,4,3,Q2044,Q2044
SimoneDeiCrocifissi,http://www.wikidata.org/entity/Q3484633,Simone dei Crocifissi,Simone,di Filippo Benetelli,1330,Bologne,1399,Bologne,"artiste,peintre",peintre italien,,4,3,Q1891,Q1891
Agatarque,,,,Agatarque,,,,,,,,2,3,,
Althee,https://www.wikidata.org/wiki/Q440440,,,Althée,,,,,personnage mythologique,personnage de la mythologie grecque,,4,3,,
MichelICoxie,http://www.wikidata.org/entity/Q937645,Michiel Coxie l'Ancien,Michiel,Coxie,1499-03-14,Q21765751,1592-03-03,Q100020,"artiste,peintre",peintre flamand,,4,3,Q21765751,Q100020
AhmosisII,https://www.wikidata.org/wiki/Q312045,,,Ahmôsis II,-610,,-526,,personnage politique,5e pharaon égyptien de la XXVIème dynastie,,4,3,,
Nausicaa,https://www.wikidata.org/wiki/Q135224,,,Nausicaa,,,,,personnage mythologique,personnage de la mythologie grecque,,4,3,,
AttaleII,https://www.wikidata.org/wiki/Q312431,Attale II Philadelphe,,Attale II,-220,,-138,Pergame,personnage politique,roi de Pergame (220-138 av. J.-C.),,4,3,,Q18986
NelloDiDino,,Bruno (ami de Buffalmacco),Nello di,Dino,,,,,,,,2,3,,
GiovanniAmbrogioMazenta,http://www.wikidata.org/entity/Q3766382,,Giovanni Ambrogio,Mazenta,1565,Milan,1635-12-23,Rome,"artiste,architecte",architecte italien,,4,3,Q490,Q220
Dinias,https://www.wikidata.org/wiki/Q11917928,,,Dinias,,,,,"artiste,peintre",peintre grec antique,,4,3,,
BonusEventus,https://www.wikidata.org/wiki/Q781780,,,Bonus Eventus,,,,,personnage mythologique,personnification divine dans la religion de la Rome antique,,4,3,,
PietroPaoloOlivieri,http://www.wikidata.org/entity/Q19569719,,Pietro Paolo,Olivieri,1551,Rome,1599-07-06,Rome,"artiste,architecte,sculpteur",sculpteur et architecte italien,,4,3,Q220,Q220
JacopoAvanzi,http://www.wikidata.org/entity/Q579717,,Jacopo,Avanzi,1350,Bologne,1416-01-21,,"artiste,peintre",peintre italien,,4,3,Q1891,
HeinrichAldegrever,http://www.wikidata.org/entity/Q62514,,Heinrich,Aldegrever,1502,Q2971,1558,Soest,"artiste,peintre,graveur(euse)",peintre et graveur allemand (1502-1561),,4,3,Q2971,Q6149
SigismondMalatesta,https://www.wikidata.org/wiki/Q506640,Sigismondo Pandolfo Malatesta,Sigismond,Malatesta,1417-06-19,Brescia,1468-10-07,Rimini,personnage politique,commandant italien (1417–1468),,4,3,Q6221,Q13369
AnneDAutriche,https://www.wikidata.org/wiki/Q151209,Anne d'Autriche,Anne d',Autriche,1601-09-22,Q8356,1666-01-20,Paris,personnage politique,"infante d’Espagne, reine consort de France et de Navarre (1601-1666)",,4,3,Q8356,Q90
IsaacMajor,http://www.wikidata.org/entity/Q21708176,,Isaac,Major,1576,Francfort,1645,Vienne,"artiste,peintre,graveur(euse)",peintre et graveur allemand,,4,3,Q1794,Q1741
MiltiadeLeJeune,https://www.wikidata.org/wiki/Q210350,Miltiade le Jeune,,Miltiade,-554,Q1524,-489,Q1524,personnage politique,stratège athénien,,4,3,Q1524,Q1524
MethodiusI,https://www.wikidata.org/wiki/Q1256661,,,Methodius I,788,Syracuse,0847-06-14,Constantinople,personnage politique,patriarche de Constantinople (843-847),,4,3,Q13670,Q16869
GregorioComanini,https://www.wikidata.org/wiki/Q3776496,,Gregorio,Comanini,1550,Mantoue,1608,Mantoue,auteur(e) de textes,poète et historien italien,,4,3,Q6247,Q6247
PierreIIMignard,http://www.wikidata.org/entity/Q3385503,Pierre Mignard le Jeune,Pierre,Mignard,1640-02-20,Avignon,1725-04-10,Avignon,"artiste,peintre,architecte",peintre et architecte français,,4,3,Q6397,Q6397
JacquesAndrouetDuCerceau,http://www.wikidata.org/entity/Q781934,,Jacques,Androuet du Cerceau,1510,Paris,1585,Q50189,"artiste,architecte,graveur(euse)",graveur et architecte français (c. 1515-1585),,4,3,Q90,Q50189
EmmanuelMaignan,https://www.wikidata.org/wiki/Q3052782,,Emmanuel,Maignan,1601-07-17,Toulouse,1676-10-29,Toulouse,auteur(e) de textes,théologien et physicien français du XVIIe siècle,,4,3,Q7880,Q7880
AntonioDaSangalloIlVecchio,http://www.wikidata.org/entity/Q456861,Antonio da Sangallo il Vecchio,Antonio da,Sangallo,1455,Florence,1534-12-27,Florence,"artiste,architecte",architecte italien,,4,3,Q2044,Q2044
Seth,https://www.wikidata.org/wiki/Q131795,,,Seth,,,,,personnage mythologique,divinité égyptienne,,4,3,,
Sophocle,https://www.wikidata.org/wiki/Q7235,,,Sophocle,-496,Q1235930,-406,Q1524,auteur(e) de textes,dramaturge de la Grèce antique,,4,3,Q1235930,Q1524
GiulianoDaSangallo,http://www.wikidata.org/entity/Q312365,,Giuliano da,Sangallo,1445,Florence,1516-10-20,Florence,"artiste,sculpteur,architecte,ingénieur","architecte, ingénieur militaire et sculpteur italien (1445-1516)",,4,3,Q2044,Q2044
AmbrogioSpinola,https://www.wikidata.org/wiki/Q359936,Marquis Spinola,Ambrogio,Spinola Doria,1569,Genes,1630-09-25,Q17338,militaire,général italien,,4,3,Q1449,Q17338
MicheleSanmicheli,http://www.wikidata.org/entity/Q459937,,Michele,Sanmicheli,1484,Verone,1559,Verone,"artiste,architecte",architecte italien,,4,3,Q2028,Q2028
GirolamoSiciolante,http://www.wikidata.org/entity/Q2296884,,Girolamo,Siciolante da Sermoneta,1521,Sermoneta,1575,Rome,"artiste,peintre",peintre italien,,4,3,Q128202,Q220
TitusAtticus,https://www.wikidata.org/wiki/Q311733,,Titus Pomponius,Atticus,-110,Q1747689,-32,Rome,"auteur(e) de textes,militaire","chevalier romain, ami et correspondant de Cicéron",,4,3,Q1747689,Q220
HansVonAachen,http://www.wikidata.org/entity/Q152835,,Hans van,Aachen,1552,Cologne,1615-03-04,Prague,"artiste,peintre",peintre allemand (1552–1615),,4,3,Q365,Q1085
AldoManuzio,https://www.wikidata.org/wiki/Q213220,Alde Manuce,Aldo,Manuzio,1449,Q128057,1515-02-06,Venise,éditeur,imprimeur et humaniste italien du XVIe siècle,,4,3,Q128057,Q641
JustusVanEgmont,http://www.wikidata.org/entity/Q1034140,,Justus van,Egmont,1601-09-22,Leyde,1674-01-08,Anvers,"artiste,peintre",peintre flamand,,4,3,Q43631,Q12892
DemarateDeCorinthe,https://www.wikidata.org/wiki/Q458754,,Demarate de,Corinthe,-700,Q1363688,-700,Q21580466,personnage politique,noble corinthien,,4,3,Q1363688,Q21580466
EleonoraMedici,https://www.wikidata.org/wiki/Q1991420,,Eleonora,Medici,1567-02-28,Florence,1611-09-09,Q42321,personnage politique,duchesse de Mantoue,,4,3,Q2044,Q42321
SainteAnne,https://www.wikidata.org/wiki/Q164294,,,Anne,-55,Q5776,12,Q430776,saint(e),mère de Marie de Nazareth,,4,3,Q5776,Q430776
CatherineDeMedicis,https://www.wikidata.org/wiki/Q131552,,Catherine de,Médicis,1519-04-13,Florence,1589-01-05,Q4055,personnage politique,reine-consort et régente du royaume de France,,4,3,Q2044,Q4055
Matelda,https://www.wikidata.org/wiki/Q3851720,Mathilde,,Matelda,,,,,personnage littéraire,personnage de la Divine Comédie de Dante,,4,3,,
SylvestreI,https://www.wikidata.org/wiki/Q47149,,,Sylvestre I,300,Rome,0335-12-31,Rome,personnage du clergé,évêque de Rome de 314 à 335,,4,3,Q220,Q220
AbrahamJanszVanDiepenbeeck,http://www.wikidata.org/entity/Q330854,,Abraham  Jansz van,Diepenbeeck,1596-05-09,BoisLeDuc,1675-12,Anvers,"artiste,peintre",peintre néerlandais,,4,3,Q2766547,Q12892
ConstantinVI,https://www.wikidata.org/wiki/Q41661,,,Constantin VI,0771-01-14,Constantinople,798,Constantinople,personnage politique,empereur byzantin de 780 à 797,,4,3,Q16869,Q16869
BernardoVecchietti,https://www.wikidata.org/wiki/Q52153968,,Bernardo,Vecchietti,1514-03-31,Florence,1590-12-20,Florence,"personnage politique,mécène",premier protecteur à Florence de Jean Bologne,,4,2,Q2044,Q2044
MaximilienIDuc,https://www.wikidata.org/wiki/Q57206,,,Maximilien Ier,1573-04-17,Munich,1651-09-27,Ingolstadt,personnage politique,duc puis électeur de Bavière,,4,2,Q1726,Q3004
LorenzoNaldini,http://www.wikidata.org/entity/Q98323508,,Lorenzo,Naldini,,Florence,1569,Paris,"artiste,peintre,sculpteur","sculpteur, stucateur et peintre italien, actif en France",,4,2,Q2044,Q90
Jeroboam,,,,Jéroboam,,,,,,,,2,2,,
JulienApostat,https://www.wikidata.org/wiki/Q33941,Julien l'Apostat,,Julien l'apostat,0331-11-17,Constantinople,0363-06-26,Mesopotamie,personnage politique,empereur romain de 361 à 363,,4,2,Q16869,Q11767
Kemoch,https://www.wikidata.org/wiki/Q1725600,,,Kemoch,,,,,personnage mythologique,dieu des Moabites,,4,2,,
SigismondIII,https://www.wikidata.org/wiki/Q52940,Sigismond III,,Sigismond III,1566-06-20,Q714783,1632-04-19,Q270,personnage politique,roi de Pologne et grand-duc de Lituanie (1587-1632) et roi de Suède (1592-1599),,4,2,Q714783,Q270
OrazioVecellio,http://www.wikidata.org/entity/Q7099974,,Orazio,Vecellio,1525,Venise,1576-10-23,Venise,"artiste,peintre","peintre, fils du Titien",,4,2,Q641,Q641
GerardSeghers,http://www.wikidata.org/entity/Q951884,,Gerard,Seghers,1591-03-17,Anvers,1651-03-18,Anvers,"artiste,peintre",peintre flamand,,4,2,Q12892,Q12892
FerdinandIDeMedicis,https://www.wikidata.org/wiki/Q297483,Ferdinand Ier de Médicis,Ferdinand de,Medicis,1549-07-30,Florence,1609-02-17,Florence,personnage du clergé,cardinal italien et grand-duc de Toscane,,4,2,Q2044,Q2044
DianeDePoitiers,https://www.wikidata.org/wiki/Q276010,,Diane de,Poitiers,1499-09-03,Q219321,1566-04-25,Q2032524,personnage politique,"noble française du XVIe siècle, maîtresse du roi Henri II",,4,2,Q219321,Q2032524
WillemKey,http://www.wikidata.org/entity/Q1827660,,Willem,Key,1515,Breda,1568-06-05,Anvers,"artiste,peintre",peintre flamand,,4,2,Q40844,Q12892
BernardMedon,,,Bernard,Medon,,,,,,,,2,2,,
PierreDeMedicis,https://www.wikidata.org/wiki/Q262212,,Pierre de,Médicis,1472-02-15,Florence,1503-12-28,Gaete,personnage politique,homme politique florentin,,4,2,Q2044,Q128089
GiuseppeMeda,http://www.wikidata.org/entity/Q3108095,,Giuseppe,Meda,1534,Milan,1599,Milan,"artiste,peintre",peintre italien,,4,2,Q490,Q490
OrazioScotti,,,Orazio,Scotti,,,,,,,,2,2,,
VincenzoTamagni,http://www.wikidata.org/entity/Q524497,,Vincenzo,Tamagni,1492-04-10,Q91413,1530,Q91413,"artiste,peintre",peintre italien,,4,2,Q91413,Q91413
GiovanniMariaVerdizotti,http://www.wikidata.org/entity/Q4107591,,Giovanni Maria,Verdizotti,1525,Venise,1600,Venise,"artiste,auteur(e) de textes","artiste et écrivain italien, auteur d'un recueil de fables",,4,2,Q641,Q641
SeleucosI,https://www.wikidata.org/wiki/Q184176,,,Séleucos Ier,-358,Q16659185,-281,Lysimacheia,personnage politique,souverain du royaume séleucide,,4,2,Q16659185,Q517690
GiovanniBattistaDellaPorta,https://www.wikidata.org/wiki/Q334154,Giambattista/Giovambattista,Giovanni Battista della,Porta,1535-11-01,Q72732,1615-02-04,Naples,auteur(e) de textes,alchimiste et écrivain italien,,4,2,Q72732,Q2634
SaintPotit,https://www.wikidata.org/wiki/Q3947840,Saint Potit,,Saint Potit,145,Q472,160,Q52336,saint(e),Martyr du IIe siècle,,4,2,Q472,Q52336
GaetanoZumbo,http://www.wikidata.org/entity/Q547564,,Gaetano,Giulio Zumbo,1656,Syracuse,1701-12-22,Paris,"artiste,sculpteur",sculpteur italien,,4,2,Q13670,Q90
Psammetique,https://www.wikidata.org/wiki/Q328763,,,Psammétique Ier,-700,,-610,Q1810451,personnage politique,1er pharaon égyptien de la XXVIème dynastie,,4,2,,Q1810451
Proxenidas,,,,Proxenidas,,,,,,,,2,2,,
PieterPourbus,http://www.wikidata.org/entity/Q981558,,Pieter,Pourbus,1523,Gouda,1584-01-30,Bruges,"artiste,peintre,sculpteur","peintre flamand, sculpteur, dessinateur et cartographe",,4,2,Q84125,Q12994
Protagoras,https://www.wikidata.org/wiki/Q169243,,,Protagoras,-490,Q132527193,-420,Q37495,philosophe,philosophe antique,,4,2,Q132527193,Q37495
Zephyr,https://www.wikidata.org/wiki/Q467515,Zefiro (it),,Zéphyr,,,,,personnage mythologique,"personnification du vent d'ouest ou du nord-ouest, dans la mythologie grecque",,4,2,,
FransSnyders,http://www.wikidata.org/entity/Q29231,,Frans,Snyders,1579-11-11,Anvers,1657-08-19,Anvers,"artiste,peintre",peintre flamand (1579-1657),,4,2,Q12892,Q12892
PhiloclesdEgypte,,,Philoclès d',Égypte,,,,,,,,2,2,,
CharlesPoerson,http://www.wikidata.org/entity/Q2960032,,Charles,Poerson,1609,Q22690,1667-03-05,Paris,"artiste,peintre",peintre et dessinateur français,,4,2,Q22690,Q90
DariusI,https://www.wikidata.org/wiki/Q44387,,,Darius le Grand,-550,,-486-11,,personnage politique,grand roi de l'Empire perse,,4,2,,
Metagenes,https://www.wikidata.org/wiki/Q862593,,,Metagenes,-550,Cnossos,,,"artiste,architecte",architecte antique actif à Éphèse,,4,2,Q173527,
FransVanMieris,http://www.wikidata.org/entity/Q959236,Frans van Mieris l'Ancien,Frans van,Mieris,1635-04-16,Leyde,1681-03-12,Leyde,"artiste,peintre",peintre néerlandais (1635–1681),,4,2,Q43631,Q43631
PaoloSfondrati,https://www.wikidata.org/wiki/Q116470973,,Paolo,Sfondrati,1538-11-20,Milan,1587-04,Turin,personnage politique,"sixième des enfants nés du mariage entre le sénateur Francesco et Anna Visconti, comte de Lonate Pozzolo, et époux de Sigismonda d'Este, cousine du duc de Ferrare, Ercole II d'Este, et sœur aînée de Filippo d'Este, marquis de San Martino in Rio",,4,2,Q490,Q495
AndreaSguazzella,http://www.wikidata.org/entity/Q3616052,,Andrea,Sguazzella,,,,,"artiste,peintre",peintre italien,,4,2,,
Longin,https://www.wikidata.org/wiki/Q744540,Longin,,Pseudo-Longin,100,,100,,auteur(e) de textes,auteur anonyme du Traité du sublime,,4,2,,
Sigismond,https://www.wikidata.org/wiki/Q318347,San Sigismondo,,Sigismond,475,,0524-05-01,Orleans,personnage politique,roi des Burgondes (516-523) et saint chrétien,,4,2,,Q6548
LouisDeMontjosieu,https://www.wikidata.org/wiki/Q21036045,Demontiosius,Louis de,Montjosieu,1583,,1649,,auteur(e) de textes,"mathématicien, philologue et musicologue français",,4,2,,
GiovanniGirolamoMorone,https://www.wikidata.org/wiki/Q82697,,Giovanni Girolamo,Morone,1509-01-25,Milan,1580-12-01,Rome,personnage du clergé,prélat catholique,,4,2,Q490,Q220
SeptimeSevere,https://www.wikidata.org/wiki/Q1442,,,Septime Sévère,0146-04-11,Q191504,0211-02-04,Q958954,personnage politique,empereur romain de 193 à 211,,4,2,Q191504,Q958954
Japet,https://www.wikidata.org/wiki/Q179543,,,Japet,,,,,personnage mythologique,personnage de la mythologie grecque,,4,2,,
ClaudeMellan,http://www.wikidata.org/entity/Q1274026,,Claude,Mellan,1598-05-23,Q28520,1688-09-09,Paris,"artiste,peintre,graveur(euse)",peintre et graveur français,,4,2,Q28520,Q90
Pulcherie,https://www.wikidata.org/wiki/Q231919,,,Pulcherie,0399-01-19,Constantinople,453-07,Constantinople,personnage politique,impératrice byzantine,,4,2,Q16869,Q16869
AbrahamJanssens,http://www.wikidata.org/entity/Q330139,,Abraham,Janssens,1575,Anvers,1632-01-25,Anvers,"artiste,peintre",peintre flamand,,4,2,Q12892,Q12892
ClaudeVignon,http://www.wikidata.org/entity/Q591684,,Claude,Vignon,1593-05-19,Tours,1670-05-10,Paris,"artiste,peintre",peintre français (1593–1670),,4,2,Q288,Q90
JacquesIer,https://www.wikidata.org/wiki/Q79972,,,Jacques Ier,1566-06-19,Q212065,1625-03-27,Q512922,personnage politique,roi d'Écosse (1566-1625) et roi d'Angleterre et d'Irlande de 1603 à 1625 (1566-1625),,4,2,Q212065,Q512922
AntonioLabacco,http://www.wikidata.org/entity/Q2290168,,Antonio,Labacco,1495,Vercelli,1570,Rome,"artiste,architecte,graveur(euse)",architecte et graveur italien (c. 1495-1570),,4,2,Q5990,Q220
AntoineDeVille,,,,,,,,,,"artist, wood engraver",,2,2,,
PhilippeMarieVisconti,https://www.wikidata.org/wiki/Q289285,,Philippe Marie,Visconti,1392-09-03,Milan,1447-08-13,Milan,personnage politique,le 3e duc de Milan,,4,2,Q490,Q490
PaulusPontius,http://www.wikidata.org/entity/Q1854445,,Paulus,Pontius,1603-05-27,Anvers,1658-01-16,Anvers,"artiste,graveur(euse)",graveur flamand (1603-1658),,4,2,Q12892,Q12892
IsraelSilvestre,http://www.wikidata.org/entity/Q358612,,Israël,Silvestre,1621-08-13,Nancy,1691-10-11,Paris,"artiste,graveur(euse)","dessinateur, graveur et collectionneur d’art lorrain",,4,2,Q40898,Q90
AttiusPriscus,https://www.wikidata.org/wiki/Q780907,,Atticus,Priscus,,,,,"artiste,peintre",peintre romain,,4,2,,
LucasVorsterman,http://www.wikidata.org/entity/Q897552,Lucas Vorsterman l'Ancien,Lucas,Vorsterman,1595,Q73462,1675,Anvers,"artiste,graveur(euse)",graveur flamand,,4,2,Q73462,Q12892
JacquiotPonce,http://www.wikidata.org/entity/Q3396131,,Ponce,Jacquiot,1515,Q209790,1571,Paris,"artiste,peintre,sculpteur","sculpteur, stucateur et peintre français de la Renaissance",,4,2,Q209790,Q90
JeanPierreRivalz,http://www.wikidata.org/entity/Q3169711,,Jean-Pierre,Rivalz,1625-07-27,Q1086285,1706-05-17,Toulouse,"artiste,peintre,architecte",peintre et architecte français,,4,2,Q1086285,Q7880
PieterVanMol,http://www.wikidata.org/entity/Q1032847,,Pieter van,Mol,1599,Anvers,1650-04-08,Paris,"artiste,peintre",peintre flamand,,4,2,Q12892,Q90
PierreDeMarca,https://www.wikidata.org/wiki/Q2302035,,Pierre de,Marca,1594-01-24,Q859063,1662-06-29,Paris,personnage du clergé,archevêque français,,4,2,Q859063,Q90
PieterSaenredam,http://www.wikidata.org/entity/Q433804,,Pieter van,Saenredam,1597-06-09,Q1614461,1665-05-31,Haarlem,"artiste,peintre",peintre néerlandais (1597-1665),,4,2,Q1614461,Q9920
FrancescoDiPellegrino,https://www.wikidata.org/wiki/Q21546495,,Francesco di,Pellegrino,1500,Florence,1552,Paris,"artiste,peintre",peintre et décorateur italien,,4,2,Q2044,Q90
PhilippeThomassin,http://www.wikidata.org/entity/Q2087745,Philippe Thomassin,Filippo,Tommasini,1562-01-28,Troyes,1622-05-12,Rome,"artiste,graveur(euse)",graveur français (1562-1622),,4,2,Q5489,Q220
LouisXI,https://www.wikidata.org/wiki/Q8058,,,Louis XI,1423-07-03,Q132404,1483-08-30,Q638089,personnage politique,roi de France de 1461 à 1483,,4,2,Q132404,Q638089
AntoinePerrenotDeGranvelle,https://www.wikidata.org/wiki/Q451178,,Antoine,Perrenot de Granvelle,1517-08-20,Q37776,1586-09-21,Madrid,personnage du clergé,prélat catholique,,4,2,Q37776,Q2807
JacopoSannazaro,,,,,,,,,,auteur,,2,2,,
TheodorVanThulden,http://www.wikidata.org/entity/Q260817,,Theodor van,Thulden,1606-08-09,BoisLeDuc,1669-07-12,BoisLeDuc,"artiste,peintre,graveur(euse)","peintre, un dessinateur et un graveur flamand",,4,2,Q2766547,Q2766547
Themistocle,https://www.wikidata.org/wiki/Q179552,,,Thémistocle,-524,Q1524,-459,Q1432674,personnage politique,homme d'État et stratège athénien,,4,2,Q1524,Q1432674
MaryRuthven,https://www.wikidata.org/wiki/Q19610033,,Mary,Ruthven,1621,,1645,,"muse,personnage historique",épouse du peintre Anthony van Dyck,,4,2,,
SaintDamien,https://www.wikidata.org/wiki/Q76486,,,Saint Damien,,,,,saint(e),martyr et saint chrétien,,4,2,,
MarcantonioDellaTorre,https://www.wikidata.org/wiki/Q1752847,,Marcantonio della,Torre,1473,Verone,1511,Q194136,auteur(e) de textes,docteur en anatomie italien,,4,2,Q2028,Q194136
RobertoStrozzi,https://www.wikidata.org/wiki/Q21618876,,Roberto,Strozzi,1515,Florence,1566,Florence,personnage politique,fils du banquier florentin Philippe Strozzi et de Clarice de Médicis,,4,2,Q2044,Q2044
GirolamoRusticucci,,,Girolamo,Rusticucci,,,,,,,,2,2,,
AndreaSansovino,http://www.wikidata.org/entity/Q495011,,Andrea,Sansovino,1467,Q52086,1529,Q52086,"artiste,sculpteur",sculpteur italien,,4,2,Q52086,Q52086
AngeloDiLorentino,http://www.wikidata.org/entity/Q3617296,,Angelo di,Lorentino,1465,Arezzo,1527-08-23,Arezzo,"artiste,peintre",peintre italien,,4,2,Q13378,Q13378
GiovanniStrozzi,https://www.wikidata.org/wiki/Q11924261,,Giovanni,Strozzi,1551-03-29,Florence,1634,Florence,auteur(e) de textes,poète italien,,4,2,Q2044,Q2044
PhilipRubens,https://www.wikidata.org/wiki/Q15880673,,Philip,Rubens,1574-04-27,Q3167,1611-08-28,Anvers,auteur(e) de textes,archéologue et philologue anversois,,4,2,Q3167,Q12892
Phanostrate,https://www.wikidata.org/wiki/Q112074588,,,Phanostrate,,,-400,,"personnage historique,médecin",sage-femme et femme médecin grecque du IVe siècle av. J.-C.,,4,2,,
MichelIRhangabe,https://www.wikidata.org/wiki/Q41652,Michel Ier Rhangabé,,Michel Ier,770,Constantinople,0844-01-11,Q579117,personnage politique,empereur byzantin de 811 à 813,,4,2,Q16869,Q579117
GiovanniAntonioParacca,,,,,,,,,,"sculptor, active: 1572-1646",,2,2,,
BartolommeoRamenghi,http://www.wikidata.org/entity/Q740807,Il Bagnacavallo,Bartolomeo,Ramenghi,1484,Q52957,1542,Bologne,"artiste,peintre",peintre italien,,4,2,Q52957,Q1891
RichardTaurigny,,,,,,,,,,"carvers, artist, woodcarvers, sculptor",,2,2,,
Paciotto,http://www.wikidata.org/entity/Q505652,Paciotto, Francesco,Paciotto,1521,Q2759,1591-07-14,Q2759,"artiste,architecte",architecte italien,,4,2,Q2759,Q2759
SimonMagicien,https://www.wikidata.org/wiki/Q294795,Simon le Magicien,Simon,Magus,50,Q1294629,65,Rome,personnage biblique,mage gnostique du Ier siècle,,4,2,Q1294629,Q220
Othon,https://www.wikidata.org/wiki/Q1416,,Marcus Salvius,Otho,32-04-28,Q597347,69-04-16,Q3645134,personnage politique,septième empereur romain en 69,,4,2,Q597347,Q3645134
FrancescoOsanna,https://www.wikidata.org/wiki/Q55988940,,Francesco,Osanna,,,1608,,éditeur,imprimeur italien,,4,2,,
Levi,https://www.wikidata.org/wiki/Q215512,,,Lévi,-1566,Q1257454,-1429,,personnage biblique,troisième des douze fils de Jacob,,4,2,Q1257454,
LeonIV,https://www.wikidata.org/wiki/Q228205,,,Léon IV,790,Rome,0855-07-17,Rome,pape,pape de l’Église catholique romaine,,4,2,Q220,Q220
TitusTatius,https://www.wikidata.org/wiki/Q960039,,Titus,Tatius,-800,Q2246183,-800,Q1352586,personnage politique,co-roi de Rome avec Romulus,,4,2,Q2246183,Q1352586
BastianoDaSangallo,http://www.wikidata.org/entity/Q737782,Aristotile,Bastiano da,Sangallo,1481,Florence,1551-05-31,Florence,"artiste,peintre",peintre italien,,4,2,Q2044,Q2044
HerculeMalatesta,https://www.wikidata.org/wiki/Q3731200,,Ercole,Malatesta,,Q100065,1591,Q42782,"personnage politique,militaire",soldat et condottière italien,,4,2,Q100065,Q42782
DariusII,https://www.wikidata.org/wiki/Q202236,Darius II,Darius,Nothus,-475,Q3746183,-404-04,Babylone,personnage politique,roi achaménide,,4,2,Q3746183,Q5684
DavidITeniers,http://www.wikidata.org/entity/Q622729,David Teniers l'Ancien,David,Teniers,1582,Anvers,1649-07-29,Anvers,"artiste,peintre",peintre flamand (1582-1649),,4,2,Q12892,Q12892
Leochares,https://www.wikidata.org/wiki/Q323430,,,Léocharès,-400,Q1524,-400,,"artiste,sculpteur",sculpteur grec,,4,2,Q1524,
Lysandre,https://www.wikidata.org/wiki/Q143559,,,Lysandre,-401,Sparte,-395,Q359627,militaire,général spartiate,,4,2,Q5690,Q359627
LorenzoLuzzo,http://www.wikidata.org/entity/Q2307438,Il Morto da Feltre,Lorenzo,Luzzo,1480,Q1465,1527,Q3370,"artiste,peintre",peintre italien,,4,2,Q1465,Q3370
MargaritaLuti,https://www.wikidata.org/wiki/Q14798562,,Margarita,Luti,1500,Sienne,1522,Rome,muse,modèle de Raphaël,,4,2,Q2751,Q220
Pandrose,https://www.wikidata.org/wiki/Q633120,,,Pandrose,,,,,personnage mythologique,personnage de la mythologie grecque,,4,2,,
Notos,https://www.wikidata.org/wiki/Q903273,Austro (it),,Notos,,,,,personnage mythologique,divinité de la mythologie grecque,,4,2,,
UrbainIV,https://www.wikidata.org/wiki/Q169305,Urbain IV,Jacques,Pantaleon,1185,Troyes,1264-10-02,Perugia,pape,"182e pape de l’Église catholique, de 1261 à 1264",,4,2,Q5489,Q3437
DomenicoLonati,,,,,,,,,,architecte,,2,2,,
NicolasLoir,http://www.wikidata.org/entity/Q3340535,,Nicolas,Loir,1624-05-05,Paris,1679-05-06,Paris,"artiste,peintre",peintre français,,4,2,Q90,Q90
Liutprand,https://www.wikidata.org/wiki/Q251836,,,Liutprand,680,Milan,744-01,Pavie,personnage politique,roi des Lombards,,4,2,Q490,Q6259
Heliodore,https://www.wikidata.org/wiki/Q1397528,,,Héliodore,-250,Antioche,-175,,militaire,officier séleucide,,4,2,Q200441,
PhilippeLeBon,https://www.wikidata.org/wiki/Q239337,Phillipe le Bon,Philippe III de,Bourgogne,1396-07-31,Q7003,1467-06-15,Bruges,personnage politique,duc de Bourgogne et souverain des Pays-Bas bourguignons,,4,2,Q7003,Q12994
MarieTudor,https://www.wikidata.org/wiki/Q82674,"Marie Iere, Marie la Sanglante",Marie,Tudor,1516-02-18,Q1424839,1558-11-17,Q272162,personnage politique,reine d'Angleterre et d'Irlande de 1553 à 1558,,4,2,Q1424839,Q272162
PoncePilate,https://www.wikidata.org/wiki/Q17131,,Pontius,Pilatus,-12-12,Abruzzes,,,"personnage politique,personnage biblique",préfet romain de Judée entre 26 et 36 après J.C,,4,2,Q1284,
PierreLeMuet,http://www.wikidata.org/entity/Q951717,,Pierre,Le Muet,1591-10-07,Q7003,1669-09-28,Paris,"artiste,architecte",architecte français,,4,2,Q7003,Q90
ErcoleDeRoberti,http://www.wikidata.org/entity/Q379521,,Ercole,de' Roberti,1450,Ferrare,1496,Ferrare,"artiste,peintre",peintre italien,,4,2,Q13362,Q13362
CorneliusPinus,https://www.wikidata.org/wiki/Q869142,,Cornelius,Pinus,100,,,,"artiste,peintre",peintre romain,,4,2,,
CarloUrbino,http://www.wikidata.org/entity/Q2939264,,Carlo,Urbino,1525,Crema,1585,Crema,"artiste,peintre",peintre italien,,4,2,Q42793,Q42793
JacobMatham,http://www.wikidata.org/entity/Q577044,,Jacob,Matham,1571-10-15,Haarlem,1631-01-20,Haarlem,"artiste,graveur(euse)","graveur et dessinateur des Pays-Bas espagnols puis des Provinces-Unies, fils adoptif de Hendrick Goltzius",,4,2,Q9920,Q9920
JacquesLanglois,,,Jacques,Langlois,,,,,,,,2,2,,
JoostLips,https://www.wikidata.org/wiki/Q315871,,Joost,Lips,1547-10-18,Q599127,1606-03-23,Louvain,auteur(e) de textes,"juriste érudit flamand, théoricien de la défense civile",,4,2,Q599127,Q118958
PrudentiaVanDiependale,,,,,,,,,,painter,,2,2,,
MichelNatalis,http://www.wikidata.org/entity/Q1176744,,Michel,Natalis,1610-10-10,Liege,1668-09-03,Liege,"artiste,graveur(euse)",graveur liégeois,,4,2,Q3992,Q3992
LucaSchiavone,,,,,,,,,,tapissier,,2,2,,
PietroDeNatali,,Petrus de Natalibus,Pietro de’,Natali,,,,,,,,2,2,,
BonannoPisano,http://www.wikidata.org/entity/Q892084,,Bonanno,Pisano,1150,Pise,1180,,"artiste,sculpteur",sculpteur italien,,4,2,Q13375,
DominiqueLampsonius,http://www.wikidata.org/entity/Q1909526,,Dominique,Lampsonius,1532,Bruges,1599,Liege,"artiste,auteur(e) de textes,philosophe","humaniste, poète et artiste flamand",,4,2,Q12994,Q3992
Sozomene,https://www.wikidata.org/wiki/Q354350,,,Sozomène,400,Q803986,450,,auteur(e) de textes,historien chrétien,,4,2,Q803986,
Sostrate,https://www.wikidata.org/wiki/Q11950695,,,Sostrate,,,,,"artiste,sculpteur",sculpteur antique,,4,2,,
TeodoreLeLecteur,https://www.wikidata.org/wiki/Q920986,Teodore le Lecteur,Theodorus,Lector,450,,600,,auteur(e) de textes,historien byzantin,,4,2,,
SainteFelicite,https://www.wikidata.org/wiki/Q257960,,Félicité de,Rome,101,Rome,165,Rome,saint(e),,,4,2,Q220,Q220
GiovanniAntonioMassani,,Giovanni Atanasio Mosini,Giovanni Antonio,Massani,,,,,,,,2,2,,
AntonioDaTrento,http://www.wikidata.org/entity/Q3620374,,Antonio da,Trento,1508,Q3376,1550,Fontainebleau,"artiste,peintre",peintre italien,,4,2,Q3376,Q182872
Timotheos,https://www.wikidata.org/wiki/Q1342534,,,Timothéos,-400,Q233576,-340,Q233576,"artiste,sculpteur",sculpteur grec,,4,2,Q233576,Q233576
Sappho,https://www.wikidata.org/wiki/Q17892,,,Sappho,-650,Lesbos,-570,Leucade,auteur(e) de textes,poétesse lyrique grecque de l'Antiquité,,4,2,Q128087,Q190138
MariettaTintoretto,http://www.wikidata.org/entity/Q544173,La Tintoretta,Marietta,Robusti,1554,Venise,1590,Venise,"artiste,peintre",artiste peintre vénitienne de la Renaissance tardive,,4,2,Q641,Q641
NicephoreI,https://www.wikidata.org/wiki/Q208754,,,Nicephore Ier,750,Q621805,0811-07-26,Q318889,personnage politique,empereur byzantin de 802 à 811,,4,2,Q621805,Q318889
JacquesSarazin,http://www.wikidata.org/entity/Q1347676,,Jacques,Sarazin,1592,Q49831,1660-12-03,Paris,"artiste,sculpteur",sculpteur français,,4,2,Q49831,Q90
AlbertRubens,https://www.wikidata.org/wiki/Q21543225,,Albert,Rubens,1614-06-05,Anvers,1657-10-01,Bruxelles,auteur(e) de textes,historien et numismate flamand,,4,2,Q12892,Q239
Nestor,https://www.wikidata.org/wiki/Q193267,,,Nestor,,,,,personnage mythologique,personnage de la mythologie grecque,,4,2,,
HansIRottenhammer,http://www.wikidata.org/entity/Q559004,Hans Rottenhammer l'Ancien,Hans,Rottenhammer,1564,Munich,1625-08-14,Augsbourg,"artiste,peintre",peintre allemand (1564–1625),,4,2,Q1726,Q2749
MartinoRota,http://www.wikidata.org/entity/Q1984287,,Martino,Rota,1520,Q3549,1583,Vienne,"artiste,graveur(euse)",graveur et dessinateur italien (1520-1583),,4,2,Q3549,Q1741
FrancescoTorbido,http://www.wikidata.org/entity/Q1054349,Il Moro,Francesco,Torbido,1483,Venise,1562-10,Verone,"artiste,peintre",peintre italien,,4,2,Q641,Q2028
MichelDeMarolles,https://www.wikidata.org/wiki/Q673168,,Michel de,Marolles,1600-07-22,Q752916,1681-03-06,Paris,"personnage du clergé,auteur(e) de textes","prélat catholique, traducteur en français du Novum Testamentum d’Érasme",,4,2,Q752916,Q90
Sasabassar,,,,Sasabassar,,,,,,,,2,2,,
Philocles,https://www.wikidata.org/wiki/Q7186040,,,Philocles,,Q1524,,,auteur(e) de textes,poète tragique athénien,,4,2,Q1524,
ProperziaDeRossi,http://www.wikidata.org/entity/Q293106,,Properzia de',Rossi,1490,Bologne,1530,Bologne,"artiste,sculpteur",sculptrice italienne de la Renaissance,,4,2,Q1891,Q1891
LeonardoBruni,https://www.wikidata.org/wiki/Q314488,Léonard l'Arétin,Leonardo,Bruni,1369,Arezzo,1444-03-09,Florence,"auteur(e) de textes,philosophe","philosophe, historien, écrivain, traducteur et humaniste italien",,4,2,Q13378,Q2044
JeanToutin,http://www.wikidata.org/entity/Q6214373,,Jean,Toutin,1578,Chateaudun,1644-06-14,Paris,"artiste,graveur(euse)",orfèvre et graveur français,,4,2,Q181886,Q90
JeanLemaire,http://www.wikidata.org/entity/Q212445,,Jean,Lemaire,1598,Q250742,1659,Gaillon,"artiste,peintre",peintre français,,4,2,Q250742,Q627220
SaintCome,https://www.wikidata.org/wiki/Q76486,,,Saint Côme,,,,,saint(e),martyr et saint chrétien,,4,2,,
Œnone,https://www.wikidata.org/wiki/Q858671,,,Œnone,,,,,personnage mythologique,"nymphe de la mythologie grecque, fille de Cébren",,4,2,,
Achemenide,https://www.wikidata.org/wiki/Q930198,,,Achéménide,,,,,personnage mythologique,personnage de la mythologie grecque,,4,2,,
ElisabethDeFrance,https://www.wikidata.org/wiki/Q176041,,Elisabeth de,France,1545-04-02,Fontainebleau,1568-10-03,Q486792,personnage politique,reine d'Espagne,,4,2,Q182872,Q486792
Clelie,https://www.wikidata.org/wiki/Q868015,,,Clélie,,,,,personnage mythologique,figure semi-légendaire des débuts de Rome,,4,2,,
SainteCatherineDeSienne,https://www.wikidata.org/wiki/Q229190,Catherine de Sienne,Catherine,Benincasa,1347-03-25,Sienne,1380-04-29,Rome,"saint(e),auteur(e) de textes","tertiaire dominicaine, docteur de l’Église, mystique et théologienne italienne, sainte catholique",,4,2,Q2751,Q220
CharlesVII,https://www.wikidata.org/wiki/Q133372,Charles VII,,Charles VII,1403-02-22,Paris,1461-07-22,Q606352,personnage politique,roi de France de 1422 à 1461,,4,2,Q90,Q606352
HeleneFourment,https://www.wikidata.org/wiki/Q1965732,,Hélène,Fourment,1614-04-11,Anvers,1673-07-15,Bruxelles,"personnage historique,muse",seconde femme de Pierre Paul Rubens,,4,2,Q12892,Q239
FrancoisBelin,,,,,,,,,,"artist, painter",,2,2,,
CorneliusVanDerGeest,https://www.wikidata.org/wiki/Q5171269,,Cornelis van der,Geest,1577,,1638-03-10,Anvers,"mécène,personnage politique","négociant en épices, bourgeois d'Anvers, doyen de la corporation des merciers, qui consacra sa fortune à soutenir des artistes anversois et à se constituer une riche collection de peintures et de sculptures",,4,2,,Q12892
BaldassarreLanci,https://www.wikidata.org/wiki/Q804746,,Baldassarre,Lanci,1510,Q2759,1571,Florence,"artiste,architecte",architecte italien,,4,2,Q2759,Q2044
DoraliceFioravanti,,,Doralice,Fioravanti,,,,,,,,2,2,,
AmbrogioFigino,http://www.wikidata.org/entity/Q1525712,,Giovanni Ambrogio,Figino,1553,Milan,1608-10-11,Milan,"artiste,peintre",peintre italien,,4,2,Q490,Q490
FrancescoBassanoIlVecchio,http://www.wikidata.org/entity/Q3080906,Francesco Bassano il Vecchio,Francesco,Bassano,1475,Vicence,1539,,"artiste,peintre",peintre italien,,4,2,Q6537,
FrancescoFerrucci,http://www.wikidata.org/entity/Q3750862,,Francesco di,Simone Ferrucci,1497,Fiesole,1585-04-30,,"artiste,sculpteur",sculpteur italien,,4,2,Q82670,
AscanioCondivi,https://www.wikidata.org/wiki/Q721545,,Ascanio,Condivi,1525,Ripatransone,1574-12-10,Ripatransone,"artiste,peintre",peintre italien,,4,2,Q56086,Q56086
MarcoBasaiti,http://www.wikidata.org/entity/Q918859,,Marco,Basaiti,1470,Venise,1530,Venise,"artiste,peintre",peintre italien,,4,2,Q641,Q641
GabrieleGiolitoDeFerrari,https://www.wikidata.org/wiki/Q1490296,,Gabriele,Giolito de' Ferrari,1508,Q25213,1578,Venise,éditeur,imprimeur et éditeur italien,,4,2,Q25213,Q641
TaddeoDiBartolo,http://www.wikidata.org/entity/Q740231,,Taddeo di,Bartolo,1362,Sienne,1422-08-26,Sienne,"artiste,peintre",peintre italien,,4,2,Q2751,Q2751
FerdinandAutriche,https://www.wikidata.org/wiki/Q559041,Cardinal Infant,,Ferdinand d'Autriche,1609-05-16,Q28471,1641-11-09,Q9005,personnage du clergé,cardinal de l'Église catholique romaine,,4,2,Q28471,Q9005
AndreaFeltrini,http://www.wikidata.org/entity/Q2846439,,Andrea ci,Cosimo Feltrini,1477-03-12,Florence,1548-05-12,Florence,"artiste,peintre",peintre italien,,4,2,Q2044,Q2044
JohannesOckeghem,https://www.wikidata.org/wiki/Q143059,,Johannes,Ockeghem,1410,Q668950,1497-02-06,Tours,compositeur,compositeur français du XVe siècle,,4,2,Q668950,Q288
Fauna,https://www.wikidata.org/wiki/Q1042300,,,Fauna,,,,,personnage mythologique,déesse rustique et champêtre dans la religion romaine,,4,2,,
ConstantII,https://www.wikidata.org/wiki/Q41613,,,Constant II,0630-11-07,Constantinople,0668-09-15,Syracuse,personnage politique,empereur byzantin de 641 à 668,,4,2,Q16869,Q13670
TommasoBarlacchi,http://www.wikidata.org/entity/Q21555335,,Tommaso,Barlacchi,,,,,éditeur,éditeur,,4,2,,
Echo,https://www.wikidata.org/wiki/Q207368,,,Écho,,,,,personnage mythologique,Oréade de la mythologie grecque,,4,2,,
Clovis,https://www.wikidata.org/wiki/Q82339,,,Clovis,466,,0511-11-27,Paris,personnage politique,roi des Francs de 481 à 511,,4,2,,Q90
GiovanniBattistaClarici,http://www.wikidata.org/entity/Q24887950,,Giovanni Battista,Clarici,1542,Q2759,1602-12-01,Milan,"artiste,peintre,architecte","cartographe, architecte et peintre italien affilié à la cour de Milan",,4,2,Q2759,Q490
GiulioBardini,,,Giulio,Bardini,,,,,,,,2,2,,
FrancoisDerand,http://www.wikidata.org/entity/Q3084427,,François,Derand,1588,Q22351,1644-10-29,Q191396,"artiste,architecte",architecte français,,4,2,Q22351,Q191396
ConradGessner,http://www.wikidata.org/entity/Q55191839,,Conrad,Gessner,1764-10-02,Q72,1826,Q72,"artiste,peintre",peintre suisse,,4,2,Q72,Q72
Charites,https://www.wikidata.org/wiki/Q184353,Grâces (pour les Romains),,Charites,,,,,personnage mythologique,divinités de la mythologie grecque,,4,2,,
FrancoisBlondel,http://www.wikidata.org/entity/Q600701,,François,Blondel,1618-06-15,Q326373,1686-01-21,Paris,"artiste,architecte,mathématicien",architecte et géomètre français du Grand Siècle,,4,2,Q326373,Q90
CharlesVIII,https://www.wikidata.org/wiki/Q134452,Charles VIII,,Charles VIII,1470-06-30,Amboise,1498-04-07,Amboise,personnage politique,roi de France de 1483 à 1498,,4,2,Q205116,Q205116
Charmidas,,,,Charmidas,,,,,,,,2,2,,
MartinDeCharmois,,,,,,,,,,"patrons, courtiers, collector",,2,2,,
Chersiphron,https://www.wikidata.org/wiki/Q1070392,Ctésiphon,,Chersiphron,-550,Cnossos,-600,,"artiste,architecte",architecte antique,,4,2,Q173527,
Bloemaert,,,,,,,,,,"families, artist",,2,2,,
Cicene,,,,Cicene,,,,,,,,2,2,,
LelioGavardo,https://www.wikidata.org/wiki/Q110163224,Lelio Gavardi d'Asola,Lelio,Gavardo,,Q42288,,,auteur(e) de textes,auteur italien,,4,2,Q42288,
GastonDeFrance,https://www.wikidata.org/wiki/Q644635,,,Gaston de France Duc d'orléans,1608-04-25,Fontainebleau,1660-02-02,Q4055,personnage politique,"prince français, troisième fils d'Henri IV (1608-1660)",,4,2,Q182872,Q4055
BartolomeoCincani,http://www.wikidata.org/entity/Q809507,Montagna,Bartolomeo,Cincani,1450-10-11,Q105399,1523-10-11,Vicence,"artiste,peintre",peintre italien,,4,2,Q105399,Q6537
Gallien,https://www.wikidata.org/wiki/Q104475,Gallien,Publicus Licinius Egnatius,Gallienus,218,,268-09,Q729978,personnage politique,empereur romain de 253 à 268,,4,2,,Q729978
BernardinoIndia,https://www.wikidata.org/wiki/Q1630247,,Bernardino,India,1528,Verone,1590,,"artiste,peintre",peintre italien,,4,2,Q2028,
AnselmoCanera,https://www.wikidata.org/wiki/Q3618322,,Anselmo,Canera,1530,Verone,1584,Verone,"artiste,peintre",peintre italien,,4,2,Q2028,Q2028
VanniCinuzzi,,,,,,,,,,peintre,,2,2,,
MarcantonioBarbaro,https://www.wikidata.org/wiki/Q711845,,Marcantonio,Barbaro,1518-09-22,Venise,1595-07-04,Venise,personnage politique,diplomate vénitien,,4,2,Q641,Q641
NiccoloGaddi,https://www.wikidata.org/wiki/Q56248303,,Niccolò,Gaddi,1537-10-22,,1591-06-14,,"personnage politique,mécène",noble italien et collectionneur d'art,,4,2,,
Gaddi,,,,,,,,,,"families, artist, painter",,2,2,,
MichelangeloBiondo,https://www.wikidata.org/wiki/Q16657844,,Michelangelo,Biondo,1500-09-25,Venise,1560,Venise,"auteur(e) de textes,médecin",médecin italien,,4,2,Q641,Q641
JulesIII,https://www.wikidata.org/wiki/Q169911,Jules III,Giovanni Maria,Ciocchi del Monte,1487-09-10,Rome,1555-03-23,Rome,pape,"221e pape de l'Église catholique, de 1550 à 1555",,4,2,Q220,Q220
GregoireHuret,https://www.wikidata.org/wiki/Q3118459,,Grégoire,Huret,1606-10-24,Lyon,1670-01-05,Paris,"artiste,architecte",architecte français,,4,2,Q456,Q90
SimonFrancois,http://www.wikidata.org/entity/Q7518780,,Simon,François,1606-12-03,Tours,1671-05-22,Paris,"artiste,peintre",peintre français,,4,2,Q288,Q90
Berossus,https://www.wikidata.org/wiki/Q312425,Bérose le Chaldéen,,Bérose,-400,Babylone,-300,,auteur(e) de textes,"prêtre chaldéen, astronome et historien né à Babylone",,4,2,Q5684,
DomenicoDelBarbiere,http://www.wikidata.org/entity/Q1411009,Dominique Florentin,Domenico del,Barbiere,1501,Florence,1570,Troyes,"artiste,peintre,graveur(euse)","sculpteur, stucateur, graveur, peintre et architecte italien de la Renaissance",,4,2,Q2044,Q5489
DavideGhirlandaio,http://www.wikidata.org/entity/Q1145811,,Davide,Ghirlandaio,1452-03-14,Florence,1525-08-10,Florence,"artiste,peintre",peintre italien,,4,2,Q2044,Q2044
TigraneLeGrand,https://www.wikidata.org/wiki/Q201303,Tigrane d'Arménie,,Tigrane II,-140,Artaxata,-55,Q208404,personnage politique,roi d'Arménie,,4,2,Q706215,Q208404
AgostinoDisserolio,,,Agostino,Disserolio,,,,,,,,2,2,,
Dioscoride,https://www.wikidata.org/wiki/Q297776,,,Dioscoride,40,Q219525,90,,"auteur(e) de textes,médecin","médecin, pharmacologue et botaniste grec",,4,2,Q219525,
Abiron,https://www.wikidata.org/wiki/Q114008399,,,Abiron,,,,,personnage biblique,premier-né de Hiel de Béthel,,4,2,,
Diocletien,https://www.wikidata.org/wiki/Q43107,,,Diocletien,240,Q252273,0316-12-03,Q1663,personnage politique,empereur romain de 284 à 305,,4,2,Q252273,Q1663
ErnestDAutriche,https://www.wikidata.org/wiki/Q327156,,Ernest d',Autriche,1553-06-15,Vienne,1595-02-12,Q9005,personnage politique,archiduc autrichien (1553-1595),,4,2,Q1741,Q9005
Ariane,https://www.wikidata.org/wiki/Q184874,,,Ariane,,,,,personnage mythologique,personnage de la mythologie grecque,,4,2,,
MarieDAutriche,https://www.wikidata.org/wiki/Q157077,Marie de Hongrie,Marie d',Autriche,1505-09-15,Q9005,1558-10-18,Q1769167,personnage politique,gouvernante des Pays-Bas espagnols et reine consort de Hongrie et de Bohême (1505-1558),,4,2,Q9005,Q1769167
Arellius,https://www.wikidata.org/wiki/Q4788796,,,Arellius,,,,,"artiste,peintre",peintre romain,,4,2,,
CiprianoAlberti,https://www.wikidata.org/wiki/Q88174978,Giovanni di Cipriano Alberti,Cipriano,Alberti,1335,,1413,,"personnage politique,militaire",officier italien et Consul de la Monnaie de Florence,,4,2,,
ScipioneDelfinone,https://www.wikidata.org/wiki/Q3952399,,Scipione,Delfinone,,Milan,1590-08-31,Milan,artiste,artiste italien et brodeur de la célèbre école milanaise du XVIe siècle,,4,2,Q490,Q490
ArchelaosI,https://www.wikidata.org/wiki/Q26846,,,Archélaos Ier,-500,Macedoine,-399,Macedoine,personnage politique,roi de Macédoine de la dynastie des Argéades,,4,2,Q83958,Q83958
GiovanniAlberti,http://www.wikidata.org/entity/Q3106983,,Giovanni,Alberti,1558-10-19,Sansepolcro,1601-08-10,Rome,"artiste,peintre",peintre italien,,4,2,Q52098,Q220
LippoDalmasio,http://www.wikidata.org/entity/Q2009694,,Lippo,Dalmasio,1352,Bologne,1410,Bologne,"artiste,peintre",peintre italien,,4,2,Q1891,Q1891
Archifrone,,,,Archifrone,,,,,,,,2,2,,
LorenzoAlberti,,Lorenzo degli Alberti,Lorenzo,Alberti,,,,,,,,2,2,,
ThomasAquin,https://www.wikidata.org/wiki/Q9438,,Thomas d',Aquin,1225,Q106766784,1274-03-07,Q1775258,"personnage du clergé,auteur(e) de textes,philosophe","religieux de l’ordre dominicain, théologien, philosophe, docteur de l'Église (1225-1274)",,4,2,Q106766784,Q1775258
Alcinoos,https://www.wikidata.org/wiki/Q936686,Alcinoos le Philosophe,,Alcinoos,,,,,philosophe,philosophe antique,,4,2,,
AnselmedeCantorbery,https://www.wikidata.org/wiki/Q43939,Saint Anselme,Anselme de,Cantorbery,1033,Q3367,1109-04-21,Q29303,"saint(e),personnage du clergé","abbé bénédictin, archevêque de Cantorbéry, saint et docteur de l'Église",,4,2,Q3367,Q29303
SaintJacquesMineur,https://www.wikidata.org/wiki/Q44047,,Jacques d',Alphée,,,,,"saint(e),personnage biblique","apôtre du Christ, fils d'Alphée",,4,2,,
CleantheDeCorinthe,https://www.wikidata.org/wiki/Q43315,,Cléanthe de,Corinthe,-0700-00-00,,-700,,"artiste,peintre",peintre antique,,4,2,,
Anacreon,https://www.wikidata.org/wiki/Q213484,,,Anacréon,-570,Q17586,-485,Q17586,auteur(e) de textes,poète lyrique grec de l'Antiquité,,4,2,Q17586,Q17586
MargueritedeNavarre,https://www.wikidata.org/wiki/Q190058,Marguerite de Valois-Angoulême,Marguerite,"Angouleme, de",1492-04-11,test,1549-12-21,Q191085,personnage politique,"sœur aînée du roi François Ier, femme de lettres, diplomate, protectrice d’écrivains et d’artistes, reine de Navarre (1492-1549)",,4,2,Q134346,Q191085
Idomenee,https://www.wikidata.org/wiki/Q648287,,Idoménée de,Lampsaque,-400,,,,philosophe,philosophe grec,,4,2,,
LudovicoDolce,https://www.wikidata.org/wiki/Q1867806,Lodovico,Ludovico,Dolce,1508,Venise,1568,Venise,auteur(e) de textes,"auteur polygraphe, grammairien et théoricien de la peinture italien",,4,2,Q641,Q641
ArtaxiasI,https://www.wikidata.org/wiki/Q319478,,,Artaxias Ier,,,-160,,personnage politique,roi d'Arménie,,4,2,,
SainteBarbe,https://www.wikidata.org/wiki/Q192816,,Barbe d',Héliopolis,273,Q209349,306,Q209349,saint(e),martyre chrétienne,,4,2,Q209349,Q209349
BattistaDossi,http://www.wikidata.org/entity/Q2706669,,Battista,Dossi,1490,Q42354,1548,Ferrare,"artiste,peintre",peintre italien,,4,2,Q42354,Q13362
Porfirius,https://www.wikidata.org/wiki/Q203445,Porphyre de Tyr,,Porphyrius,233,Tyr,301,Rome,philosophe,"philosophe néoplatonicien, disciple de Plotin",,4,2,Q82070,Q220
CornelisVanHaarlem,http://www.wikidata.org/entity/Q442484,,Cornelis van,Haarlem,1562,Haarlem,1638-11-11,Haarlem,"artiste,peintre",peintre néerlandais,,4,2,Q9920,Q9920
Euchir,,,,Euchir,,,,,,,,2,2,,
CharlesDEscoubleau,https://www.wikidata.org/wiki/Q55772534,,Charles d',Escoubleau,1588,,1666-12-21,,"personnage politique,militaire",noble et militaire français promu lieutenant-général des armées du Roi,,4,2,,
Eschyle,https://www.wikidata.org/wiki/Q40939,,,Eschyle,-525,EleusiGrece,-456,Q39971,auteur(e) de textes,tragique grec,,4,2,Q204905,Q39971
AgostinoSteuco,https://www.wikidata.org/wiki/Q395722,,Agostino,Steuco,1497,Gubbio,1548-03-15,Venise,philosophe,philologue et philosophe italien,,4,2,Q20458,Q641
IsrahelVanMeckenem,https://www.wikidata.org/wiki/Q77554,Israhel van Meckenem le Jeune,Israhel van,Meckenem,1440,,1503-11-10,Q3917,"artiste,graveur(euse)",graveur et orfèvre allemand,,4,2,,Q3917
AntiochosIV,https://www.wikidata.org/wiki/Q3356,,Antiochos IV,Epiphane,-215,,-164,,personnage politique,souverain du royaume séleucide,,4,2,,
SilvioCosini,http://www.wikidata.org/entity/Q3960853,,Silvio,Cosini,1495,Fiesole,1549,Milan,"artiste,sculpteur",sculpteur et stucateur italien,,4,2,Q82670,Q490
Elisee,https://www.wikidata.org/wiki/Q206238,,,Elisée,-885,Q4666524,-790,Q1294629,personnage biblique,"Prophète de la Bible, disciple d'Élie",,4,2,Q4666524,Q1294629
JacquesLeBicheur,https://www.wikidata.org/wiki/Q87186180,,Jacques,Le Bicheur,1599,,1666-06-16,Paris,"artiste,peintre,architecte",peintre et architecte français du 17e siècle,,4,2,,Q90
Salmonée,https://www.wikidata.org/wiki/Q1131643,,,Salmonée,,,,,personnage mythologique,personnage de la mythologie grecque,,4,2,,
Deioces,https://www.wikidata.org/wiki/Q332578,,,"Deioces, Déjocès, Deiokes, Daiukku, Dahyuka, Diyako ou Diako",-705,,-675,,personnage politique,roi des Mèdes,,4,2,,
BernardDupuyDeGrez,,,,,,,,,,"artist, teachers, art theorist, lawyers, draftsman",,2,2,,
EtienneDuperac,http://www.wikidata.org/entity/Q289626,,Étienne,Dupérac,1525,Bordeaux,1604-03,Paris,"artiste,architecte,peintre,graveur(euse)","architecte, graveur et peintre français (vers 1535-1604)",,4,2,Q1479,Q90
StefanoDelBufalo,,,,,,,,,non identifié,,,2,2,,
LauraDeNoves,https://www.wikidata.org/wiki/Q270227,,Laura de,Noves,1310,Avignon,1348,Avignon,muse,"aristocrate comtadine du XIVe siècle, muse de Pétrarque",,4,2,Q6397,Q6397
AnneMarieDughet,https://www.wikidata.org/wiki/Q108679856,,Anne-Marie,Dughet,1612,Rome,1664-10-16,Rome,personnage historique,épouse de Nicolas Poussin,,4,2,Q220,Q220
CamilloDucci,,,Camillo,Ducci,,,,,,,,2,2,,
JacquesDubroeucq,http://www.wikidata.org/entity/Q3087528,,Jacques,Dubrœucq,1505,Mons,1584-09-30,Mons,"artiste,sculpteur,architecte",architecte et sculpteur,,4,2,Q83407,Q83407
JeanDubreuil,,,,,,,,,,auteur,,2,2,,
AmbroiseDubois,http://www.wikidata.org/entity/Q2415583,,Ambroise,Dubois,1542,Anvers,1614-01-29,Fontainebleau,"artiste,peintre",peintre français,,4,2,Q12892,Q182872
Avicenne,https://www.wikidata.org/wiki/Q8011,Avicenne,,Ibn Sina,980,Q4072887,1037-06-18,Q28587,"auteur(e) de textes,philosophe,mathématicien,médecin","mathématicien, médecin, écrivain, philosophe et scientifique persan",,4,2,Q4072887,Q28587
ConsiglioGherardi,http://www.wikidata.org/entity/Q1660326,,Consiglio,Gherardi,1508-11-25,Sansepolcro,1556-04-04,Sansepolcro,"artiste,peintre",peintre italien,,4,2,Q52098,Q52098
GiovanniBattistaBenedetti,https://www.wikidata.org/wiki/Q451647,,Giovanni Battista,Benedetti,1530-08-14,Venise,1590-01-20,Turin,mathématicien,mathématicien italien,,4,2,Q641,Q495
RidolfoDelGhirlandaio,http://www.wikidata.org/entity/Q64881,,Ridolfo del,Ghirlandaio,1483-02-04,Florence,1561-01-06,Florence,"artiste,peintre",peintre italien,,4,2,Q2044,Q2044
AdriaenHanneman,http://www.wikidata.org/entity/Q864279,,Adriaen,Hanneman,1603,LaHaye,1671-07-11,LaHaye,"artiste,peintre",peintre néerlandais,,4,2,Q36600,Q36600
GabrieleBusca,https://www.wikidata.org/wiki/Q18945327,,Gabriele,Busca,1540,Pavie,1605-07-27,Milan,"architecte,ingénieur",architecte et ingénieur militaire italien,,4,2,Q6259,Q490
Bryaxis,https://www.wikidata.org/wiki/Q122196,,,Bryaxis,-400,Carie,-360,,"artiste,sculpteur",sculpteur grec,,4,2,Q193214,
Hippomene,https://www.wikidata.org/wiki/Q1455747,,,Hippomène,,,,,personnage mythologique,"personnage de la mythologie grecque, concurrent d'Atalante",,4,2,,
Beseleel,https://www.wikidata.org/wiki/Q853439,,,Beseléel,,,,,personnage biblique,personnage du livre de l'Exode,,4,2,,
Rhodope,https://www.wikidata.org/wiki/Q15504920,,,Rhodope,,,,,personnage historique,hétaïre grecque,,4,2,,
PierioValeriano,https://www.wikidata.org/wiki/Q710070,"Pierio Valeriano, Il Valeriano, Il Pierio",Giovanni Pietro,Bolzani Dalle Fosse,1477-02-03,Q6558,1558,Padoue,auteur(e) de textes,humaniste et théologien italien,,4,2,Q6558,Q617
Herse,https://www.wikidata.org/wiki/Q16641710,,,Hersé,,,,,personnage mythologique,"personnage de la mythologie grecque, fille de Cécrops",,4,2,,
GiovanniGonnelli,,,,,,,,,,artist,,2,2,,
GiulioBonasone,http://www.wikidata.org/entity/Q1527962,,Giulio,Bonasone,1510,Bologne,1576,Bologne,"artiste,peintre,graveur(euse)",peintre et graveur italien (c. 1498-1576),,4,2,Q1891,Q1891
GianpaoloBonconti,http://www.wikidata.org/entity/Q99887491,,Gian Paolo,Bonconti,1563,,1605,,"artiste,peintre",peintre italien,,4,2,,
Calare,,,,Calare,,,,,,,,2,2,,
Cassandre,https://www.wikidata.org/wiki/Q11912953,,,Cassandre,,,,,militaire,militaire au service de Philippe V de Macédoine,,4,2,,
CarloCaliari,http://www.wikidata.org/entity/Q2939168,,Carlo,Caliari,1570,Venise,1596,Venise,"artiste,peintre",peintre italien,,4,2,Q641,Q641
Iolaos,https://www.wikidata.org/wiki/Q504076,Iolas,,Iolaos,,,,,personnage mythologique,personnage de la mythologie grecque,,4,2,,
GiovanFrancescoCaroto,http://www.wikidata.org/entity/Q966586,,Giovanni Francesco,Caroto,1480,Verone,1555-04-29,Verone,"artiste,peintre",peintre italien,,4,2,Q2028,Q2028
Hygie,https://www.wikidata.org/wiki/Q202257,,,Hygie,,,,,personnage mythologique,"déesse grecque de la santé, de la propreté et de l'hygiène",,4,2,,
GherardoBorgogni,https://www.wikidata.org/wiki/Q55875086,,Gherardo,Borgogni,1526,Q18341,,,auteur(e) de textes,poète italien,,4,2,Q18341,
GabrieleCaliari,http://www.wikidata.org/entity/Q5515997,,Gabriele,Caliari,1568-09-07,Venise,1630,Venise,"artiste,peintre",peintre italien,,4,2,Q641,Q641
Caracalla,https://www.wikidata.org/wiki/Q1446,,,Caracalla,0188-04-04,Q665,0217-04-08,Carre,personnage politique,empereur romain de 211 à 217,,4,2,Q665,Q3660711
JuliusCapitolinus,https://www.wikidata.org/wiki/Q391514,,Julius,Capitolinus,250,,350,,"auteur(e) de textes,personnage imaginaire",historien fictif de l'Histoire Auguste,,4,2,,
GirolamoCappello,https://www.wikidata.org/wiki/Q5564757,Girolamo Capelli,Girolamo,Capello,1538-04-13,,,,personnage politique,ambassadeur vénitien,,4,2,,
CaiusGracchus,https://www.wikidata.org/wiki/Q297183,,Caïus Sempronius,Gracchus,-154,,-122,Rome,personnage politique,tribun de la plèbe romain en 123 av. J.-C.,,4,2,,Q220
SimonGuillainII,,,,,,,,,,,,2,2,,
LelioGuidiccioni,https://www.wikidata.org/wiki/Q56006638,,Lelio,Guidiccioni,1582,Lucques,1643-07-07,Rome,auteur(e) de textes,écrivain et poète italien,,4,2,Q13373,Q220
AntonioBosio,https://www.wikidata.org/wiki/Q600982,Bosius,Antonio,Bosio,1576,Q752346,1629-09-06,Rome,auteur(e) de textes,archéologue et historien,,4,2,Q752346,Q220
FestusGrammaticus,https://www.wikidata.org/wiki/Q302723,,Festus,Grammaticus,350,Narbonne,350,,auteur(e) de textes,lexicographe latin du IIe siècle ap. J.-C,,4,2,Q6555,
AndreaCamassei,http://www.wikidata.org/entity/Q3615565,,Andrea,Camassei,1602,Q20144,1649-08-18,Rome,"artiste,peintre",peintre italien,,4,2,Q20144,Q220
GregoireX,https://www.wikidata.org/wiki/Q161740,Gregoire X,,Grégoire X,1210,Plaisance,1276-01-10,Arezzo,pape,"184e pape de l’Église catholique, de 1271 à 1276",,4,2,Q13329,Q13378
Boupalos,https://www.wikidata.org/wiki/Q852011,,,Boupalos,,Chios,,,"artiste,sculpteur",sculpteur antique,,4,2,Q160483,
GerardDeGroesbeek,https://www.wikidata.org/wiki/Q707093,,Gérard de,Groesbeek,1517,Q58780,1580-12-23,Liege,personnage du clergé,cardinal de l'Église catholique romaine,,4,2,Q58780,Q3992
GiovanniAntonioBoltraffio,http://www.wikidata.org/entity/Q442528,,Giovanni Antonio,Boltraffio,1467,Milan,1516,Milan,"artiste,peintre",peintre italien,,4,2,Q490,Q490
Boutades,https://www.wikidata.org/wiki/Q1017839,Dibutades,,Boutades,-700,Sicyone,-600,Q11772,personnage mythologique,potier antique,,4,2,Q368628,Q11772
JuliusFirmicusMaternus,https://www.wikidata.org/wiki/Q367422,,Julius Firmicus,Maternus,314,Q4420718,360,,auteur(e) de textes,,,4,2,Q4420718,
GiorgioGhisi,http://www.wikidata.org/entity/Q1010603,,Giorgio,Ghisi,1520,Mantoue,1582-12-15,Mantoue,"artiste,graveur(euse)",dessinateur et graveur italien (1520-1582),,4,2,Q6247,Q6247
LuciusTarutiusFirmanus,https://www.wikidata.org/wiki/Q138724,,Lucius Tarutius,Firmanus,-100,Q13139,-100,,"mathématicien,philosophe","astronome, astrologue et mathématicien romain du Ier siècle av. J.-C.",,4,2,Q13139,
GianelloTorriani,http://www.wikidata.org/entity/Q1388187,,Gianello,Torriani,1500,Cremone,1585-06-13,Tolede,ingénieur,"horloger, ingénieur et constructeur d’automates hispano-milanais du 16e siècle",,4,2,Q6231,Q5836
MarcusAemiliusLepidusPreteur,https://www.wikidata.org/wiki/Q4281819,Lépide,Marcus Aemilius,Lepidus,-250,Q1747689,,,personnage politique,préteur romain en 218 et en 213 av. J.-C.,,4,2,Q1747689,
AlonsoChacon,http://www.wikidata.org/entity/Q661419,,Alonso,Chacón,1530-12-15,Q488555,1599-02-14,Rome,"auteur(e) de textes,personnage du clergé","religieux espagnol de l'ordre des Prêcheurs, écrivain et historien du XVIe siècle",,4,2,Q488555,Q220
HonoreI,https://www.wikidata.org/wiki/Q170502,Honoré I,,Honoré I,585,Campanie,0638-10-12,Rome,pape,pape de l'Église catholique romaine,,4,2,Q1438,Q220
MarcusAemiliusLepidusConsul,https://www.wikidata.org/wiki/Q319561,Lépide,Marcus Aemilius,Lepidus,-230,Q1747689,-152,,personnage politique,consul romain en 187 et en 175 av. J.-C.,,4,2,Q1747689,
GiovanniBattistaDeCavalieri,http://www.wikidata.org/entity/Q5563765,,Giovanni Battista de',Cavalieri,1525,Q328037,1601-07-23,Rome,"artiste,graveur(euse),éditeur","graveur, dessinateur et éditeur italien",,4,2,Q328037,Q220
AgostinoDiGiovanni,http://www.wikidata.org/entity/Q395759,,Agostino di,Giovanni,,Sienne,,,"artiste,sculpteur,architecte",architecte et un sculpteur italien gothique,,4,2,Q2751,
EmmanuelPhilibertDeSavoie,https://www.wikidata.org/wiki/Q76508,,Emmanuel-Philibert de,Savoie,1528-07-08,Q165090,1580-08-30,Turin,personnage politique,duc de Savoie,,4,2,Q165090,Q495
SchelteBolswert,http://www.wikidata.org/entity/Q2288622,Schelte Adams Bolswert,Schelte,Bolswert,1586,Q329582,1659-12-12,Anvers,"artiste,graveur(euse)",graveur néerlandais (1586-1659),,4,2,Q329582,Q12892
Hyacinthe,https://www.wikidata.org/wiki/Q207273,,,Hyacinthe,,,,,personnage mythologique,"personnage de la mythologie grecque, aimé d'Apollon qui le tua accidentellement",,4,2,,
CesarDeBus,https://www.wikidata.org/wiki/Q1150806,,César de,Bus,1544-02-03,Q208798,1607-04-15,Avignon,"saint(e),personnage du clergé",prêtre et saint catholique français,,4,2,Q208798,Q6397
Anubis,https://www.wikidata.org/wiki/Q47534,,,Anubis,,,,,personnage mythologique,dieu funéraire de l'Égypte antique,,4,2,,
AdrienIII,https://www.wikidata.org/wiki/Q172398,Adrien III,,Hadrianus,,Rome,885,Q100092,pape,"109e pape de l'Église catholique, de 884 à 885",,4,2,Q220,Q100092
Atargatis,https://www.wikidata.org/wiki/Q221735,Décerto,,Atargatis,,,,,personnage mythologique,ancienne divinité du nord de la Syrie,,4,1,,
JeanIDeBragance,https://www.wikidata.org/wiki/Q2701474,,Jean Ier,Bragance,1543,Q1013623,1583-02-22,Q1013623,personnage politique,"6e duc de Bragance et 1er duc de Barcelos, époux de l'infante Catherine de Portugal",,4,1,Q1013623,Q1013623
ReneBoyvin,,,,,,,,,,"artist, designers, engraver, etcher, printmaker",,2,1,,
GiulioCesareProcaccini,http://www.wikidata.org/entity/Q1119589,,Giulio Cesare,Procaccini,1574-05-30,Bologne,1625-11-14,Milan,"artiste,peintre,graveur(euse)",peintre et graveur italien,,4,1,Q1891,Q490
GiovanniBattistaBranconioDellAquila,https://www.wikidata.org/wiki/Q3107048,,Giovanni Battista,Branconio dell'Aquila,1473,Q3476,1522,Rome,personnage politique,"gentilhomme italien, protonotaire apostolique et chambellan du Pape Léon X",,4,1,Q3476,Q220
JanBrandt,https://www.wikidata.org/wiki/Q21543237,,Jan,Brandt,1559-09-30,Anvers,1639-08-28,Anvers,personnage politique,juriste flamand,,4,1,Q12892,Q12892
FrancescoMariaSforza,https://www.wikidata.org/wiki/Q378868,Francesco II Maria Sforza,Francesco Maria,Sforza,1495-02-04,Milan,1535-10-24,Q40832,personnage politique,"duc de Milan, 1521-24, 1525-35",,4,1,Q490,Q40832
LuciaAnguissola,http://www.wikidata.org/entity/Q465443,,Lucia,Anguissola,1536,Cremone,1565,Cremone,"artiste,peintre",peintre italienne,,4,1,Q6231,Q6231
CharlesCalabre,https://www.wikidata.org/wiki/Q201737,Duc de Calabre,Charles d',Anjou,1298-05-28,Naples,1328-11-09,Naples,personnage politique,duc de Calabre,,4,1,Q2634,Q2634
SalomonDeBrosse,http://www.wikidata.org/entity/Q725816,,Salomon de,Brosse,1571,Q1389275,1626-12-08,Paris,"artiste,architecte",architecte français,,4,1,Q1389275,Q90
Astarte,https://www.wikidata.org/wiki/Q130274,,,Astarté,,,,,personnage mythologique,"déesse connue dans tout le Proche-Orient, de l'âge du bronze à l'Antiquité",,4,1,,
SantaDaria,https://www.wikidata.org/wiki/Q1088478,,,Daria,,,283,,saint(e),sainte et martyre chrétienne,,4,1,,
GastonDeSecondatDeMontesquieu,,,Gaston de,Secondat de Montesquieu,,,,,,,,2,1,,
Atlas,https://www.wikidata.org/wiki/Q130818,,,Atlas,,,,,personnage mythologique,personnage de la mythologie grecque,,4,1,,
IsottadegliAtti,https://www.wikidata.org/wiki/Q1168634,,Isotta degli,Atti,1432,Rimini,1474-07-09,,personnage politique,"noble italienne, troisième épouse de Sigismond Malatesta",,4,1,Q13369,
ClaudeBoutet,https://www.wikidata.org/wiki/Q2977077,,Claude,Boutet,1700,,,,"artiste,peintre",peintre français des XVIIe et XVIIIe siècles,,4,1,,
BaccioBaldini,http://www.wikidata.org/entity/Q324091,,Baccio,Baldini,1436,Florence,1487,Florence,"artiste,graveur(euse)",graveur italien (1436-1487),,4,1,Q2044,Q2044
DominiqueBachelier,http://www.wikidata.org/entity/Q3034958,,Dominique,Bachelier,1530,,1594,,"artiste,architecte",architecte français,,4,1,,
LorenzSandrart,https://www.wikidata.org/wiki/Q58435668,,Lorenz,Sandrart,1567,Q163795,1629-01-19,Francfort,personnage historique,père de Joachim von Sandrart,,4,1,Q163795,Q1794
BacciDiBelforte,,,,,,,,,,"artist, painter",,2,1,,
Azarias,https://www.wikidata.org/wiki/Q2025510,,,Azarias,,Q155321,,Q155321,personnage biblique,grand prêtre du temple juif de Jérusalem au IXe siècle avant J.-C.,,4,1,Q155321,Q155321
FrancescoDaSangallo,http://www.wikidata.org/entity/Q2252502,,Francesco da,Sangallo,1494-03-01,Florence,1576-02-17,Florence,"artiste,sculpteur",sculpteur italien,,4,1,Q2044,Q2044
DionDePruse,https://www.wikidata.org/wiki/Q334457,Dion Chrysostome,Dion de,Pruse,40,Q40738,120,,philosophe,philosophe et orateur grec,,4,1,Q40738,
CharlesDAutriche,https://www.wikidata.org/wiki/Q159817,,Charles d',Autriche,1545-07-08,Q8356,1568-07-24,Madrid,personnage politique,"fils de Philippe II d'Espagne, prince des Asturies",,4,1,Q8356,Q2807
GiovanniAntonioSangiorgio,https://www.wikidata.org/wiki/Q2255180,,Giovanni Antonio,Sangiorgio,1439,Milan,1509-03-14,Rome,personnage du clergé,prélat catholique,,4,1,Q490,Q220
ClaudineBouzonnetStella,http://www.wikidata.org/entity/Q5129302,,Claudine,Bouzonnet-Stella,1636-07-07,Lyon,1697-10-01,Paris,"artiste,graveur(euse)",graveuse française,,4,1,Q456,Q90
Protee,https://www.wikidata.org/wiki/Q191481,,,Protée,,,,,personnage mythologique,divinité marine de la mythologie grecque dotée du don de prophétie et du pouvoir de se métamorphoser,,4,1,,
ReneAnjou,https://www.wikidata.org/wiki/Q170353,Le Bon Roi René,René d',Anjou,1409-01-16,Angers,1480-07-10,Q47465,personnage politique,"roi de Naples, duc d'Anjou et de Lorraine, comte de Provence, écrivain et mécène",,4,1,Q38380,Q47465
Sango,,,,Sango,,,,,,,,2,1,,
Aurelien,https://www.wikidata.org/wiki/Q46780,,,Aurelien,0214-09-09,Q833060,275-10,Q214655,personnage politique,empereur romain de 270 à 275,,4,1,Q833060,Q214655
Astaroth,https://www.wikidata.org/wiki/Q830172,,,Astaroth,,,,,personnage biblique,démon,,4,1,,
AsiaNymphe,https://www.wikidata.org/wiki/Q605744,,,Asia,,,,,personnage mythologique,Océanide de la mythologie grecque,,4,1,,
TizianoAspetti,http://www.wikidata.org/entity/Q323978,,Tiziano,Aspetti,1559,Padoue,1606,Pise,"artiste,sculpteur",sculpteur italien,,4,1,Q617,Q13375
MichelangeloAnselmi,http://www.wikidata.org/entity/Q577590,,Michelangelo,Anselmi,1492,Lucques,1556,Parme,"artiste,peintre",peintre italien,,4,1,Q13373,Q2683
AndreaPrevitali,http://www.wikidata.org/entity/Q1097187,,Andrea,Previtali,1475,Q99966,1528-11-07,Bergame,"artiste,peintre",peintre italien (1480–1528),,4,1,Q99966,Q628
LouisSavot,http://www.wikidata.org/entity/Q25918160,,Louis,Savot,1570,Q373927,1640,Paris,auteur(e) de textes,humaniste bourguignon,,4,1,Q373927,Q90
MarchionneAretino,https://www.wikidata.org/wiki/Q60841695,Marchionne d'Arezzo,Marchionne,Aretino,1250,Arezzo,,,"artiste,architecte,sculpteur",sculpteur et architecte italien,,4,1,Q13378,
MichelangeloSerafini,https://www.wikidata.org/wiki/Q3856455,,Michelangelo,Serafini,,Florence,1555-06,,auteur(e) de textes,poète et traducteur italien,,4,1,Q2044,
Apama,https://www.wikidata.org/wiki/Q237626,épouse de Séleucos Ier,,Apama,-400,,,,personnage politique,souveraine du royaume séleucide,,4,1,,
NiccoloArdinghelli,https://www.wikidata.org/wiki/Q708526,,Niccolò,Ardinghelli,1503-03-17,Florence,1547-08-22,Rome,personnage du clergé,cardinal de l'Église catholique romaine,,4,1,Q2044,Q220
CorneilleSchut,http://www.wikidata.org/entity/Q592396,,Corneille,Schut,1597-05-13,Anvers,1655-04-29,Anvers,"artiste,peintre",peintre flamand,,4,1,Q12892,Q12892
ChristophSchwarz,http://www.wikidata.org/entity/Q322029,,Christoph,Schwarz,1545,Munich,1592-04-15,Munich,"artiste,peintre",peintre allemand,,4,1,Q1726,Q1726
OttavioSemino,http://www.wikidata.org/entity/Q3357741,,Ottavio,Semino,1527,Genes,1604,Milan,"artiste,peintre",peintre italien,,4,1,Q1449,Q490
ScipionAsiatique,https://www.wikidata.org/wiki/Q361377,Scipion l'Asiatique,Lucius Cornelius,Scipio Asiaticus,-230,Q1747689,-183,,personnage politique,consul romain en 190 av. J.-C.,,4,1,Q1747689,
GirolamoDaCarpi,http://www.wikidata.org/entity/Q2701846,,Girolamo da,Carpi,1501,Ferrare,1556-08-01,Ferrare,"artiste,peintre",peintre italien,,4,1,Q13362,Q13362
GaleazzoArconati,https://www.wikidata.org/wiki/Q47009360,,Galeazzo,Arconati,1580,Milan,1649-11-09,Milan,"personnage politique,mécène",noble italien et mécène des arts,,4,1,Q490,Q490
PetrusApianus,https://www.wikidata.org/wiki/Q58662,L'Ingolstadius,Petrus,Apianus,1495-04-16,Q71133,1552-04-21,Ingolstadt,mathématicien,astronome et mathématicien allemand,,4,1,Q71133,Q3004
GirolamoPreti,,,,,,,,,,italian poet,,2,1,,
GiulianoBugiardini,http://www.wikidata.org/entity/Q2578459,,Giuliano,Bugiardini,1475-01-29,Florence,1554-02-17,Florence,"artiste,peintre",peintre italien,,4,1,Q2044,Q2044
Apollonius,,,,Apollonius,,,,,,,,2,1,,
DanielSeghers,http://www.wikidata.org/entity/Q928466,,Daniel,Seghers,1590-12-03,Anvers,1661-11-02,Anvers,"artiste,peintre",peintre flamand (1590-1661),,4,1,Q12892,Q12892
Savonarole,https://www.wikidata.org/wiki/Q164823,,Jerôme,Savonarole,1452-09-21,Ferrare,1498-05-23,Q849846,"personnage du clergé,personnage politique","frère dominicain, dirigeant de la République de Florence",,4,1,Q13362,Q849846
DomenicoBrusasorzi,http://www.wikidata.org/entity/Q2297219,Domenico Brusasorci,Domenico,Riccio,1516,Verone,1567,Verone,"artiste,peintre",peintre italien,,4,1,Q2028,Q2028
AeliusAristide,https://www.wikidata.org/wiki/Q354431,,Aelius,Aristide,0117-11-26,Q1567560,189,,auteur(e) de textes,écrivain et rhéteur grec de l'Antiquité,,4,1,Q1567560,
Saulaces,https://www.wikidata.org/wiki/Q15802758,,,Saulacès,-300,,-190,,personnage politique,roi de Colchide,,4,1,,
FrancoisBunel,http://www.wikidata.org/entity/Q5493203,François Brunel le Jeune,François,Brunel,1552,Blois,1599,,"artiste,peintre",peintre français,,4,1,Q160927,
JeanBaptisteDeBrouchoven,https://www.wikidata.org/wiki/Q1985418,,Jean-Baptiste de,Brouchoven,1621,Q12460,1691-11-13,Toulouse,personnage politique,politicien belge,,4,1,Q12460,Q7880
Guariento,http://www.wikidata.org/entity/Q1391765,Guariento di Arpo,,Guariento,1310,Q34317,1370,Padoue,"artiste,peintre",peintre italien,,4,1,Q34317,Q617
LouisDArpajon,https://www.wikidata.org/wiki/Q1872093,,Louis d',Arpajon,1590,,1679-04,Q753077,militaire,général français,,4,1,,Q753077
SegniaAntignano,,,,,,,,,,peintre,,2,1,,
AbelServien,https://www.wikidata.org/wiki/Q318496,,Abel,Servien,1593-11-01,Q582635,1659-02-17,Meudon,personnage politique,homme d'État et diplomate français,,4,1,Q582635,Q234735
GeorgesDArmagnac,https://www.wikidata.org/wiki/Q1772423,,Georges d',Armagnac,1501,Q191085,1585-07-10,Avignon,personnage du clergé,cardinal et diplomate français,,4,1,Q191085,Q6397
PytheosdePriene,https://www.wikidata.org/wiki/Q1243502,Pithio,,Pitide,-350,Q142819,-400,,"artiste,architecte",architecte grec de l'Antiquité,,4,1,Q142819,
LouisIIBourdonConde,https://www.wikidata.org/wiki/Q310837,Grand Condé,Louis II de,Bourdon-Condé,1621-09-08,Paris,1686-12-11,Fontainebleau,personnage politique,prince de sang royal français - personnalité politique (1621-1686),,4,1,Q90,Q182872
AdriaenBrouwer,http://www.wikidata.org/entity/Q364139,,Adriaen,Brouwer,1605,Oudenaarde,1638-01,Anvers,"artiste,peintre",peintre flamand (1605-1638),,4,1,Q12992,Q12892
SainteMarguerite,https://www.wikidata.org/wiki/Q297742,,Marguerite d',Antioche,292,Q579468,307,Q579468,saint(e),martyre et sainte chrétienne,,4,1,Q579468,Q579468
LiberalBruand,http://www.wikidata.org/entity/Q3090458,,Libéral,Bruand,1636,Paris,1697-11-22,Paris,"artiste,architecte",architecte français,,4,1,Q90,Q90
DenisSauvage,https://www.wikidata.org/wiki/Q3022925,,Denis,Sauvage,1520,,1587,,auteur(e) de textes,traducteur français,,4,1,,
HonoreIII,https://www.wikidata.org/wiki/Q160182,Honoré III,Cencio,Savelli,1148,Rome,1227-03-18,Rome,pape,pape de l’Église catholique de 1216 à 1227,,4,1,Q220,Q220
Antiochos,https://www.wikidata.org/wiki/Q579596,père de Séleucos Ier,,Antiochos,-400,Q183431,-400,,"personnage politique,militaire",père de Séleucos Ier,,4,1,Q183431,
JacobISavery,http://www.wikidata.org/entity/Q658943,Jacob Savery l'Ancien,Jacob,Savery,1560,Courtrai,1603,Amsterdam,"artiste,peintre",peintre flamand (1566-1603),,4,1,Q12995,Q727
Aristophane,https://www.wikidata.org/wiki/Q43353,,,Aristophane,-445,Athenes,-385,Athenes,auteur(e) de textes,dramaturge grec antique,,4,1,Q844930,Q844930
SainteVeronique,https://www.wikidata.org/wiki/Q196653,"La ""pia donna""",,Sainte Véronique,1,Q2484244,1,Q478237,saint(e),sainte,,4,1,Q2484244,Q478237
AlessoBaldovinetti,http://www.wikidata.org/entity/Q472073,,Alesso,Baldovinetti,1425-10-14,Florence,1499-08-29,Florence,"artiste,peintre",peintre italien,,4,1,Q2044,Q2044
AgostinoRamelli,http://www.wikidata.org/entity/Q395696,,Agostino,Ramelli,1531,Q68203,1600,Paris,ingénieur,ingénieur,,4,1,Q68203,Q90
ClementeBirago,,,,,,,,,,graveur,,2,1,,
CorneilleDeBie,,,,,,,,,,auteur,,2,1,,
LorenzoDiBicci,http://www.wikidata.org/entity/Q856749,,Lorenzo di,Bicci,1373,Florence,1452,Florence,"artiste,peintre",peintre italien,,4,1,Q2044,Q2044
JacopoBertoia,http://www.wikidata.org/entity/Q1643157,Il Bertoia,Jacopo,Zanguidi,1544-07-25,Parme,1574-09-07,Parme,"artiste,peintre",peintre italien,,4,1,Q2683,Q2683
GiovanniBattistaRamenghi,http://www.wikidata.org/entity/Q5880111,Giovanni Battista Ramenghi le Jeune,Giovanni Battista,Ramenghi,1521,Q52957,1601-11-09,Bologne,"artiste,peintre",peintre italien (1521-1601),,4,1,Q52957,Q1891
GiovanBattistaBertani,http://www.wikidata.org/entity/Q3766052,,Giovan Battista,Bertani,1516,Mantoue,1576-04-02,Mantoue,"artiste,architecte",architecte italien,,4,1,Q6247,Q6247
GuillaumeRondelet,https://www.wikidata.org/wiki/Q960658,,Guillaume,Rondelet,1507-09-27,Montpellier,1566-07-30,Q1356682,"auteur(e) de textes,médecin",médecin et naturaliste français,,4,1,Q6441,Q1356682
NicoloRondinelli,,,,,,,,,,"artist, painter",,2,1,,
ValentinumBoltzen,,,Valentinum,Boltzen Von Rufach,,,,,,,,2,1,,
PierreDeRonsard,http://www.wikidata.org/entity/Q49752,,Pierre de,Ronsard,1524-09-11,Q2242004,1585-12-27,Q661814,auteur(e) de textes,poète français,,4,1,Q2242004,Q661814
GiovanniFrancescoRomanelli,http://www.wikidata.org/entity/Q2983846,,Giovanni Francesco,Romanelli,1610,Q13395,1662-11-08,Q13395,"artiste,peintre",peintre italien (1610-1662),,4,1,Q13395,Q13395
LattanzioRagnoni,https://www.wikidata.org/wiki/Q3827553,,Lattanzio,Ragnoni,1509-03-10,Sienne,1559-02-16,Q71,personnage politique,politicien italien,,4,1,Q2751,Q71
SalvatorRosa,http://www.wikidata.org/entity/Q359421,,Salvator,Rosa,1615-06-20,Naples,1673-03-15,Rome,"artiste,peintre,graveur(euse)","peintre, dessinateur et graveur italien (1615 - 1673)",,4,1,Q2634,Q220
JeanRacine,,,,,,,,,,auteur,,2,1,,
CostanzaSforza,https://www.wikidata.org/wiki/Q3695632,,Costanza,Sforza di Santa Fiora,1558-09,,1617-01-22,Q117382,personnage politique,duchesse italienne,,4,1,,Q117382
OnofrioBoni,https://www.wikidata.org/wiki/Q28571871,,Onofrio,Boni,1739-11-07,Cortone,1818-04-11,,auteur(e) de textes,auteur italien,,4,1,Q52080,
GinevraBenci,https://www.wikidata.org/wiki/Q3494135,GinevraDAmerigoBenci,Ginevra,Benci,1457,Florence,1490,,"personnage politique,muse","aristocrate du 15ème siècle de Florence, dont Léonard de Vinci a peint le portrait",,4,1,Q2044,
FrancoisDeBonneDeCrequi,https://www.wikidata.org/wiki/Q3086124,,François de,Bonne-de-Crequi,1596,,1677-01-01,,personnage politique,"pair de France, gouverneur et Lieutenant général pour le roi",,4,1,,
VittoreBelliniano,http://www.wikidata.org/entity/Q4015179,,Vittore,Belliniano,1456,,1529,Venise,"artiste,peintre",peintre italien,,4,1,,Q641
JanRost,,,,,,,,,,"artist, tapestry weavers, weavers",,2,1,,
AntoineDeRatabon,https://www.wikidata.org/wiki/Q2856920,,Antoine de,Ratabon,1617,Montpellier,1670-03-12,Paris,personnage politique,surintendant général des bâtiments du roi Louis XIV,,4,1,Q6441,Q90
SainteBrigitteDeSuede,https://www.wikidata.org/wiki/Q204996,Sainte Brigitte,Brigitte,Birgersdotter,1303,Q2012977,1373-07-23,Rome,saint(e),"sainte catholique, mère de famille et fondatrice de monastère, XIVe s.",,4,1,Q2012977,Q220
SilvioBelli,https://www.wikidata.org/wiki/Q18945788,,Silvio,Belli,1510,Vicence,1579,Ferrare,"mathématicien,ingénieur",mathématicien et ingénieur italien,,4,1,Q6537,Q13362
EtienneRendu,http://www.wikidata.org/entity/Q41270999,,Étienne,Rendu,1610,,1670,Paris,"artiste,peintre",peintre français,,4,1,,Q90
BoccaccioBoccaccino,http://www.wikidata.org/entity/Q721349,,Boccaccio,Boccaccino,1466-08-22,Ferrare,1525,Cremone,"artiste,peintre",peintre italien,,4,1,Q13362,Q6231
FerdinandBol,http://www.wikidata.org/entity/Q374039,,Ferdinand,Bol,1616-06-24,Dordrecht,1680-07-24,Amsterdam,"artiste,peintre,graveur(euse)",peintre et graveur néerlandais (1616-1680),,4,1,Q26421,Q727
LancelotBlondeel,http://www.wikidata.org/entity/Q2125116,,Lancelot,Blondeel,1498,Q499588,1561-03-04,Bruges,"artiste,peintre",peintre flamand,,4,1,Q499588,Q12994
Rhampsinit,https://www.wikidata.org/wiki/Q1604113,,,Rhampsinit,,,,,personnage mythologique,roi légendaire d’Égypte antique,,4,1,,
Rhadamanthe,https://www.wikidata.org/wiki/Q193609,,,Rhadamanthe,,,,,personnage mythologique,personnage de la mythologie grecque,,4,1,,
AlamannoRinuccini,https://www.wikidata.org/wiki/Q4394728,,Alamanno,Rinuccini,1426,Florence,1504,Florence,"personnage politique,auteur(e) de textes",humaniste italien de la seconde moitié du XVe siècle,,4,1,Q2044,Q2044
IsabelleDeRequesens,https://www.wikidata.org/wiki/Q11926873,,Isabelle de,Requesens,1468,,1535-03-05,Naples,personnage politique,épouse de Raimond de Cardona,,4,1,,Q2634
JacopoRipanda,http://www.wikidata.org/entity/Q3157648,,Jacopo,Ripanda,1401,Bologne,1516,Rome,"artiste,peintre",peintre italien,,4,1,Q1891,Q220
CornelisIIBloemaert,http://www.wikidata.org/entity/Q518767,Cornelis Bloemaert le Jeune,Cornelis,Bloemaert,1603,Utrecht,1692-09-28,Rome,"artiste,peintre,graveur(euse)",peintre et graveur néerlandais (1603–1692),,4,1,Q803,Q220
NicolasBollery,http://www.wikidata.org/entity/Q3340069,,Nicolas,Bollery,1560,Paris,1630-04-18,Paris,"artiste,peintre",peintre français,,4,1,Q90,Q90
MarieDeRohan,https://www.wikidata.org/wiki/Q438615,Duchesse de Chevreuse,Marie de,Rohan,1600-12,Paris,1679-08-12,Q179821,personnage politique,aristocrate française,,4,1,Q90,Q179821
RobertRivaudeau,,,Robert,Rivaudeau,,,,,,,,2,1,,
LucaDellaRobbia,http://www.wikidata.org/entity/Q194977,,Luca della,Robbia,1399-07,Florence,1482-02-10,Florence,"artiste,sculpteur",sculpteur italien (1399-1482),,4,1,Q2044,Q2044
RobertII,https://www.wikidata.org/wiki/Q178918,Robert II le Pieux,,Robert II,0972-03-27,Orleans,1031-07-20,Melun,personnage politique,roi des Francs de 996 à 1031,,4,1,Q6548,Q41139
Remma,,,,Remma,,,,,,,,2,1,,
FrancescoDomenicoBisagno,,,Francesco Domenico,Bisagno,,,,,,,,2,1,,
PierreLouisReichDePennautier,https://www.wikidata.org/wiki/Q3386016,,Pierre Louis,Reich de Pennautier,1637,Q1083982,1711-08-02,Montpellier,personnage politique,financier et homme d'affaires français (1635-1711),,4,1,Q1083982,Q6441
BattistaRobusti,,,Battista,Robusti,,,,,,,,2,1,,
RaffaeleRegio,https://www.wikidata.org/wiki/Q7294005,,Raphael,Regius,1450,Q16137,1520,Venise,auteur(e) de textes,humaniste vénitien,,4,1,Q16137,Q641
AlchidiaRodio,,,Alchidia,Rodio,,,,,,,,2,1,,
NicolosiaBellini,https://www.wikidata.org/wiki/Q18507304,,Nicolosia,Bellini,1453,Venise,1460,Mantoue,"muse,personnage historique","fille de Iacopo Bellini, épouse de Mantegna",,4,1,Q641,Q6247
JehanBellegambe,http://www.wikidata.org/entity/Q932136,Le Maître des Couleurs,Jehan,Bellegambe,1470,Q193826,1534,Q193826,"artiste,peintre",peintre français,,4,1,Q193826,Q193826
ArmandDeBourbonConti,https://www.wikidata.org/wiki/Q465844,,Armand de,Bourbon-Conti,1629-10-11,Paris,1666-02-26,Q633811,personnage politique,"prince français, dernier des trois enfants d'Henri II de Bourbon, prince de Condé (1629-1666)",,4,1,Q90,Q633811
AntonioBarberini,https://www.wikidata.org/wiki/Q599744,,Antonio,Barberini,1607-08-05,Rome,1671-08-03,Q243101,personnage du clergé,cardinal italien (1607-1671),,4,1,Q220,Q243101
Pytis,,,,Pytis,,,,,,,,2,1,,
Barnaba,,,,Barnaba,,,,,,,,2,1,,
Pytheas,https://www.wikidata.org/wiki/Q189971,Pithius,,Pytheas,-359,Q2566850,-289,,"auteur(e) de textes,personnage historique",explorateur grec massaliote,,4,1,Q2566850,
AntipaterDeBostra,https://www.wikidata.org/wiki/Q2696411,Antipater de Bostra,Antipater de,Bostra,410,Q272680,450,,personnage du clergé,évêque de Bostra,,4,1,Q272680,
GiovanniBarile,http://www.wikidata.org/entity/Q21899339,,Giovanni,Barile,,,1529,,"artiste,graveur(euse)",graveur et décorateur,,4,1,,
SaintGall,,San Gallo,,Saint Gall,,,,,saint(e),,,2,1,,
Pyrgotele,https://www.wikidata.org/wiki/Q1243453,,,Pyrgotèle,,,,,"artiste,graveur(euse)",glypticien antique,,4,1,,
LouisBoucherat,https://www.wikidata.org/wiki/Q3261319,,Louis,Boucherat,1616-08-26,Paris,1699-09-02,Paris,personnage politique,chancelier de France,,4,1,Q90,Q90
LouisBarbierDeLaRiviere,https://www.wikidata.org/wiki/Q3261176,,Louis,Barbier de La Rivière,1593,Q1336171,1670,Paris,personnage du clergé,"prélat français, évêque de Langres ",,4,1,Q1336171,Q90
FrancoisDuPuy,https://www.wikidata.org/wiki/Q65146534,,François du,Puy,1450,Q1116312,1521-09-15,Q180709,"personnage du clergé,auteur(e) de textes","juriste, chanoine, ecclésiastique, et humaniste français de la fin du Moyen Âge",,4,1,Q1116312,Q180709
CesareBaronio,https://www.wikidata.org/wiki/Q317900,Baronius,Cesare,Baronio,1538-10,Q117382,1607-06-30,Rome,personnage du clergé,cardinal de l'Église catholique romaine,,4,1,Q117382,Q220
AchilleBocchi,https://www.wikidata.org/wiki/Q3604350,,Achille,Bocchi,1488,Bologne,1562-11-06,Bologne,auteur(e) de textes,humaniste et écrivain italien,,4,1,Q1891,Q1891
AndreaSalaino,http://www.wikidata.org/entity/Q954126,Andrea Salaino,Gian Giacomo,Caprotti,1480,Q16585087,1524-01-19,Milan,"artiste,peintre",peintre italien,,4,1,Q16585087,Q490
HermolaoBarbaro,https://www.wikidata.org/wiki/Q1236821,,Hermolao,Barbaro,1453-05-21,Venise,1493-06-14,Rome,personnage politique,diplomate italien,,4,1,Q641,Q220
EgidioPusterla,,,Egidio,Pusterla,,,,,,,,2,1,,
PierreBoucle,http://www.wikidata.org/entity/Q10349690,,Pierre,Boucle,1610,Anvers,1673,Paris,"artiste,peintre",peintre flamand,,4,1,Q12892,Q90
PierrePuget,http://www.wikidata.org/entity/Q371979,,Pierre,Puget,1620-10-16,Marseille,1694-12-02,Marseille,"artiste,peintre,architecte,sculpteur","architecte, sculpteur et peintre français",,4,1,Q23482,Q23482
AntonMariaSalvini,https://www.wikidata.org/wiki/Q349065,,Anton Maria,Salvini,1653-01-12,Florence,1729-05-17,Florence,auteur(e) de textes,écrivain italien (1653-1729),,4,1,Q2044,Q2044
LorenzoPucci,https://www.wikidata.org/wiki/Q745434,,Lorenzo,Pucci,1458-08-18,Florence,1531-09-16,Rome,personnage du clergé,prélat catholique,,4,1,Q2044,Q220
GiovanniBandini,http://www.wikidata.org/entity/Q3766522,Giovanni dell'Opera,Giovanni,Bandini,1540,Florence,1599-04-18,Florence,"artiste,sculpteur",sculpteur italien,,4,1,Q2044,Q2044
SaintCrisant,,San Grisante (hypothèse),,Saint Crisant,,,,,saint(e),,,2,1,,
AndreaBoscoli,http://www.wikidata.org/entity/Q1056313,,Andrea,Boscoli,1560,Florence,1608-08-25,Rome,"artiste,peintre",peintre italien,,4,1,Q2044,Q220
GiovanniBattistaRozza,,,Giovanni Battista,Rozza,,,,,,,,2,1,,
AntigoneleBorgne,https://www.wikidata.org/wiki/Q55038392,,Antigone le,Borgne,,,,,personnage politique,roi d'Asie,,4,1,,
FrancescoBonsignori,http://www.wikidata.org/entity/Q2524101,,Francesco,Bonsignori,1460,Verone,1519-07-02,Q46625,"artiste,peintre",peintre italien,,4,1,Q2028,Q46625
Belchim,,,,Belchim,,,,,,,,2,1,,
GirolamoBeccaria,,,Girolamo,Beccaria,,,,,,,,2,1,,
LouisBeaubrun,http://www.wikidata.org/entity/Q57243958,,Louis,Beaubrun,1580,Amboise,1627-11-24,Paris,"artiste,peintre",peintre français,,4,1,Q205116,Q90
HenriBeaubrun,http://www.wikidata.org/entity/Q21452901,,Henri,Beaubrun,1603-02-02,Amboise,1677-05-17,Paris,"artiste,peintre",peintre français,,4,1,Q205116,Q90
JacopoDellaQuercia,http://www.wikidata.org/entity/Q314797,,Jacopo della,Quercia,1374,Q952072,1438-10-20,Sienne,"artiste,sculpteur",sculpteur italien du Quattrocento florentin,,4,1,Q952072,Q2751
CharlesBeaubrun,http://www.wikidata.org/entity/Q5075493,,Charles,Beaubrun,1604,Amboise,1692-01-16,Paris,"artiste,peintre",peintre français,,4,1,Q205116,Q90
HuguesDeRudelle,,,Huges de,Rudelle,,,,,,,,2,1,,
FlaviusRufinus,https://www.wikidata.org/wiki/Q363482,,Flavius,Rufinus,335,Q715376,0395-11-27,Constantinople,personnage politique,consul romain en 392,,4,1,Q715376,Q16869
QuintusFabiusMaximusRullianus,https://www.wikidata.org/wiki/Q435352,Quintus Fabius Maximus Rullianus,Quintus Fabius Maximus,Rullianus,-355,Q1747689,-300,Rome,personnage politique,consul romain à cinq reprises,,4,1,Q1747689,Q220
Pelopidas,https://www.wikidata.org/wiki/Q316059,,,Pélopidas,-450,Thebes,-364,Q2334746,militaire,militaire thébain,,4,1,Q11225429,Q2334746
GirolamoRuscelli,https://www.wikidata.org/wiki/Q2903986,Alessio Piemontese,Girolamo,Ruscelli,1504,Q13395,1566,Venise,auteur(e) de textes,écrivain italien,,4,1,Q13395,Q641
Sodoma,http://www.wikidata.org/entity/Q8506,Le Sodoma,Giovanni Antonio,Bazzi,1477,Vercelli,1549-02-14,Sienne,"artiste,peintre",peintre italien,,4,1,Q5990,Q2751
JeromeBaullery,http://www.wikidata.org/entity/Q3190805,,Jérôme,Baullery,1532,Paris,1598,Paris,"artiste,peintre",peintre français,,4,1,Q90,Q90
JeanBaudouin,https://www.wikidata.org/wiki/Q504538,,Jean,Baudouin,1590,Pradelles,1650,Paris,auteur(e) de textes,traducteur et écrivain français (1590-1650),,4,1,Q38380,
LorenzoSabatini,http://www.wikidata.org/entity/Q886785,Lorenzino da Bologna,Lorenzo,Sabatini,1530,Bologne,1576-08-02,Rome,"artiste,peintre",peintre italien,,4,1,Q1891,Q220
GentileBorri,,,Gentile,Borri,,,,,,,,2,1,,
Basiliscus,https://www.wikidata.org/wiki/Q193056,,,Basiliscus,500,Cappadoce,476,Cappadoce,personnage politique,empereur byzantin de 475 à 476,,4,1,Q217265,Q217265
HieronimusBosch,http://www.wikidata.org/entity/Q130531,Jérôme Bosch,Hieronimus van,Aken,1450,BoisLeDuc,1516-08,BoisLeDuc,"artiste,peintre",peintre et dessinateur néerlandais (c. 1450-1516),,4,1,Q2766547,Q2766547
FrancescoBoschi,http://www.wikidata.org/entity/Q3080919,,Francesco,Boschi,1619,Florence,1675-01-16,Florence,"artiste,peintre",peintre italien,,4,1,Q2044,Q2044
EuropaAnguissola,http://www.wikidata.org/entity/Q1375207,,Europa,Anguissola,1600,Cremone,1600,Italie,"artiste,peintre",peintre italienne,,4,1,Q6231,Q38
Hegesias,https://www.wikidata.org/wiki/Q174532,,,Hégésias d'Athènes,-1000-00-00,Q1524,-500,,"artiste,sculpteur",sculpteur antique,,4,1,Q1524,
JacquesAngouleme,http://www.wikidata.org/entity/Q19597256,,Jacques d',Angoulême,1520,,1596,,"artiste,sculpteur",sculpteur français,,4,1,,
FraGiovanniDaVerona,http://www.wikidata.org/entity/Q3749194,Fra Giovanni da Verona,Giovanni da,Verona,1457,Verone,1525-02-10,Verone,"artiste,sculpteur,architecte,peintre","moine olivétain italien, sculpteur, architecte, peintre miniature et menuisier",,4,1,Q2028,Q2028
CesareVecellio,http://www.wikidata.org/entity/Q549400,,Cesare,Vecellio,1521,Cadore,1601-03-02,Venise,"artiste,peintre",peintre italien,,4,1,Q41065,Q641
GiovanniDemio,https://www.wikidata.org/wiki/Q16559911,Giovanni Fratino,Giovanni,Demio,1500,Q47262,1570,Q49280530,"artiste,peintre",peintre italien,,4,1,Q47262,Q49280530
GualtieroPadovano,https://www.wikidata.org/wiki/Q3118716,Gualtiero Padovano,Gualtiero,Dell'Arzere,1510,Padoue,1552,Padoue,"peintre,artiste",peintre italien,,4,1,Q617,Q617
BattistaAgnolo,https://www.wikidata.org/wiki/Q2891762,Battista d'Agnolo,Battista del,Moro,1512,Verone,1573,Venise,"artiste,peintre",peintre italien du XVIe siècle,,4,1,Q2028,Q641
AntonioVeneziano,http://www.wikidata.org/entity/Q2261335,,Antonio,Veneziano,1400,Venise,1400,Florence,"artiste,peintre",peintre italien,,4,1,Q641,Q2044
CaiusFlaminiusNepos,https://www.wikidata.org/wiki/Q318879,,Caius Flaminius,Nepos,,Q1747689,-217-06-22,Q16240,personnage politique,consul romain en 223 et en 217 av. J.-C.,,4,1,Q1747689,Q16240
AttonDeVerceil,https://www.wikidata.org/wiki/Q512544,,Atton de,Verceil,885,,0961-12-31,,personnage du clergé,évêque de Verceil,,4,1,,
NitocrisDeBabylone,https://www.wikidata.org/wiki/Q372441,,Nitocris de,Babylone,-550,,-550,,personnage politique,reine de Babylone,,4,1,,
Geryon,https://www.wikidata.org/wiki/Q86805,,,Géryon,,,,,personnage mythologique,"géant mythologique à trois têtes, trois troncs, et six bras",,4,1,,
AncusMarcius,https://www.wikidata.org/wiki/Q206741,,,Ancus Marcius,-675,,-616,Rome,"personnage politique,personnage mythologique",quatrième roi légendaire de la Rome antique,,4,1,,Q220
Cleonyme,https://www.wikidata.org/wiki/Q930518,,Cléonyme de,Sparte,-340,,-272,,personnage politique,"prince spartiate, fils de Cléomène II",,4,1,,
StefanoDaVerona,http://www.wikidata.org/entity/Q724508,Stefano di Giovanni,Stefano da,Verona,1374,Verone,1451,Verone,"artiste,peintre",peintre vénitien (1374-1451),,4,1,Q2028,Q2028
ZenoneVeronese,http://www.wikidata.org/entity/Q18545599,Zenone Donise,Zenone,Veronese,1484,Verone,1552,Q111705,"artiste,peintre",peintre italien,,4,1,Q2028,Q111705
LippoAndrea,http://www.wikidata.org/entity/Q18627228,,Lippo d',Andrea,1370,Florence,1500,,"artiste,peintre",peintre florentin,,4,1,Q2044,
LuciusAemiliusPaullus,https://www.wikidata.org/wiki/Q456950,Paul Émile,Lucius Aemilius,Paullus,-99,Rome,-100,Milet,personnage politique,consul romain en 50 av. J.-C.,,4,1,Q220,Q169460
AntonioVerrio,http://www.wikidata.org/entity/Q2305594,,Antonio,Verrio,1639,Q13386,1707-06-15,Q205666,"artiste,peintre",peintre italien,,4,1,Q13386,Q205666
SantiGucci,https://www.wikidata.org/wiki/Q266103,,Santi,Gucci,1530,Florence,1600,Q4289557,"artiste,architecte,sculpteur",architecte et sculpteur italien,,4,1,Q2044,Q4289557
Livie,https://www.wikidata.org/wiki/Q469701,Livie,,Livia Drusilla,-59-01-30,Rome,29-09-28,Rome,personnage politique,"impératrice romaine, conjointe d'Auguste et mère de Tibère",,4,1,Q220,Q220
MarcusJuniusBrutus,https://www.wikidata.org/wiki/Q172248,Brutus,Marcus Junius,Brutus,-85,,-42-10-23,Philippes,"personnage politique,philosophe","sénateur romain, juriste et philosophe de la fin de la République, meurtrier de Jules César",,4,1,,Q379652
PieroVettori,,,,,,,,,,artist,,2,1,,
GiuseppeNiccoloVicentino,http://www.wikidata.org/entity/Q5565479,Il Roggieri,Giuseppe Niccolò,Vicentino,1525,Italie,1600,,"artiste,peintre,graveur(euse)",peintre et graveur italien,,4,1,Q38,
CaiusCassiusLonginus,https://www.wikidata.org/wiki/Q207370,Cassius,Gaius Cassius,Longinus,-85,,-42-10-23,Philippes,"personnage politique,philosophe","sénateur romain, juriste et philosophe de la fin de la République, meurtrier de Jules César",,4,1,,Q379652
PietroSantiBartoli,https://www.wikidata.org/wiki/Q1106798,,Pietro Santi,Bartoli,1635,Perugia,1700-11-07,Rome,"artiste,peintre,graveur(euse)",peintre et graveur italien,,4,1,Q3437,Q220
AureliusVictorAfer,https://www.wikidata.org/wiki/Q275606,,Sextus Aurelius,Victor Afer,320,Q181238,390,,auteur(e) de textes,historien romain,,4,1,Q181238,
RanuccioTomassoni,https://www.wikidata.org/wiki/Q21607806,,Ranuccio,Tomassoni,,Q8621,1606-05-28,CampoMarzioRome,personnage historique,fixateur et proxénète assassiné par Le Caravage,,4,1,Q8621,Q1031426
FaustineAncienne,https://www.wikidata.org/wiki/Q234734,Faustine l'Ancienne,, Faustina,0105-02-16,Q1747689,140,,personnage politique,"impératrice romaine, épouse d'Antonin le Pieux (empereur de 138 à 161)",,4,1,Q1747689,
GiovanniBattistaMaganza,https://www.wikidata.org/wiki/Q3766696,,Giovanni Battista,Maganza,1513,Q34421,1586-08-15,Vicence,"artiste,peintre",peintre italien,,4,1,Q34421,Q6537
LeonardoMocenigo,https://www.wikidata.org/wiki/Q65346313,,Leonardo,Mocenigo,1551-01-26,Venise,1627-02-22,Venise,personnage politique,homme politique italien,,4,1,Q641,Q641
BonifacioDelVasto,https://www.wikidata.org/wiki/Q1770709,,Bonifacio del,Vasto,1060-10-05,Q13320,1130,,personnage politique,marquis de Savone,,4,1,Q13320,
GiorgioCorner,https://www.wikidata.org/wiki/Q3765382,,Giorgio,Corner,1524-02-26,Venise,1578,Venise,personnage du clergé,évèque catholique italien,,4,1,Q641,Q641
BartolomeoDellaRovere,https://www.wikidata.org/wiki/Q809516,,Bartolomeo della,Rovere,1447,Q13320,1496,Rome,"personnage politique,personnage du clergé",évêque italien,,4,1,Q13320,Q220
GianGiorgioTrissino,https://www.wikidata.org/wiki/Q436738,,Gian Giorgio,Trissino,1478-07-08,Vicence,1550-12-08,Rome,"philosophe,auteur(e) de textes","humaniste, écrivain et poète italien de la Renaissance",,4,1,Q6537,Q220
SaskiaVanUylenburgh,https://www.wikidata.org/wiki/Q109676,,Saskia van,Uylenburgh,1612-08-02,Q25390,1642-06-14,Amsterdam,"muse,personnage historique",épouse et modèle de Rembrandt,,4,1,Q25390,Q727
BasileValentin,https://www.wikidata.org/wiki/Q810169,,Basile,Valentin,1394,Mainz,1450,,"personnage du clergé,auteur(e) de textes",moine bénédictin du XVe siècle,,4,1,Q1720,
ValerioBelli,https://www.wikidata.org/wiki/Q716539,,Valerio,Belli,1468,Vicence,1546,Vicence,"artiste,sculpteur",sculpteur et médailleur italien,,4,1,Q6537,Q6537
MarcusValeriusMaximus,https://www.wikidata.org/wiki/Q673518,Marcus Valerius Volusus Maximus,Marcus,Valerius,-550,,-499,Q17051922,personnage politique,consul romain,,4,1,,Q17051922
LattanzioGambara,https://www.wikidata.org/wiki/Q123806,,Lattanzio,Gambara,1530,Q214575,1574-03-18,Brescia,"artiste,peintre",peintre italien,,4,1,Q214575,Q6221
TommasoMarino,https://www.wikidata.org/wiki/Q16616196,,Tommaso,Marino,1475,Genes,1572-05-09,Milan,personnage politique,banquier italien,,4,1,Q1449,Q490
Valincour,https://www.wikidata.org/wiki/Q3163775,,Jean-Baptiste-Henri de,Valincour,1653-03-01,Paris,1730-01-04,Paris,auteur(e) de textes,homme de lettres français (1653-1730),,4,1,Q90,Q90
FilippoValori,https://www.wikidata.org/wiki/Q118611812,,Filippo,Valori,1496-05-03,Florence,1537-08-20,,"personnage politique,auteur(e) de textes",auteur et diplomate italien,,4,1,Q2044,
ValeriusVanDiependale,,,,,,,,,,"decorative painter, court painter, fresco painter, theatrical painter, glass painter, painter",,2,1,,
IseppoDaPorto,https://www.wikidata.org/wiki/Q3802446,Giuseppe da Porto,Iseppo da,Porto,,,1580-11-08,Vicence,personnage politique,personnalité politique italienne,,4,1,,Q6537
LucasVanUffelen,https://www.wikidata.org/wiki/Q21526240,,Lucas,Van Uffelen,1586-03-07,Amsterdam,1638-05-10,Amsterdam,mécène,marchand et collectionneur d'art néerlandais,,4,1,Q727,Q727
KarelVanManderII,http://www.wikidata.org/entity/Q3374685,Karel van Mander le Jeune,Karel van,Mander,1579,Courtrai,1623-02-21,Delft,"artiste,peintre",peintre néerlandais (1579-1623),,4,1,Q12995,Q690
MargaretheVanEyck,,,,,,,,,,"sitters, relatives",,2,1,,
PaoloAlmerico,https://www.wikidata.org/wiki/Q3362592,,Paolo,Almerico,,,,,"personnage du clergé,mécène",chanoine et mécène italien du XVIe siècle,,4,1,,
GijsbertVanVeen,http://www.wikidata.org/entity/Q21855565,,Gijsbert van,Veen,1562,Leyde,1628,Anvers,"artiste,peintre,graveur(euse)","peintre, dessinateur et graveur néerlandais",,4,1,Q43631,Q12892
PieterVanVeen,http://www.wikidata.org/entity/Q21289685,,Pieter van,Veen,1563,Leyde,1629-11-30,LaHaye,"artiste,peintre",peintre et dessinateur hollandais,,4,1,Q43631,Q36600
AntonioMariaVaprio,,,,,,,,,,peintre,,2,1,,
EzzelinoIIIDaRomano,https://www.wikidata.org/wiki/Q787178,Ezzelino III,Ezzelino da,Romano,1194-04-25,Padoue,1259-10-07,Q42936,personnage politique,condottiere italien,,4,1,Q617,Q42936
SalinguerraIITorelli,https://www.wikidata.org/wiki/Q17308413,Salinguerra II,Salinguerra,Torelli,1164,,1244,Venise,personnage politique,homme politique italien,,4,1,,Q641
FrancescoPisani,https://www.wikidata.org/wiki/Q1385734,,Francesco,Pisani,1494,Venise,1570-06-28,Rome,personnage du clergé,prélat catholique,,4,1,Q641,Q220
MartiaVarrone,,,Martia,Varrone,,,,,,,,2,1,,
LadislasIV,https://www.wikidata.org/wiki/Q54054,Ladislas IV Vasa,,Ladislas IV,1595-06-09,Q9394237,1648-05-20,Q1594489,personnage politique,tsar de Russie de 1610 à 1613 puis roi de Pologne et grand-duc de Lituanie de 1632 à 1648,,4,1,Q9394237,Q1594489
CaiusJuliusCaesarVipsanianus,https://www.wikidata.org/wiki/Q298162,Gaius Caesar,Gaius Julius,Caesar Vipsanianus,-20,Q1747689,04-02-21,Q780117,personnage politique,"homme politique romain, fils d'Agrippa et de Julia",,4,1,Q1747689,Q780117
LuciusJuliusCaesarVipsanianus,https://www.wikidata.org/wiki/Q313735,Lucius Caesar,Lucius Julius,Caesar Vipsanianus,-17-01-29,Q1747689,02-08-20,Marseille,personnage politique,"homme politique romain, fils d'Agrippa et de Julia",,4,1,Q1747689,Q23482
BonifaceIV,https://www.wikidata.org/wiki/Q170505,Boniface IV,,Bonifacius,550,Marsique,0615-05-08,Rome,pape,"67e pape de l'Église catholique, de 608 à 615",,4,1,Q954684,Q220
AntonIIWierix,https://www.wikidata.org/wiki/Q20089487,Anton Wierix le Jeune,Anton,Wierix,1552,Anvers,1604-03-11,Anvers,"artiste,graveur(euse)",graveur flamand,,4,1,Q12892,Q12892
JeanIIWaldor,,,,,,,,,,"artist, engraver, cartoonists, tapestry designers, draftsman, printmaker",,2,1,,
JoosVanWassenhove,http://www.wikidata.org/entity/Q515796,Juste de Gand,Joos van,Wassenhove,1430,Gand,1480,Italie,"artiste,peintre",peintre flamand,,4,1,Q1296,Q38
Servius,https://www.wikidata.org/wiki/Q355350,Servius,Maurus Servius,Honoratus,363,,301,,auteur(e) de textes,écrivain et grammairien latin,,4,1,,
AlofDeWignacourt,https://www.wikidata.org/wiki/Q658756,,Alof de,Wignacourt,1547,Q70972,1622-09-14,Q193896,"personnage politique,mécène",grand maître de l'ordre de Saint-Jean de Jérusalem,,4,1,Q70972,Q193896
LucasKilian,https://www.wikidata.org/wiki/Q5908386,,Lucas,Kilian,1579,Augsbourg,1637-03-27,Augsbourg,"artiste,graveur(euse)","	
graveur allemand",,4,1,Q2749,Q2749
MichaelWolgemut,http://www.wikidata.org/entity/Q262771,,Michael,Wolgemut,1434,Nuremberg,1519-11-30,Nuremberg,"artiste,peintre,graveur(euse)","peintre, un dessinateur et un graveur sur bois de la Renaissance (1434–1519)",,4,1,Q2090,Q2090
CornelisThomasz,,,,,,,,,,,,2,1,,
ErnestDeBaviere,https://www.wikidata.org/wiki/Q62051,,Ernest de,Bavière,1554-12-17,Munich,1612-02-17,Q3912,"personnage politique,personnage du clergé",évêque et homme politique du Saint-Empire romain germanique,,4,1,Q1726,Q3912
GuillaumeVBaviere,https://www.wikidata.org/wiki/Q60568,,Guillaume de,Bavière,1548-09-29,Q3974,1626-02-07,Q253881,personnage politique,duc de Bavière de 1579 à 1597,,4,1,Q3974,Q253881
Zenon,https://www.wikidata.org/wiki/Q183452,,,Zenon,425,Q189792,0491-04-09,Constantinople,personnage politique,empereur byzantin de 474 à 491,,4,1,Q189792,Q16869
DemetriosIerPoliorcete,https://www.wikidata.org/wiki/Q59734,Démétrios Ier Poliorcète,,Demetrios,-336,,-283,Q617550,"personnage politique,militaire",roi de Macédoine (336-283 av. J.-C.),,4,1,,Q617550
AltichieroDaZevio,http://www.wikidata.org/entity/Q379567,,Altichiero da,Zevio,1330,Q48462,1390,Verone,"artiste,peintre",peintre italien,,4,1,Q48462,Q2028
MagdalenaVanDePasse,https://www.wikidata.org/wiki/Q438750,,Magdalena van de,Passe,1600,Cologne,1638-01-22,Utrecht,"artiste,graveur(euse)",graveuse néerlandaise,,4,1,Q365,Q803
Zorus,,,,Zorus,,,,,,,,2,1,,
JanosZsamboky,https://www.wikidata.org/wiki/Q931436,"Johannes Sambucus, Gioan Sambuco",János,Zsámboky,1531-03-01,Q26175,1584-06-13,Vienne,"auteur(e) de textes,philosophe,mécène,médecin","médecin, philologue, humaniste, historien, poète, collectionneur d'œuvres d'art, de manuscrits, bibliophile et mécène hongrois",,4,1,Q26175,Q1741
Zuccaro,,,,,,,,,,"families, artist, painter",,2,1,,
JacobErnstThomannVonHagelstein,https://www.wikidata.org/wiki/Q1677472,,Jacob Ernst,Thomann von Hagelstein,1588,Q537453,1653-10-10,Lindau,"artiste,peintre",peintre allemand,,4,1,Q537453,Q153969
ArtemiseII,https://www.wikidata.org/wiki/Q231851,,,Artémise II,,,-350,Q5843680,personnage politique,reine d'Halicarnasse et épouse de Mausole,,4,1,,Q5843680
Mecene,https://www.wikidata.org/wiki/Q8833,,Gaius Cilnius,Maecenas,-70,Arezzo,-8,,"mécène,personnage politique",conseiller de l'empereur Auguste,,4,1,Q13378,
QuintusClaudiusQuadrigus,https://www.wikidata.org/wiki/Q445928,,Quintus,Claudius Quadrigarius,-200,Q1747689,-100,,auteur(e) de textes,historien romain,,4,1,Q1747689,
CnaeusGellius,https://www.wikidata.org/wiki/Q674741,,Cnaeus,Gellius,-175,Q1747689,-160,,auteur(e) de textes,historien romain,,4,1,Q1747689,
ArchelaosGeneral,https://www.wikidata.org/wiki/Q360787,Archélaos,,Archelaos,-200,,-100,,"personnage politique,militaire",général de Mithridate VI du Pont,,4,1,,
MithridateVI,https://www.wikidata.org/wiki/Q185126,Mithridate VI,,Mithridates,-134,Q599416,-63,Q321371,personnage politique,roi du Pont,,4,1,Q599416,Q321371
Epaminondas,https://www.wikidata.org/wiki/Q190436,,,Épaminondas,-418,Thebes,-362,Mantinee,"personnage politique,militaire",général et homme politique thébain,,4,1,Q11225429,Q1160195
LuciusAureliusVerus,https://www.wikidata.org/wiki/Q1433,,Lucius Aurelius,Vérus,0130-12-15,Rome,0169-01-23,Q441542,personnage politique,empereur romain de 161 à 169,,4,1,Q220,Q441542
ChristianIVDanemark,https://www.wikidata.org/wiki/Q153586,Christian IV,Christian d',Oldenbourg,1577-04-12,Q226103,1648-02-28,Q206101,personnage politique,roi de Danemark et de Norvège de 1588 à 1648 (1577-1648),,4,1,Q226103,Q206101
Albunea,https://www.wikidata.org/wiki/Q2062262,,,Albunéa,,,,,personnage mythologique,"prophétesse, sybille romaine",,4,1,,
MarcDeVulsonDeLaColombiere,https://www.wikidata.org/wiki/Q303609,,Marc de,Vulson de La Colombière,,,1658,,auteur(e) de textes,héraldiste français,,4,1,,
Leto,https://www.wikidata.org/wiki/Q103107,,,Léto,,,,,personnage mythologique,"personnage de la mythologie grecque, maîtresse de Zeus et mère d'Artémis et Apollon",,4,1,,
LuciusFuriusCamillus,https://www.wikidata.org/wiki/Q589448,,Lucius Furius,Camillus,-409,Q1747689,-350,,personnage politique,consul romain en 349 av. J.-C.,,4,1,Q1747689,
MarcusValeriusLaevinus,https://www.wikidata.org/wiki/Q706722,,Marcus Valerius,Laevinus,-260,Q1747689,-200,Rome,personnage politique,consul romain en 220 et en 210 av. J.-C.,,4,1,Q1747689,Q220
Viridomaros,https://www.wikidata.org/wiki/Q2590752,,,Viridomaros,-50,Gaule,,,"personnage politique,militaire",aristocrate gaulois du peuple des Éduens qui participa à l'insurrection contre César en 52 av. J.-C.,,4,1,Q38060,
PeterVischer,,,,,,,,,,"families, artist, workshops, sculptor",,2,1,,
JeanOecolampade,https://www.wikidata.org/wiki/Q123450,Jean Œcolampade,Johannes,Oecolampadius,1482,Q1584,1531-11-24,Basel,personnage du clergé,"réformateur, humaniste et prédicateur suisse-allemand",,4,1,Q1584,Q78
ProsperoVisconti,https://www.wikidata.org/wiki/Q130361202,,Prospero,Visconti,1545,,1592,,"personnage politique,mécène",érudit et collectionneur italien,,4,1,,
PirroIViscontiBorromeo,https://www.wikidata.org/wiki/Q16765845,,Pirro I,Visconti Borromeo,1560,Milan,1604,Milan,"personnage politique,militaire,mécène","noble italien, mécène et soldat",,4,1,Q490,Q490
TimoteoViti,http://www.wikidata.org/entity/Q1709100,,Timoteo,Viti,1469,Q2759,1523,Q2759,"artiste,peintre",peintre italien,,4,1,Q2759,Q2759
GeorgPencz,https://www.wikidata.org/wiki/Q698624,,Georg,Pencz,1500,Nuremberg,1550-10-11,Q2079,"artiste,peintre,graveur(euse)","peintre, dessinateur et graveur allemand de style maniériste",,4,1,Q2090,Q2079
AlviseVivarini,http://www.wikidata.org/entity/Q1258585,,Alvise,Vivarini,1440,Venise,1500,Venise,"artiste,peintre",peintre vénitien,,4,1,Q641,Q641
AntonioVivarini,http://www.wikidata.org/entity/Q935534,,Antonio,Vivarini,1416,Murano,1480,Venise,"artiste,peintre",peintre vénitien de la renaissance,,4,1,Q52437,Q641
BartolomeoVivarini,http://www.wikidata.org/entity/Q456971,,Bartolomeo,Vivarini,1430,Venise,1499,Italie,"artiste,peintre",peintre italien,,4,1,Q641,Q38
PieterVlerick,http://www.wikidata.org/entity/Q19883243,,Pieter,Vlerick,1539,Courtrai,1581,Tournai,"artiste,peintre",peintre flamand,,4,1,Q12995,Q173219
JohannesVoet,https://www.wikidata.org/wiki/Q878674,,Johannes,Voet,1647-10-03,Utrecht,1713-09-09,Utrecht,auteur(e) de textes,juriste néerlandais en droit civil et canon,,4,1,Q803,Q803
FlaviusVopiscus,https://www.wikidata.org/wiki/Q534986,,Flavius,Vopiscus,201,Izmir,301,,"auteur(e) de textes,personnage imaginaire",historien fictif de l'Histoire Auguste,,4,1,Q35997,
JacobusDeVoragine,https://www.wikidata.org/wiki/Q313460,,Jacobus de,Voragine,1228,Q271358,1298-07,Genes,"personnage du clergé,auteur(e) de textes","frère dominicain italien, archevêque et auteur de la Légende dorée",,4,1,Q271358,Q1449
EdouardVI,https://www.wikidata.org/wiki/Q83229,Édouard VI,Édouard d',Angleterre,1537-10-12,Q205666,1553-07-06,Q1424839,,roi d'Angleterre et d'Irlande de 1547 à 1553,,4,1,Q205666,Q1424839
LaurentVouet,,,,,,,,,,peintre,,2,1,,
PhilippeIIBade,https://www.wikidata.org/wiki/Q71207,Philippe II de Bade,Philippe de,Bade,1559-02-19,Q4100,1588-06-07,Q4100,personnage politique,margrave de Baden-Baden,,4,1,Q4100,Q4100
AubinVouet,http://www.wikidata.org/entity/Q2870616,,Aubin,Vouet,1595-06-13,Paris,1641-05-01,Paris,"artiste,peintre",peintre français,,4,1,Q90,Q90
HansVredemanDeVries,http://www.wikidata.org/entity/Q944332,,Hans,Vredeman de Vries,1527,Q25390,1609,Q1055,"artiste,peintre",peintre néerlandais,,4,1,Q25390,Q1055
AdrienVries,,,,,,,,,,"artist, sculptor",,2,1,,
RemyVuibert,http://www.wikidata.org/entity/Q3456193,,Rémy,Vuibert,1607,Q209790,1652-09-19,Moulins,"artiste,peintre",peintre français,,4,1,Q209790,Q184883
JacobDeGheynII,https://www.wikidata.org/wiki/Q1347434,Jacob de Gheyn le Jeune,Jacob de,Gheyn,1565,Anvers,1629-03-29,LaHaye,"artiste,peintre,graveur(euse)",peintre et graveur néerlandais ,,4,1,Q12892,Q36600
PhilippUffenbach,http://www.wikidata.org/entity/Q319135,,Philipp,Uffenbach,1566-01-15,Francfort,1636-04-06,Francfort,"artiste,peintre",peintre allemand,,4,1,Q1794,Q1794
Tenes,https://www.wikidata.org/wiki/Q426788,,,Ténès,,,,,personnage mythologique,fils de Cycnos (mythologie grecque),,4,1,,
JeanTzetzes,https://www.wikidata.org/wiki/Q530515,,Jean,Tzétzés,1110,Constantinople,1180,Constantinople,auteur(e) de textes,grammairien et poète byzantin,,4,1,Q16869,Q16869
FrancoisStella,http://www.wikidata.org/entity/Q5493412,,François,Stella,1563,Malines,1605,Lyon,"artiste,peintre",peintre baroque français,,4,1,Q162022,Q456
SimonStevin,http://www.wikidata.org/entity/Q23696,,Simon,Stevin,1548,Bruges,1620,LaHaye,"ingénieur,mathématicien,médecin","physicien, mathématicien et ingénieur militaire flamand",,4,1,Q12994,Q36600
Agoracritos,https://www.wikidata.org/wiki/Q395404,,,Agoracritos,-500,Paros,-500,,"artiste,sculpteur",sculpteur grec,,4,1,Q201272,
PierreAffre,http://www.wikidata.org/entity/Q3383648,,Pierre,Affre,1590,Beziers,1669,Toulouse,"artiste,sculpteur",sculpteur français,,4,1,Q174019,Q7880
Adramalech,https://www.wikidata.org/wiki/Q366515,,,Adramalech,,,,,personnage biblique,"Démon, Grand chancelier des Enfers",,4,1,,
Adiafare,,,,Adiafare,,,,,,,,2,1,,
LodovicoDiLeonardoBuonarrotiSimoni,https://www.wikidata.org/wiki/Q21707110,,Lodovico,Buonarotti Simoni,1444,,1534,,personnage historique,père de Michel-Ange,,4,1,,
GiovanniBattistaStrozzi,,,,,,,,,,auteur,,2,1,,
DonatoAcciaiuoli,,,,,,,,,,italian scholar and statesman,,2,1,,
JudaAbravanel,https://www.wikidata.org/wiki/Q467062,Léon l'Hébreux,Juda,Abravanel,1460,Lisbonne,1530,Naples,"auteur(e) de textes,philosophe,médecin","médecin, philosophe néoplatonicien et poète juif portugais de la Renaissance",,4,1,Q597,Q2634
Styx,https://www.wikidata.org/wiki/Q542758,,,Styx,,,,,personnage mythologique,personnage de la mythologie grecque,,4,1,,
Menandre,https://www.wikidata.org/wiki/Q118992,,,Ménandre,-340,Q13415481,-290,Q5494306,auteur(e) de textes,auteur comique grec de l'Antiquité,,4,1,Q13415481,Q5494306
Pindare,https://www.wikidata.org/wiki/Q134929,,,Pindare,-517,Q3008765,-437,Q13533353,auteur(e) de textes,poète lyrique de la Grèce antique (518-438 av. J.-C.),,4,1,Q3008765,Q13533353
Suidas,,,,Suidas,,,,,,,,2,1,,
LambertSustris,http://www.wikidata.org/entity/Q1357759,,Lambert,Sustris,1515,Amsterdam,1584,Padoue,"artiste,peintre",peintre néerlandais du XVIe,,4,1,Q727,Q617
FrancescoDaButi,https://www.wikidata.org/wiki/Q3081140,,Francesco de,Buti,1324,Pise,1406-07-25,Pise,"auteur(e) de textes,personnage politique",personnalité politique et critique littéraire italien,,4,1,Q13375,Q13375
Lattanzio,https://www.wikidata.org/wiki/Q209102,Lactance,Lucius Caecilius Firmianus,Lactantius,240,Q111740735,320,Q3138,"personnage du clergé,auteur(e) de textes",rhéteur et apologète chrétien,,4,1,Q111740735,Q3138
IsaacClaeszSwanenburgh,http://www.wikidata.org/entity/Q984253,,Isaac Claesz. van,Swanenburgh,1537-08-19,Leyde,1614-03-10,Leyde,"artiste,peintre",peintre néerlandais,,4,1,Q43631,Q43631
HermanVanSwanevelt,http://www.wikidata.org/entity/Q875164,,Herman van,Swanevelt,1603,Q5128,1655,Paris,"artiste,peintre,graveur(euse)",peintre et graveur néerlandais (1603-1655),,4,1,Q5128,Q90
Berengario,https://www.wikidata.org/wiki/Q670782,Jacopo Berengario da Carpi,Berengario da,Carpi,1460,Carpi,1530-11-24,Ferrare,médecin,médecin italien,,4,1,Q100041,Q13362
CelioSecondoCurione,https://www.wikidata.org/wiki/Q677728,,Celio Secondo,Curione,1503-05-01,Q9284,1569-11-24,Basel,"auteur(e) de textes,philosophe","humaniste italien de la Renaissance, auteur de travaux de philologie latine et de théologie",,4,1,Q9284,Q78
Portia,https://www.wikidata.org/wiki/Q255448,Porcia,,Portia,-100,Q1747689,43,Q1747689,personnage historique,"citoyenne romaine, épouse de Brutus",,4,1,Q1747689,Q1747689
IsidoreDeSeville,https://www.wikidata.org/wiki/Q166876,Isidore de Séville,Isidore de,Séville,560,Q162615,0636-04-04,Q116214691,"personnage du clergé,auteur(e) de textes","évêque de Séville, théologien, érudit et docteur de l'Église du VIIe siècle",,4,1,Q162615,Q116214691
FrancescoSansovino,https://www.wikidata.org/wiki/Q724746,Francesco Sansovino,Francesco,Tatti della Sansovino,1521,Rome,1583-09-28,Venise,"auteur(e) de textes,éditeur","écrivain italien, homme de lettres polygraphe érudit connu aussi comme éditeur",,4,1,Q220,Q641
InnocenzoTacconni,http://www.wikidata.org/entity/Q21455299,,Innocenzo,Tacconi,1560,Bologne,1623,Rome,"artiste,peintre",peintre italien 1575-c.1632,,4,1,Q1891,Q220
LucaAlamanni,https://www.wikidata.org/wiki/Q15967022,,Luca,Alamanni,1505,,1625,Florence,personnage du clergé,évêque catholique,,4,1,,Q2044
LeonardoAgostini,https://www.wikidata.org/wiki/Q1054161,,Leonardo,Agostini,1593-09-18,Q2402810,1676-08,Rome,"artiste,graveur(euse)","antiquaire et graveur, fut nommé inspecteur des antiquités par Alexandre VII",,4,1,Q2402810,Q220
HendrickIVanSteenwijck,http://www.wikidata.org/entity/Q709038,Hendrick van Steenwijck l'Ancien,Hendrick van,Steenwijck,1550,Q10014,1603-09-01,Francfort,"artiste,peintre",peintre hollandais,,4,1,Q10014,Q1794
GerardJollain,https://www.wikidata.org/wiki/Q6270041,,Gérard,Jollain,,,,,,,,2,1,,
Aistolf,https://www.wikidata.org/wiki/Q312504,,,Aistolf,,Q53245,756-12,Pavie,personnage politique,roi des Lombards,,4,1,Q53245,Q6259
Amycos,https://www.wikidata.org/wiki/Q697942,,,Amycos,,,,,personnage mythologique,roi des Bébryces dans la mythologie grecque,,4,1,,
BarnaDaSiena,http://www.wikidata.org/entity/Q2447325,Barna de Sienne,Barna da,Siena,1350,Sienne,1380,,"artiste,peintre",peintre italien supposé,,4,1,Q2751,
Amulius,https://www.wikidata.org/wiki/Q1395422,Fabullus ; Fabullo,,Amulius,,,,,"artiste,peintre",peintre romain sous Néron,,4,1,,
ScipioneAmmirato,https://www.wikidata.org/wiki/Q600041,,Scipione,Ammirato,1531-10-07,Q13386,1601-01-11,Florence,auteur(e) de textes,historien italien,,4,1,Q13386,Q2044
JostAmman,http://www.wikidata.org/entity/Q116240,,Jost,Amman,1539-06-13,Q72,1591-03-17,Nuremberg,"artiste,peintre,graveur(euse)","dessinateur, peintre et graveur (1539-1591)",,4,1,Q72,Q2090
ChristophAmberger,http://www.wikidata.org/entity/Q653163,,Christoph,Amberger,1505,Q14805,1562,Augsbourg,"artiste,peintre",peintre allemand,,4,1,Q14805,Q2749
Amalthee,https://www.wikidata.org/wiki/Q107785,,,Amalthée,,,,,personnage mythologique,Océanide de la mythologie grecque,,4,1,,
Amalasonte,https://www.wikidata.org/wiki/Q371670,,,Amalasonte,498,Ravenna,0535-04-30,Q1674451,personnage politique,reine des Ostrogoths,,4,1,Q13364,Q1674451
GabrielSimeoni,https://www.wikidata.org/wiki/Q1321578,"Gabriel Symeoni, Gabriel Syméon, Gabriello Simeoni",Gabriel,Simeoni,1509-07-25,Florence,1575,Turin,auteur(e) de textes,humaniste florentin,,4,1,Q2044,Q495
FerdinandAlvareDeTolede,https://www.wikidata.org/wiki/Q80847,,Ferdinand,Alvare de Tolède,1507-10-29,Q764491,1582-12-11,Lisbonne,personnage politique,noble espagnol du XVIe siècle,,4,1,Q764491,Q597
SixteII,https://www.wikidata.org/wiki/Q127385,,,Sixte II,215,Grece,0258-08-06,Rome,pape,"24e pape, martyr sous Valériens en 258",,4,1,Q41,Q220
Ingegno,http://www.wikidata.org/entity/Q2846290,L'Ingegno,Andrea di,Luigi di Antonio,1480,Assise,1521,,"artiste,peintre",peintre italien,,4,1,Q20103,
Alofili,,,,Alofili,,,,,,,,2,1,,
JanSoens,http://www.wikidata.org/entity/Q3806935,,Jan,Soens,1547,BoisLeDuc,1611,Parme,"artiste,peintre",peintre néerlandais,,4,1,Q2766547,Q2683
CristoforoSolari,http://www.wikidata.org/entity/Q2408409,Il Gobbo,Cristoforo,Solari,1468,Milan,1524-05,Milan,"artiste,sculpteur,architecte",sculpteur et architecte italien,,4,1,Q490,Q490
HeronAlexandrie,https://www.wikidata.org/wiki/Q161853,,Héron d',Alexandrie,10,Alexandrie,75,Alexandrie,"mathématicien,ingénieur",ingénieur et mathématicien grec du Ier siècle après J.-C.,,4,1,Q87,Q87
GiovanniAlbertoAlbicante,,,,,,,,,,auteur,,2,1,,
LaurentiusAlbertus,https://www.wikidata.org/wiki/Q1264440,"Lorenz Albrecht, Osterfrank, Ostrofrancus",Laurentius,Albertus,1540,Q32074,1583,,auteur(e) de textes,linguiste et grammairien allemand,,4,1,Q32074,
PieterClaeszSoutman,http://www.wikidata.org/entity/Q577842,,Pieter,Claesz. Soutman,1593,Haarlem,1657-08-16,Haarlem,"artiste,peintre",peintre néerlandais,,4,1,Q9920,Q9920
BartolomeoSpani,http://www.wikidata.org/entity/Q12951031,,Bartolomeo,Spani,1468,Q13360,1539,Q13360,"artiste,sculpteur,architecte"," orfèvre , sculpteur et architecte italien ",,4,1,Q13360,Q13360
AeliusSpartianus,https://www.wikidata.org/wiki/Q1230624,,Aelius,Spartianus,301,,301,,"auteur(e) de textes,personnage imaginaire",historien fictif de l'Histoire Auguste,,4,1,,
AntonioMariaSpelta,,,,,,,,,,"italian author, historian and scholar",,2,1,,
BenedettoAlberti,https://www.wikidata.org/wiki/Q62032375,,Benedetto,Alberti,1320,,1388,,personnage politique,"patricien de Florence, père de Leon Battista Alberti",,4,1,,
AlbertII,https://www.wikidata.org/wiki/Q157112,Albert le Magnanime,,Albert II,1397-08-16,Vienne,1439-10-27,Q630060,personnage politique,"roi des Romains, duc d'Autriche",,4,1,Q1741,Q630060
MassimoStanzione,http://www.wikidata.org/entity/Q982384,,Massimo,Stanzione,1585,Q72118,1656,Naples,"artiste,peintre",peintre italien (1586–1656),,4,1,Q72118,Q2634
PandolfoDellaStufa,https://www.wikidata.org/wiki/Q3893158,,Pandolfo della,Stufa,1500-04-04,Florence,1568-03-24,Florence,personnage politique,homme politique italien,,4,1,Q2044,Q2044
JeanneTailhasson,,,,,,,,,,peintre,,2,1,,
MaximeDeTyr,https://www.wikidata.org/wiki/Q456649,Cassius Maximus Tyrius,Maxime de,Tyr,200,Tyr,200,,philosophe,philosophe grec,,4,1,Q82070,
Manethon,https://www.wikidata.org/wiki/Q174380,,Manéthon de,Sebennytos,-201,,,,"personnage du clergé,auteur(e) de textes",prêtre et historien égyptien du IIIe siècle av. J.-C.,,4,1,,
Astreos,https://www.wikidata.org/wiki/Q250588,,,Astréos,,,,,personnage mythologique,Titan de la mythologie grecque,,4,1,,
JeanDamascene,https://www.wikidata.org/wiki/Q51884,Saint Jean Damascène,,Joannes Damascenus,675,Damas,0749-12-04,Q1059946,"personnage du clergé,auteur(e) de textes","moine théologien arabe chrétien, défenseur des images, 675-749",,4,1,Q3766,Q1059946
SainteAgathe,https://www.wikidata.org/wiki/Q200895,Sainte Agathe,,Agatha,0235-09-08,Q2232623,0261-02-05,Q1903,saint(e),sainte chrétienne,,4,1,Q2232623,Q1903
SainteApolline,https://www.wikidata.org/wiki/Q232427,Sainte Apolline,,Apollonia,150,Alexandrie,0249-02-09,Alexandrie,saint(e),sainte et martyre chrétienne,,4,1,Q87,Q87
JuanHurtadoDeMendoza,https://www.wikidata.org/wiki/Q559262,,Juan,Hurtado de Mendoza,1527,Q11953,1592-01-06,Rome,personnage politique,cardinal de l'Église catholique romaine,,4,1,Q11953,Q220
Tibeleno,,,,Tibeleno,,,,,,,,2,1,,
PieterAertsen,https://www.wikidata.org/wiki/Q326548,Lange Pier,Pieter,Aertsen,1508,Amsterdam,1575-06-03,Amsterdam,"artiste,peintre",peintre néerlandais,,4,1,Q727,Q727
PompeoPedemonte,https://www.wikidata.org/wiki/Q16591295,,Pompeo,Pedemonte,1515,,1592,Mantoue,"artiste,architecte",architecte italien,,4,1,,Q6247
FrancoisdeTournon,https://www.wikidata.org/wiki/Q459338,,François de,Tournon,1489,Q213155,1562-04-22,Q185075,personnage politique,cardinal et homme d’État français,,4,1,Q213155,Q185075
Ctesibios,https://www.wikidata.org/wiki/Q41766,,,Tisibio,-284,Alexandrie,-221,Alexandrie,mathématicien,mathématicien et inventeur antique,,4,1,Q87,Q87
GiovanniBattistaVimercato,https://www.wikidata.org/wiki/Q19400717,,Giovanni Battista,Vimercato,,,1600,,mathématicien,mathématicien italien,,4,1,,
GiacomoCastriotto,https://www.wikidata.org/wiki/Q16185900,,Giacomo,Castriotto,1501,Q2759,1563,Q6454,"militaire,ingénieur",capitaine et ingénieur militaire italien,,4,1,Q2759,Q6454
CorneilleDeLyon,https://www.wikidata.org/wiki/Q720941,Corneille de Lyon,Corneille de,La Haye,1510,LaHaye,1575-11,Lyon,"artiste,peintre","peintre hollandais du XVIe s., majoritairement actif en France",,4,1,Q36600,Q456
EleonoreDeTolede,https://www.wikidata.org/wiki/Q237717,,Eleonore de,Tolede,1522,Tolede,1562-12-17,Pise,personnage politique,femme politique espagnole,,4,1,Q5836,Q13375
PieterCorneliszVanRijck,https://www.wikidata.org/wiki/Q7192766,,Pieter Cornelisz. van,Rijck,1567,Delft,1635,Italie,"artiste,peintre",peintre néerlandais,,4,1,Q690,Q38
Aratos,https://www.wikidata.org/wiki/Q180671,,Aratos de,Soles,-315,Q656954,-240,,auteur(e) de textes,poète grec,,4,1,Q656954,
JohannesTorrentius,http://www.wikidata.org/entity/Q2459649,Johannes Torrentius,Johannes van der,Beeck,1589,Amsterdam,1644-02-17,Amsterdam,"artiste,peintre",peintre néerlandais,,4,1,Q727,Q727
DomenicoCresti,https://www.wikidata.org/wiki/Q966655,Il Passignano,Domenico,Cresti,1559-01,Q82873,1638-05-17,Florence,"artiste,peintre",peintre italien (1559-1638),,4,1,Q82873,Q2044
HenriToutin,http://www.wikidata.org/entity/Q19829722,,Henri,Toutin,1614-07-28,Chateaudun,1650,Paris,"artiste,peintre",peintre français,,4,1,Q181886,Q90
MatthausMerianI,https://www.wikidata.org/wiki/Q57968,Matthäus Merian l'Ancien,Matthäus,Merian,1593-09-22,Basel,1650-06-19,Q522541,"artiste,graveur(euse),éditeur",graveur et editeur (1593 - 1650),,4,1,Q78,Q522541
AntoineNicolasDeTroy,https://www.wikidata.org/wiki/Q87323627,,Antoine Nicolas de,Troy,1608-07-28,Toulouse,1684,Toulouse,"artiste,peintre","peintre français (1608-1684), peintre de l'hôtel de ville de Toulouse",,4,1,Q7880,Q7880
ArnoldTulleken,,,Arnold,Tulleken,,,,,,,,2,1,,
Muses,https://www.wikidata.org/wiki/Q66016,,,Muses,,Q208846,,,personnage mythologique,neuf filles de Zeus et de Mnémosyne qui président aux arts libéraux,,4,1,Q208846,
BaldassareTurini,https://www.wikidata.org/wiki/Q125275202,,Baldassare,Turini,,,,,"artiste,architecte","architecte italien, actif à Pescia",,4,1,,
ApolloniosDeTyane,https://www.wikidata.org/wiki/Q297040,,Apollonios de,Tyane,15,Q1423615,100,Ephese,philosophe,philosophe antique,,4,1,Q1423615,Q47611
SaintTheodore,,,,Théodore,,,,,saint(e),,,2,1,,
AlGhazali,https://www.wikidata.org/wiki/Q9546,Al-Ghazali,,Al-Ghazâlî,1058,Q681427,1111-12-19,Q681427,auteur(e) de textes,soufi sunnite et érudit d'origine persane (c. 1058–1111),,4,1,Q681427,Q681427
VincenzoBandello,https://www.wikidata.org/wiki/Q7932205,,Vincenzo,Bandello,1435,Q17338,1506-08-27,Q53826,"personnage du clergé,auteur(e) de textes",théologien italien,,4,1,Q17338,Q53826
ZenonChypre,https://www.wikidata.org/wiki/Q8069165,,Zénon de,Chypre,,Chypre,,,médecin,médecin antique,,4,1,Q229,
FrancescoNasi,https://www.wikidata.org/wiki/Q125500791,,Francesco,Nasi,,,,,"personnage politique,mécène",mécène italien,,4,1,,
Stradino,https://www.wikidata.org/wiki/Q16560058,Il Stradino,Giovanni,Rossi,1480,Florence,1549,,auteur(e) de textes,écrivain italien,,4,1,Q2044,
AlessandroPiccolomini,https://www.wikidata.org/wiki/Q250089,,Alessandro,Piccolomini,1508-06-13,Sienne,1579-03-12,Sienne,"auteur(e) de textes,philosophe",humaniste et philosophe toscan,,4,1,Q2751,Q2751
BernardinoCapitelli,https://www.wikidata.org/wiki/Q2898893,,Bernardino,Capitelli,1589,Sienne,1639-03-11,Sienne,"artiste,peintre",peintre italien,,4,1,Q2751,Q2751
AbrahamGovaerts,https://www.wikidata.org/wiki/Q651521,,Abraham,Govaerts,1589-08-30,Anvers,1626-09-09,Anvers,"artiste,peintre",peintre flamand,,4,1,Q12892,Q12892
FilippoNapoletano,https://www.wikidata.org/wiki/Q601644,Filippo Napoletano,Filippo,Teodoro di Liagno,1589,Naples,1629,Rome,"artiste,peintre",peintre italien,,4,1,Q2634,Q220
GiovanniAntonioFlaminio,https://www.wikidata.org/wiki/Q17284944,,Giovanni Antonio,Flaminio,1464,Imola,1536-05-18,Bologne,"personnage du clergé,auteur(e) de textes",homme de lettres et personnalité religieuse italienne,,4,1,Q50195,Q1891
MatteoMattioli,https://www.wikidata.org/wiki/Q2976521,,Matteo,Mattioli,1400,Perugia,1480,Padoue,"philosophe,médecin",professeur italien de philosophie et médecin,,4,1,Q3437,Q617
Leonico,https://www.wikidata.org/wiki/Q1990693,Leonico,Niccolò,Leonico Tomeo,1456,Venise,1531,Padoue,"auteur(e) de textes,philosophe",professeur italien de grec ancien et de philosophie à l' université de Padoue,,4,1,Q641,Q617
GerardTerborch,http://www.wikidata.org/entity/Q346808,Gerard ter Borch le Jeune,Gerard ter,Borch,1617-12,Q793,1681-12-08,Deventer,"artiste,peintre",peintre néerlandais,,4,1,Q793,Q10001
TerentiusLucanus,https://www.wikidata.org/wiki/Q11951572,,Lucanus,Terentius,,,,,auteur(e) de textes,poète et esclave de Publius Terentius Lucanus,,4,1,,
Terpandre,https://www.wikidata.org/wiki/Q113417,,,Terpandre,-712,Q583490,-645,Sparte,"auteur(e) de textes,compositeur",poète et musicien de Lesbos,,4,1,Q583490,Q5690
Proclus,https://www.wikidata.org/wiki/Q271809,Proclus,,Proclus Lycaeus,0412-02-08,Constantinople,0485-04-17,Q1524,philosophe,philosophe grec néo-platonicien du Ve siècle,,4,1,Q16869,Q1524
GiovanniCesareTesta,http://www.wikidata.org/entity/Q21523221,,Giovanni Cesare,Testa,1655,,1755,,"artiste,graveur(euse),éditeur","graveur, imprimeur et dessinateur italien",,4,1,,
Balaam,https://www.wikidata.org/wiki/Q574641,,,Balaam,-1300,,-1300,,personnage biblique,prophète de Péthor,,4,1,,
PasquierTestelin,https://www.wikidata.org/wiki/Q122216417,,Pasquier,Testelin,,,1613,,"artiste,peintre",peintre français,,4,1,,
Thalestris,https://www.wikidata.org/wiki/Q1246563,,,Thalestris,,,,,personnage mythologique,reine des Amazones dans la mythologie grecque,,4,1,,
TheodolindeDeBaviere,https://www.wikidata.org/wiki/Q232525,,Théodolinde de,Baviere,570,Q2978,0627-01-22,Monza,personnage politique,reine des Lombards (589-616),,4,1,Q2978,Q6252
Theodora,https://www.wikidata.org/wiki/Q230001,,,Theodora,815,Q622032,0867-01-15,Constantinople,personnage politique,"impératrice byzantine de 821 à 855, femme de Théophile",,4,1,Q622032,Q16869
LuciusMetellus,https://www.wikidata.org/wiki/Q359810,,Lucius Caecilius,Metellus,,Q1747689,-221,,personnage politique,consul romain en 251 et en 247 av. J.-C.,,4,1,Q1747689,
PippoSpano,https://www.wikidata.org/wiki/Q540415,Pippo Spano,Filippo,Buondelmonti degli Scolari,1369,Florence,1426-12-27,Q756598,personnage politique,grand sénéchal du roi de Hongrie,,4,1,Q2044,Q756598
MelchisedecThevenot,https://www.wikidata.org/wiki/Q956547,Melchisédec Thévenot,Melchisedec,Thevenot,1620,Paris,1692-10-29,Q135265,auteur(e) de textes,écrivain et physicien français,,4,1,Q90,Q135265
AndreThevet,https://www.wikidata.org/wiki/Q523054,,Andre,Thevet,1516,test,1590-11-23,Paris,"auteur(e) de textes,personnage du clergé","cordelier, aumônier de Catherine de Médicis, historiographe et cosmographe du roi",,4,1,Q134346,Q90
TheophaneDeMytilene,https://www.wikidata.org/wiki/Q1379677,,Théophane de,Mytilène,-100,Mytilene,-44,,auteur(e) de textes,historien grec de l'Antiquité,,4,1,Q189059,
Gerione,https://www.wikidata.org/wiki/Q25409361,,,Géryon,,,,,personnage littéraire,personnage de la Divine Comédie de Dante,,4,1,,
CorsinoBuonaiuti,,,,,,,,,,peintre,,2,1,,
Calliope,https://www.wikidata.org/wiki/Q103975,,,Calliope,,,,,personnage mythologique,muse de la poésie épique et de l'éloquence,,4,1,,
GiovanniBuonconsiglio,http://www.wikidata.org/entity/Q5563793,Il Marescalco,Giovanni,Buonconsiglio,1465,Q46165,1535,Venise,"artiste,peintre",peintre italien,,4,1,Q46165,Q641
CarloMaratti,http://www.wikidata.org/entity/Q538998,Carlo Maratti,Carlo,Maratta,1625-05-15,Q123632,1713-12-15,Rome,"artiste,peintre,graveur(euse)",peintre et graveur italien,,4,1,Q123632,Q220
BastianoMainardi,http://www.wikidata.org/entity/Q785254,,Bastiano,Mainardi,1466,Q91413,1513-09,Florence,"artiste,peintre",peintre italien (1460-1513),,4,1,Q91413,Q2044
FilippoFerrari,https://www.wikidata.org/wiki/Q3071889,,Filippo,Ferrari,1551,Q17630,1626-09-03,Milan,personnage du clergé,religieux servite italien,,4,1,Q17630,Q490
FabrizioFerrari,https://www.wikidata.org/wiki/Q88099562,,Fabrizio,Ferrari,,,1573-02-17,,personnage politique,"membre d'une famille noble qui comptait parmi ses membres de nombreuses personnalités illustres, dont Sebastiano, ingénieur militaire renommé qui fut surintendant de toutes les forteresses de l'État milanais pour le compte de Louis XII",,4,1,,
FrancoisDeMalherbe,https://www.wikidata.org/wiki/Q358574,,François de,Malherbe,1555,Caen,1628-10-16,Paris,auteur(e) de textes,poète français,,4,1,Q41185,Q90
BernardinoFerrari,,,,,,,,,,"artist, painter",,2,1,,
FrancoisMansart,http://www.wikidata.org/entity/Q313701,,François,Mansart,1598-01-23,Paris,1666-09-23,Paris,"artiste,architecte",architecte français,,4,1,Q90,Q90
GiovanniMansueti,http://www.wikidata.org/entity/Q347842,,Giovanni,Mansueti,1465,Venise,1527,Venise,"artiste,peintre",peintre italien,,4,1,Q641,Q641
Faunus,https://www.wikidata.org/wiki/Q3089703,,,Faunus,,,,,personnage mythologique,divinité romaine,,4,1,,
JeanBaptisteDeFaudran,http://www.wikidata.org/entity/Q50278363,,Jean-Baptiste de,Faudran,1611,Q474025,1669,Marseille,"artiste,peintre",peintre français,,4,1,Q474025,Q23482
CharlesFauconDeRis,,,,,,,,,,auteur,,2,1,,
DianaScultoriGhisi,http://www.wikidata.org/entity/Q3026163,Diana Scultori Ghisi,Diana,Ghisi,1547,Mantoue,1612-04,Rome,"artiste,graveur(euse)",graveuse italienne,,4,1,Q6247,Q220
RanuccioIFarnese,https://www.wikidata.org/wiki/Q544873,,Ranuce Ier,Farnèse,1569-03-28,Parme,1622-03-05,Parme,personnage politique,Prince souverain italien,,4,1,Q2683,Q2683
PaoloFarinati,http://www.wikidata.org/entity/Q367287,,Paolo,Farinati,1524,Verone,1606,Verone,"artiste,architecte,peintre,graveur(euse)","peintre, graveur et architecte italien (1524-1606)",,4,1,Q2028,Q2028
GiovanniBattistaMola,,,,,,,,,,"architect, artist, painter",,2,1,,
FarinataDegliUberti,https://www.wikidata.org/wiki/Q2721219,Farinata degli Uberti,Manente degli,Uberti,1212,Florence,1264-11-11,Florence,personnage politique,un des chefs de la faction gibeline de Florence pendant le Duecento,,4,1,Q2044,Q2044
GiacomoFantoni,http://www.wikidata.org/entity/Q6119969,Il Colonna,Giacomo,Fantoni,1504,Venise,1540,Bologne,"artiste,sculpteur",sculpteur italien,,4,1,Q641,Q1891
Filarete,http://www.wikidata.org/entity/Q449961,Filarete,Antonio di,Pietro Averlino,1400,Florence,1469,Rome,"artiste,architecte,sculpteur",architecte et bronzier,,4,1,Q2044,Q220
PietroFacchetti,http://www.wikidata.org/entity/Q3388115,,Pietro,Facchetti,1539,Mantoue,1613-02-27,Rome,"artiste,peintre",peintre italien,,4,1,Q6247,Q220
Evenor,https://www.wikidata.org/wiki/Q11921357,,,Evenor,-500,Ephese,-460,,"artiste,peintre",peintre grec,,4,1,Q47611,
FrancescoMarchetti,https://www.wikidata.org/wiki/Q112483055,,Francesco,Marchetti,,,,,éditeur,imprimeur italien,,4,1,,
PietroMariaMarchetti,https://www.wikidata.org/wiki/Q55995634,,Pietro Maria,Marchetti,1565,,1615,,éditeur,imprimeur italien,,4,1,,
PrincesseEurope,https://www.wikidata.org/wiki/Q165170,,,Europe,,Tyr,,,personnage mythologique,"personnage de la mythologie grecque, fille d'Agénor",,4,1,Q82070,
Euphorbe,https://www.wikidata.org/wiki/Q599489,,,Euphorbe,,,,,personnage mythologique,"personnage de la mythologie grecque, fils de Panthoos",,4,1,,
Eudoxie,https://www.wikidata.org/wiki/Q576354,,,Eudoxie,1201,,1228,Constantinople,personnage politique,"impératrice consort de Robert de Courtenay , empereur latin de Constantinople",,4,1,,Q16869
LioneldEste,https://www.wikidata.org/wiki/Q1379797,,Lionel d',Este,1407-09-21,Ferrare,1450-10-01,Q95147,personnage politique,"marquis de Ferrare, Modène et Reggio de 1441 à 1450",,4,1,Q13362,Q95147
SaintMartin,https://www.wikidata.org/wiki/Q133704,,Martin de,Tours,316,Q42007,0397-11-08,Q476848,saint(e),saint catholique et orthodoxe,,4,1,Q42007,Q476848
GaspardDeFieubet,https://www.wikidata.org/wiki/Q55772421,,Gaspard de,Fieubet,1622-12-03,Toulouse,1686,Q319933,"personnage politique,mécène","magistrat français, président du parlement de Toulouse de 1653 à 1686",,4,1,Q7880,Q319933
FrancoisFilhol,,,François,Filhol,,,,,,,,2,1,,
JacobelloDelFiore,http://www.wikidata.org/entity/Q2634352,,Jacobello del,Fiore,1370,Venise,1439,Venise,"artiste,peintre",peintre italien,,4,1,Q641,Q641
GiovanniMaggi,http://www.wikidata.org/entity/Q21369214,,Giovanni,Maggi,1566,Rome,1618,Rome,"artiste,architecte",architecte italien,,4,1,Q220,Q220
Frangipane,,Frangipani,famille,Frangipane,,,,,,,,2,1,,
IgnaceDeLoyola,https://www.wikidata.org/wiki/Q44281,,Ignace de,Loyola,1491,Q137795320,1556-07-31,Q128514443,saint(e),"saint catholique, fondateur au XVIe s. de la Compagnie de Jésus",,4,1,Q137795320,Q128514443
LouisDeFrance,https://www.wikidata.org/wiki/Q784173,Grand Dauphin,Louis,"France, de",1661-11-01,Fontainebleau,1711-04-14,Meudon,personnage politique,"dauphin français (1661–1711), fils aîné légitime et héritier apparent (décédé avant la succession) de Louis XIV, roi de France, et de Marie-Thérèse d'Autriche, reine consort de France",,4,1,Q182872,Q234735
HenrietteMarieDeFrance,https://www.wikidata.org/wiki/Q848615,Henriette-Marie de France,Henriette-Marie de,France,1609-11-25,Paris,1669-09-10,Q174002,personnage politique,"reine consort d'Angleterre, d'Écosse et d'Irlande en tant qu'épouse du roi Charles Ier",,4,1,Q90,Q174002
MarcusLudius,,,Marcus,Ludius,,,,,,,,2,1,,
ChristineDeFrance,https://www.wikidata.org/wiki/Q1083398,Christine de France,Christine de,France,1606-02-10,Q1075988,1663-12-27,Turin,personnage politique,duchesse de Savoie,,4,1,Q1075988,Q495
LudovicoLudovisi,https://www.wikidata.org/wiki/Q707750,Ludovico Ludovissio,Ludovico,Ludovisi,1595-10-27,Bologne,1632-11-18,Bologne,personnage du clergé,cardinal de l'Église catholique romaine,,4,1,Q1891,Q1891
AntoineFouquier,,,Antoine Quentin,Fouquier de Tinville,,,,,,,,2,1,,
Lycurgue,https://www.wikidata.org/wiki/Q211326,,,Lycurgue,-800,Sparte,-730,Q56754242,personnage politique,législateur mythique de Sparte,,4,1,Q5690,Q56754242
MarieMadeleineFouquet,,,Marie-Madeleine,Fouquet,,,,,,,,2,1,,
BasileFouquet,https://www.wikidata.org/wiki/Q13510947,,Basile,Fouquet,1622,,1680-01,,"personnage politique,personnage historique","espion français, frère de Nicolas Fouquet",,4,1,,
AndreLebre,http://www.wikidata.org/entity/Q28016969,,André,Le Bré,1629,Toulouse,1700-12-13,Toulouse,"artiste,peintre",peintre français,,4,1,Q7880,Q7880
PierFrancescoFoschi,,,,,,,,,,"artist, painter, fresco painter, sculptor, designer",,2,1,,
Fortuna,https://www.wikidata.org/wiki/Q4654,,,Fortuna,,,,,personnage mythologique,déesse de la mythologie romaine,,4,1,,
PierreFormont,,,Pierre,Formont,,,,,,,,2,1,,
NicolasFontaine,,,,,,,,,,auteur,,2,1,,
LeonIVKhazar,https://www.wikidata.org/wiki/Q41645,Léon IV le Khazar,,Léon IV,0750-01-25,Constantinople,0780-09-08,,personnage politique,empereur byzantin de 775 à 780,,4,1,Q16869,
LouisDeFoix,http://www.wikidata.org/entity/Q124866947,,Louis de,Foix,1530,Paris,1604,,ingénieur,ingénieur français,,4,1,Q90,
EspritFlechier,https://www.wikidata.org/wiki/Q1368429,,Esprit,Fléchier,1632-06-10,Q472574,1710-02-16,Montpellier,"personnage du clergé,auteur(e) de textes","évêque catholique français, prédicateur et écrivain",,4,1,Q472574,Q6441
LaodiceDeMacedoine,https://www.wikidata.org/wiki/Q446503,mère de Séleucos Ier,,Laodicé de Macédoine,-0400-00-00,,-400,,personnage politique,"épouse d'Antiochos, mère de Séleucos Ier",,4,1,,
RobertFludd,https://www.wikidata.org/wiki/Q453697,,Robert,Fludd,1574-01-17,Q6851789,1637-09-08,Londres,"auteur(e) de textes,médecin,compositeur,philosophe","médecin, théosophe et compositeur anglais",,4,1,Q6851789,Q84
CarloMaderno,http://www.wikidata.org/entity/Q122328,,Carlo,Maderno,1556-05-14,Q58940,1629-01-30,Rome,"artiste,architecte",architecte italien,,4,1,Q58940,Q220
CristoforoMadruzzo,https://www.wikidata.org/wiki/Q683106,,Cristoforo,Madruzzo,1512-07-05,Q257035,1578-07-05,Tivoli,personnage du clergé,cardinal de l'Église catholique romaine,,4,1,Q257035,Q159605
AlessandroMaganza,http://www.wikidata.org/entity/Q2623038,,Alessandro,Maganza,1556,Vicence,1632,Vicence,"artiste,peintre",peintre italien,,4,1,Q6537,Q6537
NicolasFlamel,https://www.wikidata.org/wiki/Q213330,,Nicolas,Flamel,1335,Q201352,1418-03-22,Paris,auteur(e) de textes,écrivain public du XIVe/XVe siècle,,4,1,Q201352,Q90
JeanErrard,http://www.wikidata.org/entity/Q1387082,Jean Errard de Bar-le-Duc,Jean,Errard,1554,BarLeDuc,1610-07,Q184371,"architecte,personnage politique,militaire,ingénieur","architecte et ingénieur militaire, ingénieur ordinaire du roi de France",,4,1,Q185721,Q184371
Erostrate,https://www.wikidata.org/wiki/Q244944,,,Erostrate,-301,Ephese,-356,Ephese,personnage historique,incendiaire du temple d'Artémis à Éphèse en 356 av. J.-C.,,4,1,Q47611,Q47611
Epicarme,https://www.wikidata.org/wiki/Q312410,,,Epicarme,-524,Cos,-435,Syracuse,"auteur(e) de textes,philosophe",poète comique et philosophe grec de l'Antiquité,,4,1,Q187027,Q13670
GirolamoMercuriale,https://www.wikidata.org/wiki/Q980560,,Girolamo,Mercuriale,1530-09-30,Q13367,1606-11-08,Q13367,"auteur(e) de textes,médecin",médecin et auteur italien du XVIe siècle,,4,1,Q13367,Q13367
BenedettoDiada,http://www.wikidata.org/entity/Q3638104,Benedetto Diana,Benedetto,Rusconi,1460,Venise,1525,Venise,"artiste,peintre",peintre vénitien de la Renaissance,,4,1,Q641,Q641
Metellus,,,,Metellus,,,,,,,,2,1,,
Metion,https://www.wikidata.org/wiki/Q591842,,,Metion,,,,,personnage mythologique,personnage de la mythologie grecque,,4,1,,
Deucalion,https://www.wikidata.org/wiki/Q207715,,,Deucalion,,,,,personnage mythologique,"personnage de la mythologie grecque, fils de Prométhée",,4,1,,
ClaudeDeruet,http://www.wikidata.org/entity/Q355563,,Claude,Deruet,1588,Nancy,1660-10-20,Nancy,"artiste,peintre",peintre français,,4,1,Q40898,Q40898
AntonioPossevino,https://www.wikidata.org/wiki/Q548115,,Antonio,Possevino,1533-07-10,Mantoue,1611-02-26,Ferrare,"personnage politique,personnage du clergé",père jésuite et diplomate italien,,4,1,Q6247,Q13362
Michelozzo,http://www.wikidata.org/entity/Q309736,Michelozzo,Michelozzo di,Bartolomeo,1396,Florence,1472-10-07,Florence,"artiste,sculpteur,architecte",architecte et sculpteur italien de la Renaissance (1396-1472),,4,1,Q2044,Q2044
GiovanniDelleCorniole,http://www.wikidata.org/entity/Q19569735,Giovanni delle Opere,Giovanni delle,Corniole,1470,,1516,,"artiste,graveur(euse)",graveur italien (1470 - 1516),,4,1,,
MicheleDellaTorre,https://www.wikidata.org/wiki/Q981277,,Michele della,Torre,1511,Udine,1586-02-21,Q47578,personnage du clergé,prélat catholique,,4,1,Q2790,Q47578
GuidobaldoIIDellaRovere,https://www.wikidata.org/wiki/Q1397788,,Guidobaldo II,della Rovere,1514-04-02,Q2759,1574-09-28,Q2759,personnage politique,condottiere italien,,4,1,Q2759,Q2759
MichielJanszVanMiereveld,http://www.wikidata.org/entity/Q864092,,Michiel Jansz. van,Mierevelt,1566-05-01,Delft,1641-06-27,Delft,"artiste,peintre",peintre néerlandais,,4,1,Q690,Q690
TomasoDellaPorta,,,,,,,,,,"artist, dealers, collector, sculptor",,2,1,,
Mignard,,,,,,,,,,"families, artist, painter",,2,1,,
StefanoDellaBella,http://www.wikidata.org/entity/Q921242,,Stefano della,Bella,1610-05-18,Florence,1664-07-12,Florence,"artiste,graveur(euse)",graveur italien (1610-1664),,4,1,Q2044,Q2044
MarcoAntonioDelfinone,,,,,,,,,,tapissier,,2,1,,
GirolamoDelfinone,,,,,,,,,,tapissier,,2,1,,
SaintSatyr,https://www.wikidata.org/wiki/Q2245450,,Satyr de,Milan,339,Q3138,378,Milan,saint(e),saint chrétien,,4,1,Q3138,Q490
JohannaVonMilkau,https://www.wikidata.org/wiki/Q21635434,,JohannaVon,Milkau,,,,,personnage historique,épouse de Joachim von Sandrart,,4,1,,
WillemJacobszDelff,http://www.wikidata.org/entity/Q807808,,Willem Jacobsz.,Delff,1580-09-15,Delft,1638-04-14,Delft,"artiste,peintre,graveur(euse)",peintre et graveur néerlandais (1580-1638),,4,1,Q690,Q690
EtienneDelaune,http://www.wikidata.org/entity/Q2114093,,Étienne,Delaune,1518,Paris,1583,Paris,"artiste,graveur(euse)",graveur et orfèvre français,,4,1,Q90,Q90
GervaisDelabarre,https://www.wikidata.org/wiki/Q21034166,,Gervais,Delabarre,1570,,1644,,"artiste,sculpteur",sculpteur français,,4,1,,
CamilloAlbizzi,,,Camillo degli,Albizzi,,,,,,,,2,1,,
ArtaxerxesII,https://www.wikidata.org/wiki/Q188472,Artaxerxès II,Artaxerxès,Mnémon,-453,,-358-03-01,Persepolis,personnage politique,roi achéménide,,4,1,,Q129072
Moab,,,,Moab,,,,,,,,2,1,,
FrancescoMochi,http://www.wikidata.org/entity/Q1441151,,Francesco,Mochi,1580-07-29,Q52089,1654-02-06,Rome,"artiste,sculpteur",sculpteur italien,,4,1,Q52089,Q220
DidierDeLombardie,https://www.wikidata.org/wiki/Q297520,,Didier de,Lombardie,710,Brescia,786,Liege,personnage politique,roi des Lombards,,4,1,Q6221,Q3992
FrancescoMerano,http://www.wikidata.org/entity/Q3081022,Il Paggio,Francesco,Merano,1619,Genes,1657,,"artiste,peintre",peintre italien,,4,1,Q1449,
FilippoMassini,,,,,,,,,,auteur,,2,1,,
AlessandroMenganti,https://www.wikidata.org/wiki/Q64577318,,Alessandro,Menganti,1525-03-13,Bologne,1594-02-14,Bologne,"artiste,sculpteur","sculpteur, dessinateur et orfèvre",,4,1,Q1891,Q1891
Eleusis,https://www.wikidata.org/wiki/Q27924383,,,Eleusis,,,,,personnage mythologique,roi d'Éleusis dans la mythologie grecque,,4,1,,
MicheleDiMatteo,http://www.wikidata.org/entity/Q6836872,Michele di Matteo da Bologna,Michele di,Matteo,1350,Bologne,,,"artiste,peintre",peintre italien,,4,1,Q1891,
Eleazar,https://www.wikidata.org/wiki/Q159443,,,Éléazar,-1192,,-1100,Q155321,personnage biblique,personnage de l'Ancien Testament,,4,1,,Q155321
AndrinoEdesia,,,,,,,,,,peintre,,2,1,,
PierandreaMattioli,https://www.wikidata.org/wiki/Q457191,,Pierandrea,Mattioli,1501-03-12,Sienne,1578,Q3376,"auteur(e) de textes,médecin",médecin et botaniste italien,,4,1,Q2751,Q3376
ClaudeMaugis,https://www.wikidata.org/wiki/Q95297348,,Claude,Maugis,1600,Q132404,1658-07-12,Paris,"personnage du clergé,mécène",aumônier et collectionneur d'art,,4,1,Q132404,Q90
PaulMaupin,,,,,,,,,,graveur,,2,1,,
SaintMaurice,https://www.wikidata.org/wiki/Q316599,,Maurice d',Agaune,250,ThebesEgypte,287,Q69545,saint(e),"chef de la légendaire légion thébaine, saint catholique",,4,1,Q101583,Q69545
Demonax,https://www.wikidata.org/wiki/Q949530,Démonax,Démonax de,Chypre,200,Q644636,170,Q1524,philosophe,philosophe grec,,4,1,Q644636,Q1524
GuillaumeDumee,http://www.wikidata.org/entity/Q16640510,,Guillaume,Dumée,1571,Fontainebleau,1646,Paris,"artiste,peintre",peintre français,,4,1,Q182872,Q90
KarelDujardin,http://www.wikidata.org/entity/Q719666,,Karel,Dujardin,1626-09-27,Amsterdam,1678-11-20,Venise,"artiste,peintre,graveur(euse)",peintre et graveur néerlandais (1626-1678),,4,1,Q727,Q641
GiacomoMazzocchi,,,Giacomo,Mazzocchi,,,,,,,,2,1,,
ReneDuguay,https://www.wikidata.org/wiki/Q552766,sieur du Gué,René,Duguay-Trouin,1673-06-10,Q163108,1736-09-27,Paris,"personnage politique,militaire",corsaire et vice-amiral français (1673-1736),,4,1,Q163108,Q90
GirolamoMazzolaBedoli,http://www.wikidata.org/entity/Q1527051,,Girolamo,Mazzola Bedoli,1500,Parme,1569,Parme,"artiste,peintre",peintre italien,,4,1,Q2683,Q2683
HeleneDuglioli,https://www.wikidata.org/wiki/Q18288245,,Hélène,Duglioli,1472,Bologne,1520-09-23,Bologne,personnage du clergé,"laïque italienne, membre du Tiers-ordre de Saint Augustin, vénérée comme bienheureuse par l'Église catholique",,4,1,Q1891,Q1891
GaspardDughet,http://www.wikidata.org/entity/Q741375,Gaspard Poussin,Gaspard,Dughet,1613-06-07,Rome,1675-05-27,Rome,"artiste,peintre",peintre italien,,4,1,Q220,Q220
CharlotteDuchesne,https://www.wikidata.org/wiki/Q115779510,,Charlotte,Duchesne,1612-06-11,,1638-08,,"personnage historique,muse",épouse de Philippe de Champaigne,,4,1,,
MarcusLiviusDrusus,https://www.wikidata.org/wiki/Q703346,,Marcus Livius,Drusus,-155,Q1747689,-109,Rome,personnage politique,consul romain en 112 av. J.-C.,,4,1,Q1747689,Q220
Dossi,,,,,,,,,,"families, artist, painter",,2,1,,
CharlesDorigny,http://www.wikidata.org/entity/Q2958932,,Charles,Dorigny,,Q82185,1551,,"artiste,peintre",peintre français,,4,1,Q82185,
HenriMellein,,,,,,,,,,peintre,,2,1,,
MaddalenaDoni,https://www.wikidata.org/wiki/Q95651342,,Maddalena,Doni,,,,,"personnage politique,muse","patricienne italienne, épouse d'Agnolo Doni, riche marchand et mécène florentin",,4,1,,
AgnoloDoni,https://www.wikidata.org/wiki/Q26791760,,Agnolo,Doni,1474,,1539,,"personnage politique,mécène",marchand et mécène italien,,4,1,,
IppolitoDonesmondi,https://www.wikidata.org/wiki/Q22054594,,Ippolito,Donesmondi,,Mantoue,1630,,auteur(e) de textes,historien italien,,4,1,Q6247,
Mastelletta,http://www.wikidata.org/entity/Q547109,Il Mastelletta,Giovanni Andrea,Donducci,1575-02-14,Bologne,1655-04-25,Bologne,"artiste,peintre",peintre italien,,4,1,Q1891,Q1891
JeanFredeau,,,,,,,,,,"sculpteur, architecte",,2,1,,
MedericFreminet,https://www.wikidata.org/wiki/Q16665770,,Médéric,Fréminet,,,,,"artiste,peintre",peintre français,,4,1,,
AmbroiseFredeau,http://www.wikidata.org/entity/Q18042167,,Ambroise,Frédeau,1589,Paris,1673,Toulouse,"artiste,peintre",peintre français actif à Toulouse au XVIIe,,4,1,Q90,Q7880
LouisIDuGuernier,http://www.wikidata.org/entity/Q19756117,Louis du Guernier l'Ancien, Louis du,Guernier,1614-04-14,Paris,1659-01-16,Paris,"artiste,peintre",peintre miniaturiste français (1614-1659),,4,1,Q90,Q90
AnneDeJoyeuse,https://www.wikidata.org/wiki/Q565927,,Anne de,Joyeuse,1560,Q391249,1587-10-20,Q243898,personnage politique,"aristocrate français du XVIe siècle, favori de Henri III",,4,1,Q391249,Q243898
JubaII,https://www.wikidata.org/wiki/Q315670,,,Juba II,-52,Q858024,23,Q1328271,personnage politique,roi de Maurétanie et prince numide,,4,1,Q858024,Q1328271
GregoireLeGrand,https://www.wikidata.org/wiki/Q42827,Grégoire le Grand,,Grégoire Ier,540,Rome,0604-03-12,Rome,pape,pape et docteur de l’Église,,4,1,Q220,Q220
MarinoGrimani,https://www.wikidata.org/wiki/Q746707,,Marino,Grimani,1532-07-01,Venise,1605-12-25,Venise,personnage politique,doge de Venise,,4,1,Q641,Q641
GerolamoGrimani,,,Gerolamo,Grimani,,,,,,,,2,1,,
JeanHenriGrimaldi,,,Jean-Henri,Grimaldi,,,,,,,,2,1,,
LodovicoGrignani,https://www.wikidata.org/wiki/Q55228486,,Lodovico,Grignani,1586,Rome,1651-01-09,Rome,éditeur,imprimeur italien,,4,1,Q220,Q220
Jezabel,https://www.wikidata.org/wiki/Q721295,,,Jézabel,-900,Q163490,-841,Q2914898,personnage biblique,"princesse phénicienne, personnage biblique",,4,1,Q163490,Q2914898
MatthausGreuter,http://www.wikidata.org/entity/Q3299661,,Matthäus,Greuter,1564,Strasbourg,1638-08-22,Rome,"artiste,peintre,graveur(euse)",peintre et un graveur allemand,,4,1,Q6602,Q220
GregoireXV,https://www.wikidata.org/wiki/Q132692,Grégoire XV,,Grégoire XV,1554-01-09,Bologne,1623-07-08,Rome,pape,"234e pape de l'Église catholique, de 1621 à 1623",,4,1,Q1891,Q220
Kheops,https://www.wikidata.org/wiki/Q161904,,,Khéops,-2700,,-2566,,personnage politique,pharaon égyptien,,4,1,,
AntivedutoGramatica,http://www.wikidata.org/entity/Q2565172,,Antiveduto,Gramatica,1571,Rome,1626-04-13,Rome,"artiste,peintre",peintre italien,,4,1,Q220,Q220
MelchiorIKusel,http://www.wikidata.org/entity/Q6812010,Melchior Küsel l'Ancien,Melchior,Küsel,1626-08-17,Augsbourg,1684,Augsbourg,"artiste,graveur(euse)",graveur allemand du XVIIe siècle,,4,1,Q2749,Q2749
CamilloGraffico,,,,,,,,,,graveur,,2,1,,
CharlesDeLAubespine,https://www.wikidata.org/wiki/Q1066583,,Charles de,L'Aubespine,1580,Q1159020,1653,Q669593,personnage politique,diplomate français,,4,1,Q1159020,Q669593
Petosiris,https://www.wikidata.org/wiki/Q389878,,,Pétosiris,-500,Q11768,-500,,personnage biblique,,,0,1,Q11768,
NicolasDeLaFleur,,,,,,,,,,"painter, printmaker",,2,1,,
ClementV,https://www.wikidata.org/wiki/Q131463,Clément V,Bertrand de,Got,1264,Q187654,1314-04-20,Roquemaure,pape,"195e pape de l’Église catholique, de 1305 à 1314",,4,1,Q187654,Q322376
Gordien,https://www.wikidata.org/wiki/Q1782,,,Gordien,159,Phrygie,0238-04-12,Q23670612,personnage politique,empereur romain en 238,,4,1,Q32579,Q23670612
LouisGonzague,https://www.wikidata.org/wiki/Q969113,Louis IV,Louis IV de,Gonzague-Nevers,1539-09-18,Mantoue,1595-10-23,Q585873,personnage politique,diplomate français,,4,1,Q6247,Q585873
CaiusLaelius,https://www.wikidata.org/wiki/Q706305,,Caius,Laelius,-235,Q1747689,,,personnage politique,consul romain en 190 av. J.-C.,,4,1,Q1747689,
Gonzague,,,famille,Gonzague,,,,,,,,2,1,,
EleonoreGonzague,https://www.wikidata.org/wiki/Q237940,,Eleonore de,Gonzague,1598-09-23,Mantoue,1655-06-27,Vienne,personnage politique,reine consort de Hongrie et de Bohême et impératrice du Saint Empire romain germanique,,4,1,Q6247,Q1741
AntoineLafrery,http://www.wikidata.org/entity/Q602742,,Antoine,Lafréry,1512,Q524231,1577,Rome,"artiste,peintre,graveur(euse),éditeur","peintre, graveur, cartographe et éditeur français",,4,1,Q524231,Q220
ChristineDeLalaing,https://www.wikidata.org/wiki/Q6762644,,Marie-Christine de,Lalaing,1545,Q494533,1582-06-09,Anvers,"personnage politique,militaire",combattante durant la révolte des Pays-Bas,,4,1,Q494533,Q12892
MatthiasGrunewald,http://www.wikidata.org/entity/Q154338,Matthias Grünewald,Mathis,Gothart Nithart[,1480,Wurtzbourg,1528-08-31,Q2814,"artiste,peintre,ingénieur",peintre et ingénieur allemand,,4,1,Q2999,Q2814
RaffaelloGuidi,http://www.wikidata.org/entity/Q134451263,,Raffaello,Guidi,1540,Florence,1615,,,"artist, engraver, draftsman, painter",,0,1,Q2044,
NicolasLambertDeThorigny,https://www.wikidata.org/wiki/Q95263801,,Nicolas,Lambert de Thorigny,,,1692,,"personnage politique,mécène",collectionneur français d'art hollandais et flamand ,,4,1,,
EtienneGuillery,https://www.wikidata.org/wiki/Q86708768,Guillery Stefano (italianisation),Étienne,Guilery,1490,Q208794,1530,,éditeur,imprimeur français,,4,1,Q208794,
CaiusJuliusHyginus,https://www.wikidata.org/wiki/Q298376,,Caius Julius,Hyginus,-64,Q186513,17,Rome,auteur(e) de textes,auteur et grammairien romain,,4,1,Q186513,Q220
Hygiemon,,,,Hygiemon,,,,,,,,2,1,,
Ictinos,https://www.wikidata.org/wiki/Q311502,,,Ictinos,-500,Athenes,,Athenes,"artiste,architecte",architecte grec du Ve siècle av. J.-C.,,4,1,Q844930,Q844930
Hora,https://www.wikidata.org/wiki/Q3140425,,,Hora,,,,,personnage mythologique,déesse romaine,,4,1,,
GabrielHonnet,http://www.wikidata.org/entity/Q21406128,,Gabriel,Honnet,,,1614,,"artiste,peintre",peintre français du XVIIe siècle,,4,1,,
HansHolbeinDeElder,http://www.wikidata.org/entity/Q49987,Hans Holbein l'Ancien,Hans,Holbein,1465,Augsbourg,1524,Basel,"artiste,peintre",peintre allemand (c. 1465–1524),,4,1,Q2749,Q78
JacobHoefnagel,http://www.wikidata.org/entity/Q1389562,,Jacob,Hoefnagel,1575,Anvers,1632,Q1055,,"miniature painter, art dealers, artist, court painter, engraver, diplomat, politicians, draftsman, merchants, painter, printmaker",,0,1,Q12892,Q1055
FredericIPrusse,https://www.wikidata.org/wiki/Q151826,Frederic Ier de Prusse,Frédéric III de,Brandebourg,1657-07-11,Q4120832,1713-02-25,Berlin,personnage politique,"premier roi en Prusse de 1701 à 1713, et prince-électeur de Brandebourg",,4,1,Q4120832,Q64
InnocenzoFrancucci,http://www.wikidata.org/entity/Q1350937,Innocenzo da Imola,Innocenzo,Francucci,1492,Imola,1548,Bologne,"artiste,peintre",peintre italien,,4,1,Q50195,Q1891
LuciusManliusCapitolinusImperiosus,https://www.wikidata.org/wiki/Q1215407,,,Lucius Manlius Capitolinus Imperiosus,-0400-00-00,Q1747689,-400,,personnage politique,dictateur romain en 363 av. J.-C.,,4,1,Q1747689,
Io,https://www.wikidata.org/wiki/Q179014,,,Io,,,,,personnage mythologique,divinité de la mythologie grecque,,4,1,,
Hierocles,,,,Hieroclès,,,,,,,,2,1,,
JanSandersVanHemessen,http://www.wikidata.org/entity/Q427870,,Jan Sanders van,Hemessen,1500,Q21767764,1566,Anvers,"artiste,peintre",peintre flamand,,4,1,Q21767764,Q12892
JosephHeintz,http://www.wikidata.org/entity/Q535474,Joseph Heintz l'Ancien ,Joseph,Heintz,1564-06-11,Basel,1609-10-15,Prague,"artiste,peintre",peintre suisse (1564-1609),,4,1,Q78,Q1085
DanielHeinsius,https://www.wikidata.org/wiki/Q918731,,Daniel,Heinsius,1580-06-09,Gand,1655-02-25,LaHaye,auteur(e) de textes,professeur d'université,,4,1,Q1296,Q36600
LucasDeHeer,,,,,,,,,,"author, artist, court artist, poets, tapestry designers, watercolorists, draftsman, painter, sculptor",,2,1,,
AchilleDeHarlayDeSancy,https://www.wikidata.org/wiki/Q2748358,,Achille de,Harlay de Sancy,1581,Paris,1646-11-26,Q163108,personnage du clergé,prélat catholique,,4,1,Q90,Q163108
JulesHardouinMansart,http://www.wikidata.org/entity/Q8053,,Jules,Hardouin-Mansart,1646-04-16,Paris,1708-05-11,Q656505,"artiste,architecte",architecte français,,4,1,Q90,Q656505
PhilippeIer,https://www.wikidata.org/wiki/Q157098,Philippe le Beau,Philippe de,Habsbourg,1478-06-22,Bruges,1506-09-25,Q9580,personnage politique,premier membre de la maison de Habsbourg à être roi de Castille,,4,1,Q12994,Q9580
GasparDeGuzman,https://www.wikidata.org/wiki/Q371833,Duc d'Olivares,Gaspar de,Guzman,1587-01-06,Rome,1645-07-22,Q836948,personnage politique,"politicien espagnol, comte d'Olivares",,4,1,Q220,Q836948
JanVanDenDale,,,,,,,,,,peintre,,2,1,,
DiegoMaxiaFelipezDeGuzman,https://www.wikidata.org/wiki/Q691804,,Diego Mexia Felipez de,Guzman,1580,,1655-02-16,Milan,"personnage politique,militaire",homme politique et militaire espagnol,,4,1,,Q490
FrancoisGuy,http://www.wikidata.org/entity/Q3121786,,François,Guy,1578,Q184359,1650-10-05,Q184359,"artiste,peintre","peintre français et auvergnat de la première moitié du XVIIe siècle, du Puy-en-Velay",,4,1,Q184359,Q184359
MarieDeGuise,https://www.wikidata.org/wiki/Q1464798,,Marie de,Guise,1615-08-15,Q917337,1688-03-03,Q917337,personnage politique,duchesse de Guise,,4,1,Q917337,Q917337
BernhardJobin,https://www.wikidata.org/wiki/Q2660980,,Bernhard,Jobin,1501,Q68256,1593,Strasbourg,éditeur,imprimeur et éditeur de livres allemand,,4,1,Q68256,Q6602
GeorgesLallemand,http://www.wikidata.org/entity/Q1508985,,Georges,Lallemand,1575,Nancy,1636-05,Paris,"artiste,peintre",peintre français,,4,1,Q40898,Q90
Lamech,https://www.wikidata.org/wiki/Q10921342,,,Lamech,-2887,Mesopotamie,-2358,,personnage biblique,"personnage biblique, père de Noé",,4,1,Q11767,
MartinFumee,https://www.wikidata.org/wiki/Q3295428,,Martin,Fumée,1540,,1590,,auteur(e) de textes,traducteur français,,4,1,,
HenriLerambert,http://www.wikidata.org/entity/Q15709386,,Henri,Lerambert,1550,Paris,1608-09-10,Paris,"artiste,peintre",peintre français,,4,1,Q90,Q90
ChristopheDeLestang,https://www.wikidata.org/wiki/Q2966521,,Christophe de,Lestang,1560,Q6393,1621-08-16,Q6582,personnage du clergé,prélat catholique français,,4,1,Q6393,Q6582
Leucothoe,https://www.wikidata.org/wiki/Q339980,,(Néréide),Leucothoé,,,,,personnage mythologique,"personnage de la mythologie grecque, fille d'Orchamos",,4,1,,
BartolomeoGenga,http://www.wikidata.org/entity/Q601390,,Bartolomeo,Genga,1518,Q6662,1558,Malte,"artiste,architecte",architecte italien,,4,1,Q6662,Q233
LiberPater,https://www.wikidata.org/wiki/Q1145491,,,Liber Pater,,,,,personnage mythologique,dieu romain de la fertilité et du vin,,4,1,,
BernardinoLicinio,http://www.wikidata.org/entity/Q2629038,,Bernardino,Licinio,1489,Venise,1565,Venise,"artiste,peintre",peintre vénitien,,4,1,Q641,Q641
GeorgGeldorp,http://www.wikidata.org/entity/Q1504435,,Georg,Geldorp,1592,Cologne,1665-11-14,Londres,,"art agents, conservators, art dealers, artist, dealers, copyists, portraitists, painter",,0,1,Q365,Q84
JacopoLigozzi,http://www.wikidata.org/entity/Q1337128,,Jacopo,Ligozzi,1547,Verone,1627,Florence,"artiste,peintre",peintre italien,,4,1,Q2028,Q2044
LucasGassel,http://www.wikidata.org/entity/Q1873074,,Lucas,Gassel,1500,Q9844,1568,Bruxelles,,"artist, draftsman, painter, printmaker",,0,1,Q9844,Q239
QuintusRoscius,https://www.wikidata.org/wiki/Q1077925,Quintus Roscius Gallus,Quintus Roscius,Gallus,-126,Q1747689,-62,,personnage historique,acteur romain,,4,1,Q1747689,
GiovanniPaoloGallucciSalodiano,,,Giovanni Paolo,Gallucci Salodiano,,,,,,,,2,1,,
VulcatiusGallicanus,https://www.wikidata.org/wiki/Q1243321,,Vulcatius,Gallicanus,250,,350,,"auteur(e) de textes,personnage imaginaire",historien fictif de l'Histoire Auguste,,4,1,,
PhilipGalle,http://www.wikidata.org/entity/Q1379395,,Philip,Galle,1537,Haarlem,1612-03-12,Anvers,"artiste,graveur(euse),éditeur","dessinateur, graveur et éditeur flamand (1537-1612)",,4,1,Q9920,Q12892
CornelisGalleI,http://www.wikidata.org/entity/Q869133,Cornelis Galle l'Ancien,Cornelis,Galle,1576,Anvers,1650-03-29,Anvers,"artiste,graveur(euse)",graveur flamand (1576-1650),,4,1,Q12892,Q12892
AlfonsoLombardi,http://www.wikidata.org/entity/Q1103494,Lombardi,Alfonso,Cittadella,1497,Ferrare,1537-12-02,Bologne,"artiste,sculpteur",sculpteur italien,,4,1,Q13362,Q1891
CristoforoLombardo,http://www.wikidata.org/entity/Q60040609,Il Lombardino,Cristoforo,Lombardo,,,1555-09,Milan,"artiste,sculpteur,architecte",architecte est sculpteur italien,,4,1,,Q490
GirolamoLombardo,http://www.wikidata.org/entity/Q3768939,Girolamo da Ferrara,Girolamo,Lombardo,1506,Ferrare,1589-06,Q83362,"artiste,sculpteur",sculpteur italien,,4,1,Q13362,Q83362
TommasoLombardo,,,,,,,,,,"artist, sculptor",,2,1,,
FedeGalizia,http://www.wikidata.org/entity/Q2428749,,Fede,Galizia,1578,Milan,1630,Milan,"artiste,peintre",peintre italienne,,4,1,Q490,Q490
PietroAntonioLonati,,,Pietro Antonio,Lonati,,,,,,,,2,1,,
FranciscoLopezDeGomara,https://www.wikidata.org/wiki/Q721423,,Francisco,Lopez de Gomora,1511-02-02,Q837777,1564,Q837777,auteur(e) de textes,historien espagnol,,4,1,Q837777,Q837777
Gabiro,,,,Gabiro,,,,,,,,2,1,,
Feronie,https://www.wikidata.org/wiki/Q1407528,,,Féronie,,,,,personnage mythologique,"divinité antique dont le culte, originaire d'Étrurie, présidait aux travaux de l'agriculture et aux limites des champs",,4,1,,
BattistaLorenzi,http://www.wikidata.org/entity/Q1525885,Battista del Cavalliere,Battista,Lorenzi,1527,Settignano,1594-01-07,Pise,"artiste,sculpteur",sculpteur italien,,4,1,Q942605,Q13375
BuonaiutoLorini,https://www.wikidata.org/wiki/Q18945105,,Buonaiuto,Lorini,,Florence,1611,Venise,,,,0,1,Q2044,Q641
MarcusFuriusCamillus,https://www.wikidata.org/wiki/Q294862,Camille,Marcus,Furius Camillus,-446,Q1747689,-365,,personnage politique,homme politique romain,,4,1,Q1747689,
PierreLescot,http://www.wikidata.org/entity/Q381724,,Pierre,Lescot,1515,Paris,1578-09-10,Paris,"artiste,architecte",architecte français,,4,1,Q90,Q90
ArtemisiaGentileschi,http://www.wikidata.org/entity/Q212657,,Artemisia,Gentileschi,1593-07-08,Rome,1653,Naples,"artiste,peintre",peintre italienne,,4,1,Q220,Q2634
AlessandroLamo,https://www.wikidata.org/wiki/Q33137047,,Alessandro,Lamo,1555,Cremone,1612-10-13,Cremone,auteur(e) de textes,critique d'art et poète italien,,4,1,Q6231,Q6231
AntonioDaFaenza,http://www.wikidata.org/entity/Q21282288,Antonio da Faenza,Antonio,Speranza,1519,Faenza,1609-10-29,Rome,,italian goldsmith,,0,1,Q52981,Q220
LamoralComteEgmont,https://www.wikidata.org/wiki/Q435844,Comte d'Egmont,,Lamoral,1522-11-18,Q648122,1568-06-05,Q215429,personnage politique,comte d'Egmont,,4,1,Q648122,Q215429
AeliusLampridius,https://www.wikidata.org/wiki/Q833542,,Aelius,Lampridius,400,,400,,"auteur(e) de textes,personnage imaginaire",historien fictif de l'Histoire Auguste,,4,1,,
JeanGoltzius,,,,,,,,,,,,2,1,,
PaoloCamilloLandriani,http://www.wikidata.org/entity/Q3362607,Il Duchino,Paolo Camillo,Landriani,1562,Q39321,1618-09-17,Milan,"artiste,peintre",peintre italien,,4,1,Q39321,Q490
AntoineGodeau,https://www.wikidata.org/wiki/Q586272,,Antoine,Godeau,1605-09-24,Q142410,1672-04-21,Q192368,"personnage du clergé,auteur(e) de textes",homme de lettres et évêque français (1605-1672),,4,1,Q142410,Q192368
GiovanniPietroGnocchi,,,,,,,,,,"artist, painter",,2,1,,
Glaucon,,,,Glaucon,,,,,,,,2,1,,
FrancescoGiuntini,https://www.wikidata.org/wiki/Q3080974,,Francesco,Giuntini,1523-03-07,Florence,1590,Lyon,auteur(e) de textes,"astronome XVIe siècle, auteur de Speculum astrologiae..."", 1581",,4,1,Q2044,Q456
PieterLastman,http://www.wikidata.org/entity/Q352864,,Pieter,Lastman,1583,Amsterdam,1633-04-04,Amsterdam,"artiste,peintre",peintre néerlandais,,4,1,Q727,Q727
DanielGittard,http://www.wikidata.org/entity/Q3014096,,Daniel,Gittard,1625-03-14,Q600494,1686-12-15,Paris,"artiste,architecte",architecte français,,4,1,Q600494,Q90
GirolamoMacchietti,http://www.wikidata.org/entity/Q350028,,Girolamo,Macchietti,1535-02-21,Florence,1592-01-03,Florence,"artiste,peintre",peintre italien,,4,1,Q2044,Q2044
GiovanniDeMedici,https://www.wikidata.org/wiki/Q80986,,Giovanni,de' Medici,1498-04-06,Q13367,1526-11-30,Q1540457,,,,0,1,Q13367,Q1540457
DarioDiGiovanni,http://www.wikidata.org/entity/Q3702686,Dario da Treviso,Dario di,Giovanni,1420,PordenoneVille,1495,Q47224,"artiste,peintre",peintre italien (1420-1495),,4,1,Q6606,Q47224
HoraceLeBlanc,http://www.wikidata.org/entity/Q3140456,,Horace,Le Blanc,1575,Lyon,1637,Lyon,"artiste,peintre",peintre français,,4,1,Q456,Q456
BertoldoDiGiovanni,http://www.wikidata.org/entity/Q828363,,Bertoldo di,Giovanni,1435,Florence,1491-12-28,Q20387,"artiste,sculpteur",sculpteur et médailleur florentine,,4,1,Q2044,Q20387
CharlesLeCointe,https://www.wikidata.org/wiki/Q2959599,,Charles,Le Cointe,1611-11-04,Troyes,1681-01-18,Paris,auteur(e) de textes,écrivain et théologien français,,4,1,Q5489,Q90
PierreLeMoyne,https://www.wikidata.org/wiki/Q3385867,,Pierre,Le Moyne,1602-03-05,Q193880,1672-04-22,Paris,auteur(e) de textes,poète français,,4,1,Q193880,Q90
AntoineLePautre,http://www.wikidata.org/entity/Q345884,,Antoine,Le Pautre,1621,Paris,1679-01-03,Paris,"artiste,architecte",architecte français,,4,1,Q90,Q90
Vertumne,https://www.wikidata.org/wiki/Q374311,,,Vertumne,,,,,,,,0,1,,
GiovanniGiorgi,,,Giovanni,Giorgi,,,,,,,,2,1,,
FrancoisLeVau,http://www.wikidata.org/entity/Q3085130,,François,Le Vau,1624,Paris,1676-07-04,Paris,"artiste,architecte",architecte français,,4,1,Q90,Q90
GiovanniAndreaGiliodaFabriano,https://www.wikidata.org/wiki/Q21479080,,Giovanni Andrea,Gilio da Fabriano,,Fabriano,1584,,auteur(e) de textes,poète et théologien,,4,1,Q13145,
RemeeVanLeemput,http://www.wikidata.org/entity/Q18526282,,Remee van,Leemput,1607,Anvers,1675,Londres,"artiste,peintre",peintre flamand,,4,1,Q12892,Q84
LeonI,https://www.wikidata.org/wiki/Q43954,Leon Ier le Grand,,Leon Ier,390,Toscane,0461-11-11,Rome,pape,pape et docteur de l'église de 440 à 461 après JC,,4,1,Q1273,Q220
BalthazarGerbier,http://www.wikidata.org/entity/Q2462938,,Balthazar,Gerbier,1592-02-23,Q52101,1663,Q2932869,,"author, miniature painter, architect, art agents, calligraphers, artist, writers, courtiers, court artist, diplomat, poets, draftsman, copyists, miniaturists, painter",,0,1,Q52101,Q2932869
MoctezumaII,https://www.wikidata.org/wiki/Q141791,Moctezuma II,,Moctezuma II,1466,Q13695,1520-06-29,Q13695,personnage politique,souverain aztèque,,4,1,Q13695,Q13695
MichelIIAmorien,https://www.wikidata.org/wiki/Q41640,Michel II l'Amorien,,Michel II,770,Q174270,0829-10-02,Constantinople,personnage politique,empereur byzantin de 820 à 829,,4,1,Q174270,Q16869
GiuseppeMoleti,https://www.wikidata.org/wiki/Q3710748,,Giuseppe,Moleti,1531,Messine,1588,Padoue,mathématicien,mathématicien italien,,4,1,Q13666,Q617
Censorin,https://www.wikidata.org/wiki/Q707449,,,Censorin,250,,250,,auteur(e) de textes,"grammairien romain, auteur d'un ouvrage sur la naissance",,4,1,,
OnofrioPanvinio,https://www.wikidata.org/wiki/Q1771889,,Onofrio,Panvinio,1530-02-23,Verone,1568-04-07,Palerme,auteur(e) de textes,"historien italien, spécialiste de l'Antiquité",,4,1,Q2028,Q2656
ClaudeParadin,https://www.wikidata.org/wiki/Q867849,,Claude,Paradin,1510,Q735433,1573,Q740693,auteur(e) de textes,humaniste bourguignon,,4,1,Q735433,Q740693
IsabellaParasole,,,,,,,,,,"author, artist, designers, wood engraver",,2,1,,
AntonioMariaCiocchiDelMonte,https://www.wikidata.org/wiki/Q2517851,,Antonio Maria,Ciocchi del Monte,1461-09,Q52086,1533-09-20,Rome,personnage du clergé,prélat catholique,,4,1,Q52086,Q220
MargueriteDeParme,https://www.wikidata.org/wiki/Q307815,,Marguerite de,Parme,1522-07-05,Oudenaarde,1586-01-18,Q51256,personnage politique,duchesse de Parme et Plaisance (1522-1586),,4,1,Q12992,Q51256
GirolamoCiocca,https://www.wikidata.org/wiki/Q89808768,,Girolamo,Ciocca,1569,Milan,1630,,,,,0,1,Q490,
Pasiteles,https://www.wikidata.org/wiki/Q1934954,,,Pasitélès,-200,Q184313,-100,,"artiste,sculpteur",sculpteur antique,,4,1,Q184313,
BartolomeoPassarotti,http://www.wikidata.org/entity/Q809512,,Bartolomeo,Passarotti,1529-06-28,Bologne,1592-06-03,Bologne,"artiste,peintre",peintre italien,,4,1,Q1891,Q1891
SilvioPasseri,,,Silvio,Passeri,,,,,,,,2,1,,
GiovanBattistaCini,https://www.wikidata.org/wiki/Q3106940,,Giovan Battista,Cini,1528-06-30,Pise,1586-10,Florence,,dramaturge italien,,0,1,Q13375,Q2044
Cinegirus,,,,Cinegirus,,,,,,,,2,1,,
HenryPeachamjunior,https://www.wikidata.org/wiki/Q19288563,,Henry,Peacham,1578,,1644,,auteur(e) de textes,écrivain et héraldique anglais,,4,1,,
AntoinePech,,,Antoine,Pech,,,,,,,,2,1,,
JeanPech,,,Jean II,Pech,,,,,,,,2,1,,
CimaDaConegliano,http://www.wikidata.org/entity/Q8453,Cima da Conegliano,Giovanni Battista,Cima,1459,Q47224,1517,Q47224,"artiste,peintre",peintre vénitien de la Renaissance,,4,1,Q47224,Q47224
Peiraikos,https://www.wikidata.org/wiki/Q3905609,,,Peiraikos,,,,,"artiste,peintre",peintre grec antique,,4,1,,
SaintChristophe,https://www.wikidata.org/wiki/Q193507,,Christophe de,Lycie,300,Q163329,251,Q51614,saint(e),saint catholique,,4,1,Q163329,Q51614
Childebert,https://www.wikidata.org/wiki/Q212852,,,Childebert,497,Q41876,0558-12-23,Paris,personnage politique,roi franc du VIe siècle,,4,1,Q41876,Q90
Perseus,,,,Perseus,,,,,,,,2,1,,
AscanioPersio,https://www.wikidata.org/wiki/Q3624792,,Ascanio,Persio,1554-03-09,Q13616,1610-02-01,Bologne,auteur(e) de textes,philologue italien de la Renaissance,,4,1,Q13616,Q1891
JeanBaptisteDeChampaigne,http://www.wikidata.org/entity/Q3164509,,Jean-Baptiste de,Champaigne,1631-12-10,Bruxelles,1681-10-27,Paris,"artiste,peintre",peintre français du XVIIe siècle,,4,1,Q239,Q90
MargueriteChalette,,,,,,,,,,peintre,,2,1,,
Petesuccus,,,,Petesuccus,,,,,,,,2,1,,
JeanPetitot,http://www.wikidata.org/entity/Q556676,,Jean,Petitot,1607-07-12,Q71,1691-04-03,Q68160,"artiste,peintre",peintre genevois (1607-1691),,4,1,Q71,Q68160
PetrusChristus,http://www.wikidata.org/entity/Q312616,,Petrus,Christus,1410,Q797512,1475-09-02,Bruges,"artiste,peintre",peintre flamand,,4,1,Q797512,Q12994
ValerioDiSimoneCioli,http://www.wikidata.org/entity/Q2257363,Valerio Cioli,Valerio di,Simone Cioli,1529,Florence,1599-12-29,,"artiste,sculpteur",sculpteur italien de la Renaissance,,4,1,Q2044,
AntonioMariaPanico,http://www.wikidata.org/entity/Q90876960,,Antonio Maria,Panico,,,1620,,"artiste,peintre",peintre italien,,4,1,,
MatteoDiGiovanniCivitali,http://www.wikidata.org/entity/Q1909372,Matteo di Giovanni Civitali,Matteo,Civitali,1436-06-05,Lucques,1501-10-12,Lucques,"artiste,peintre,architecte,sculpteur","sculpteur, peintre et architecte italien de la seconde moitié du XVe siècle",,4,1,Q13373,Q13373
FrancoisColombeDuLys,https://www.wikidata.org/wiki/Q105210094,,François,Colombe du Lys,1595,Q209069,1661,Toulouse,"artiste,peintre",peintre français actif à Toulouse,,4,1,Q209069,Q7880
OrazioDeFerrari,http://www.wikidata.org/entity/Q1439681,,Orazio de,Ferrari,1606-08-22,Q1516072,1657-09,Genes,"artiste,peintre",peintre italien,,4,1,Q1516072,Q1449
FrancoisDOrbay,http://www.wikidata.org/entity/Q1270258,,François d',Orbay,1634,Paris,1697-09-04,Q34001,"artiste,architecte",architecte français,,4,1,Q90,Q34001
AnneMarieLouiseDOrleans,https://www.wikidata.org/wiki/Q231832,"Grande Mademoiselle, duchesse de Montpensier",Anne-Marie-Louise d',Orléans,1627-05-29,Q1075988,1693-04-05,Q329852,"personnage politique,auteur(e) de textes",aristocrate du Grand Siècle et autrice,,4,1,Q1075988,Q329852
DomenicoCompagni,http://www.wikidata.org/entity/Q51574250,,Domenico,Compagni,1600,Rome,1586,,"artiste,graveur(euse)",graveur italien,,4,1,Q220,
PietroOrseolo,https://www.wikidata.org/wiki/Q707192,,Pietro,Orseolo,928,Udine,0987-01-10,Q306121,personnage politique,Doge de Venise,,4,1,Q2790,Q306121
PaoloGiordanoIIOrsini,https://www.wikidata.org/wiki/Q21640069,,Paolo Giordano,Orsini,1591,Rome,1656,Q241791,"personnage politique,auteur(e) de textes,mécène","noble italien , mécène , poète et artiste amateur",,4,1,Q220,Q241791
Moloch,https://www.wikidata.org/wiki/Q275010,,,Moloch,,,,,personnage biblique,divinité sémitique et démon biblique,,4,1,,
PompeoColonna,https://www.wikidata.org/wiki/Q176545,,Pompeo,Colonna,1479-05-12,Rome,1532-06-28,Naples,personnage du clergé,cardinal de l'Église catholique romaine,,4,1,Q220,Q2634
ArnaudColomiez,,,Arnaud,Colomiez,,,,,,,,2,1,,
FrancescoOttonaio,,,Francesco,Ottonaio,,,,,,,,2,1,,
Ouranos,https://www.wikidata.org/wiki/Q79999,,,Ouranos,,,,,personnage mythologique,divinité primordiale de la mythologie grecque personnifiant le Ciel étoilé et l'Esprit démiurgiqus,,4,1,,
GiacomoDiPace,,Jacopo Pacio,Jacopo/Giacomo,Pacio,,,,,,,,2,1,,
JoosVanCleve,http://www.wikidata.org/entity/Q153472,,Joos van,Cleve,1485,Q6842,1540-11-10,Anvers,"artiste,peintre",peintre néerlandais,,4,1,Q6842,Q12892
ChristopheColomb,https://www.wikidata.org/wiki/Q7322,,Christophe,Colomb,1451,Genes,1506-05-20,Q8356,"personnage historique,personnage politique","navigateur et explorateur italien, XVe et début du XVIe siècle",,4,1,Q1449,Q8356
RaffaellinoDelColle,http://www.wikidata.org/entity/Q1323835,,Raffaellino del,Colle,1495,Sansepolcro,1566-11-17,Sansepolcro,"artiste,peintre",peintre italien,,4,1,Q52098,Q52098
AdriaenCollaert,http://www.wikidata.org/entity/Q2825010,,Adriaen,Collaert,1560,Anvers,1618-06-29,Anvers,"artiste,graveur(euse)",graveur flamand,,4,1,Q12892,Q12892
SainteJustine,https://www.wikidata.org/wiki/Q288295,,Justine de,Padoue,300,Padoue,0304-10-07,Padoue,saint(e),martyre et sainte chrétienne,,4,1,Q617,Q617
MaykenCoecke,https://www.wikidata.org/wiki/Q28567978,,Mayken,Coecke,1545,Bruxelles,1578,Bruxelles,"artiste,peintre,personnage historique",Peintre flamande ; fille des peintres Mayken Verhust et Pieter Coecke van Aelst ; épouse de Pieter Breughel Ier; mère des peintres Pieter II et Jan II Breughel,,4,1,Q239,Q239
BenedettoPagni,http://www.wikidata.org/entity/Q2895740,Benedetto Pagni da Pescia,Benedetto,Pagni,1504,Q102661,1578,Mantoue,"artiste,peintre",peintre italien,,4,1,Q102661,Q6247
Palamede,https://www.wikidata.org/wiki/Q252387,,,Palamède,,,,,personnage mythologique,personnage de la mythologie grecque,,4,1,,
GabrielePaleotti,https://www.wikidata.org/wiki/Q163858,,Gabriele,Paleotti,1522-10-04,Bologne,1597-07-22,Rome,personnage du clergé,cardinal et premier archevêque de Bologne,,4,1,Q1891,Q220
BenedettoCoda,http://www.wikidata.org/entity/Q327706,,Benedetto,Coda,1492,Trevise,1535,Rimini,"artiste,peintre",peintre italien,,4,1,Q5475,Q13369
MaertenDeCock,,,,,,,,,,"artist, engraver, draftsman, painter",,2,1,,
SimonCleonee,,,Simon de,Cléonée,,,,,,,,2,1,,
MarcelII,https://www.wikidata.org/wiki/Q101776,Marcel II,Marcello,Cervini degli Spannochi,1501-05-06,Q83113,1555-05-01,Rome,pape,"222e pape de l'Église catholique, d'avril à mai 1555",,4,1,Q83113,Q220
PierreDeCazeneuve,https://www.wikidata.org/wiki/Q3387491,,Pierre de,Cazeneuve,1591-10-31,Toulouse,1652-10-31,,auteur(e) de textes,"grammairien, historien, littérateur français",,4,1,Q7880,
Constant,https://www.wikidata.org/wiki/Q185538,,,Constant Ier,320,Italie,0350-01-18,Q23073,personnage politique,empereur romain de 337 à 350,,4,1,Q38,Q23073
GiacomoCavedone,http://www.wikidata.org/entity/Q2704031,,Giacomo,Cavedone,1577-04-14,Q8598,1660,Bologne,"artiste,peintre",peintre italien,,4,1,Q8598,Q1891
Plotine,https://www.wikidata.org/wiki/Q239448,,,Plotine,70,Nimes,121,,personnage politique,impératrice romaine et épouse de l'empereur romain Trajan,,4,1,Q42807,
VincenzoCampi,http://www.wikidata.org/entity/Q921130,,Vincenzo,Campi,1536,Cremone,1591-10-03,Cremone,"artiste,peintre",peintre italien,,4,1,Q6231,Q6231
GaleazzoCampi,http://www.wikidata.org/entity/Q707600,,Galeazzo,Campi,1476,Cremone,1536,Cremone,"artiste,peintre",peintre italien,,4,1,Q6231,Q6231
AntonioCampi,http://www.wikidata.org/entity/Q601175,,Antonio,Campi,1524,Cremone,1587-01-28,Cremone,"artiste,architecte,peintre,graveur(euse)","peintre italien, graveur et architecte",,4,1,Q6231,Q6231
FrancoisDePoilly,,,,,,,,,,"artist, painter",,2,1,,
GiustoCampagnola,,,,,,,,,,peintre,,2,1,,
AntonioPollaiuolo,http://www.wikidata.org/entity/Q318640,Antonio Pollaiuolo,Antonio del,Pollaiolo,1429-01-17,Florence,1498-02-04,Rome,"artiste,peintre,sculpteur,graveur(euse)","peintre, sculpteur, graveur et orfèvre italien de l'école florentine",,4,1,Q2044,Q220
PieroPollaiuolo,http://www.wikidata.org/entity/Q707046,Piero Pollaiuolo,Piero del,Pollaiolo,1443,Florence,1496,Rome,"artiste,peintre",peintre italien,,4,1,Q2044,Q220
TrebelliusPollio,https://www.wikidata.org/wiki/Q669971,,Trebellius,Pollio,250,,350,,"auteur(e) de textes,personnage imaginaire",historien fictif de l'Histoire Auguste,,4,1,,
GiulioCampagnola,http://www.wikidata.org/entity/Q1989594,,Giulio,Campagnola,1482,Padoue,1515,Venise,"artiste,peintre",peintre italien,,4,1,Q617,Q641
GirolamoCampagnola,http://www.wikidata.org/entity/Q27501610,,Girolamo,Campagnola,,Padoue,1522,,"artiste,peintre",peintre italien,,4,1,Q617,
LazzaroCalvi,http://www.wikidata.org/entity/Q3220074,,Lazzaro,Calvi,1512,Genes,1603,,"artiste,peintre",peintre italien,,4,1,Q1449,
Callon,https://www.wikidata.org/wiki/Q1722514,,,Callon,-600,Egine,,,"artiste,sculpteur",sculpteur grec,,4,1,Q191082,
HyrcanII,https://www.wikidata.org/wiki/Q359684,,,Hyrcan II,-110,,-30,,personnage politique,roi hasmonéen,,4,1,,
Callicratidas,https://www.wikidata.org/wiki/Q465803,,,Callicratidas,-500,,-406,Q23822737,"personnage politique,militaire",militaire spartiate,,4,1,,Q23822737
CalliclesPeintre,https://www.wikidata.org/wiki/Q11916351,,,Calliclès,,,,,"artiste,saint(e)",peintre antique,,4,1,,
AmalteoPomponio,http://www.wikidata.org/entity/Q598960,,Pomponio,Amalteo,1505,MottaDiLivenza,1588-03-09,Q53194,"artiste,peintre",peintre italien,,4,1,Q48065,Q53194
CleodoroCalchi,,,Cleodoro,Calchi,,,,,,,,2,1,,
GiovanniDalPonte,http://www.wikidata.org/entity/Q2749321,Giovanni dal Ponte,Giovanni di,Marco,1385,Florence,1438,Florence,"artiste,peintre",peintre italien,,4,1,Q2044,Q2044
EvagriusPonticus,https://www.wikidata.org/wiki/Q437869,,Evagrius,Ponticus,345,Q535720,399,Q1074945,"personnage du clergé,auteur(e) de textes",moine ascétique,,4,1,Q535720,Q1074945
CaiusCestius,,,,Caius Cestius,,,,,,,,2,1,,
Moliere,,,,,,,,,,auteur,,2,1,,
NicolasBeatrizet,http://www.wikidata.org/entity/Q461143,Nicolas Béatrizet,Nicolas,Beatrizet,1515,Q22640,1565,Rome,"artiste,graveur(euse)",graveur lorrain (1510-1565),,4,1,Q22640,Q220
SuzanneButay,,,Suzanne,Butay,,,,,,,,2,1,,
GuglielmoDellaPorta,http://www.wikidata.org/entity/Q1623328,,Guglielmo della,Porta,1500,Q47510,1577-01-06,Rome,"artiste,sculpteur",sculpteur italien,,4,1,Q47510,Q220
PeterCandid,http://www.wikidata.org/entity/Q315803,Peter Candid,Pieter de,Witte,1548,Bruges,1628-03,Munich,"artiste,peintre,graveur(euse)",peintre et graphiste flamand,,4,1,Q12994,Q1726
PietroMariaCanepario,https://www.wikidata.org/wiki/Q21855521,,Pietro Maria,Canepario,1550,Crema,1619,,auteur(e) de textes,physicien italien,,4,1,Q42793,
GiovanniBattistaPittoni,http://www.wikidata.org/entity/Q21540049,Giovanni Battista Pittoni l'Ancien,Giovanni Battista,Pittoni,1520,Vicence,1584,Vicence,,"artist, designers, miniaturists, printmaker",,0,1,Q6537,Q6537
BernardoCastello,http://www.wikidata.org/entity/Q2345205,,Bernardo,Castello,1557,Genes,1629-10-04,Genes,"artiste,peintre",peintre italien,,4,1,Q1449,Q1449
EugenioCattaneo,,,Eugenio,Cattaneo,,,,,,,,2,1,,
DaneseCattaneo,http://www.wikidata.org/entity/Q1080223,,Danese,Cattaneo,1512,Q861824,1572,Padoue,"artiste,sculpteur",sculpteur italien,,4,1,Q861824,Q617
PierreLouisDeCatel,,,Pierre-Louis de,Catel,,,,,,,,2,1,,
Phraortes,https://www.wikidata.org/wiki/Q332557,,,Phraortès,-700,,-633,,personnage politique,roi des Mèdes,,4,1,,
Phryne,https://www.wikidata.org/wiki/Q232790,,,Phryné,-371,Q1141295,-310,Athenes,"muse,personnage historique",célèbre hétaïre grecque du IVe siècle av. J.-C.,,4,1,Q1141295,Q844930
GiovanniBenedettoCastiglione,http://www.wikidata.org/entity/Q40823,Il Grechetto,Giovanni Benedetto,Castiglione,1609-03,Genes,1664-05-05,Mantoue,"artiste,peintre",peintre et graveur italien,,4,1,Q1449,Q6247
Phyllis,https://www.wikidata.org/wiki/Q1334087,,,Phyllis,,,,,personnage mythologique,personnage de la mythologie grecque,,4,1,,
LouisIPhelypeauxDeLaVrilliere,https://www.wikidata.org/wiki/Q3262263,,Louis,Phélypeaux de La Vrillière,1599-04-10,,1681-05-25,Q627061,personnage politique,homme politique français,,4,1,,Q627061
GiovanniBattistaCastello,http://www.wikidata.org/entity/Q723221,Il Bergamasco,Giovanni Battista,Castello,1509,Q101112,1569-06-03,Madrid,,"architect, artist, painter",,0,1,Q101112,Q2807
PieIII,https://www.wikidata.org/wiki/Q160030,Pie III,Francesco Todeschini,Piccolomini,1439-05-09,Q91447,1503-10-18,Rome,pape,"215e pape de l’Église catholique, de septembre à octobre 1503",,4,1,Q91447,Q220
Picus,https://www.wikidata.org/wiki/Q235724,,,Picus,,,,,personnage mythologique,personnage de la mythologie romaine,,4,1,,
DionCassius,https://www.wikidata.org/wiki/Q185223,,Lucius Claudius,Cassius Dio,150,Q739037,235,Q739037,auteur(e) de textes,historien grec de la Rome antique,,4,1,Q739037,Q739037
BonifacioVeronese,http://www.wikidata.org/entity/Q744747,Bonifacio Veronese,Bonifacio,de' Pitati,1487,Verone,1553-10-19,Venise,"artiste,peintre",peintre italien,,4,1,Q2028,Q641
GiovanniDiPietro,http://www.wikidata.org/entity/Q1446925,Lo Spagna,Giovanni di,Pietro,1450,Perugia,1528,Spoleto,"artiste,peintre",peintre espagnol,,4,1,Q3437,Q20571
PietroDaSalo,https://www.wikidata.org/wiki/Q19569759,Pietro da Salò ,Pietro,Grazioli,,,,,,,,0,1,,
Cassiodore,https://www.wikidata.org/wiki/Q192365,,,Cassiodore,487,Q1084264,583,Q1084264,"personnage politique,auteur(e) de textes",homme politique et écrivain latin,,4,1,Q1084264,Q1084264
AlessandroCasolani,http://www.wikidata.org/entity/Q461700,,Alessandro,Casolani,1552,Q18491762,1607,Sienne,"artiste,peintre",peintre italien,,4,1,Q18491762,Q2751
VittoreCarpaccio,http://www.wikidata.org/entity/Q5581,,Vittore,Carpaccio,1465,Venise,1526,Venise,"artiste,peintre",peintre Italien de l'école vénitienne,,4,1,Q641,Q641
Carchedon,,,,Carchedon,,,,,,,,2,1,,
CarloCarafa,https://www.wikidata.org/wiki/Q1041979,,Carlo,Carafa,1517-04-08,Naples,1561-03-14,Rome,personnage du clergé,cardinal italien,,4,1,Q2634,Q220
AntonioCapella,,Antoine Capelle,Antonio,Capella,,,,,,,,2,1,,
LorenzoCanozi,http://www.wikidata.org/entity/Q3836903,Lorenzo da Lendinara,Lorenzo,Canozi,1425,Q34390,1477-03-20,Padoue,,imprimeur italien à Padoue dans les années 1471-1475,,0,1,Q34390,Q617
DomenicoCanigiani,https://www.wikidata.org/wiki/Q55226388,,Domenico,Canigiani,1486-01-13,,1548-08-31,,"personnage politique,mécène","noble florentin, patron des arts",,4,1,,
FraPaolinoDaPistoia,http://www.wikidata.org/entity/Q3749183,Fra Paolino da Pistoia,Paolo del,Signoraccio,1488,Pistoia,1547-08-03,Pistoia,"artiste,peintre",peintre italien,,4,1,Q13376,Q13376
GerardVanOpstal,http://www.wikidata.org/entity/Q673573,,Gérard van,Opstal,1594,Bruxelles,1668-08-01,Paris,"artiste,sculpteur",sculpteur baroque flamand,,4,1,Q239,Q90
VittoriaColonna,https://www.wikidata.org/wiki/Q255368,,Vittoria,Colonna,1492,Q242926,1547-02-25,Rome,"personnage politique,auteur(e) de textes",noble et poétesse italienne,,4,1,Q242926,Q220
Nechepso,https://www.wikidata.org/wiki/Q888780,,,Néchepso,-800,,-672,,personnage biblique,,,0,1,,
MariaDeMoy,,,Maria de,Moy,,,,,,,,2,1,,
MauriceDeNassau,https://www.wikidata.org/wiki/Q164062,,Maurice de,Nassau,1567-11-14,Q517381,1625-04-23,LaHaye,personnage politique,prince d'Orange,,4,1,Q517381,Q36600
SaintFidele,https://www.wikidata.org/wiki/Q603655,Fidèle de Côme,,Saint Fidèle,,,304,Q47416,saint(e),,,4,1,,Q47416
Simonide,,,Simonide de,Céos,,,,,,,,2,1,,
Theodoret,https://www.wikidata.org/wiki/Q317029,,Theodoret de,Cyrus,393,Antioche,457,Q536924,"personnage du clergé,auteur(e) de textes","évêque, théologien et historiographe chrétien de langue grecque",,4,1,Q200441,Q536924
AndreaDazzi,https://www.wikidata.org/wiki/Q55226892,,Andrea,Dazzi,1473-11-08,Florence,1548-07-27,,,,,0,1,Q2044,
ViolanteNegretti,https://www.wikidata.org/wiki/Q16747429,,Violante,Negretti,,,,,"muse,personnage historique",fille de Palma le Vieux,,4,1,,
Cyllare,https://www.wikidata.org/wiki/Q3676711,,,Cyllare,,,,,personnage mythologique,centaure,,4,1,,
LuciusPapiriusCursor,https://www.wikidata.org/wiki/Q465309,Lucius Papirius Cursor,,Lucius Papirius Cursor,-364,Q1747689,-350,,personnage politique,consul et dictateur romain,,4,1,Q1747689,
FrancoisMuguet,https://www.wikidata.org/wiki/Q16185976,,François,Muguet,1631,,1702-02-09,,éditeur,imprimeur français,,4,1,,
AntonioNeri,,,,,,,,,,auteur,,2,1,,
MilonDeCrotone,https://www.wikidata.org/wiki/Q338948,,Milon de,Crotone,-550,Crotone,-600,Q868332,,lutteur du VIe siècle av. J. C.,,0,1,Q6681,Q868332
Mucien,https://www.wikidata.org/wiki/Q521520,Mucien,Caius Licinius,Mucianus,100,,100,,"personnage politique,auteur(e) de textes","écrivain, homme politique et militaire romain",,4,1,,
Neree,https://www.wikidata.org/wiki/Q189527,,,Nerée,,,,,personnage mythologique,divinité marine de la mythologie grecque,,4,1,,
CristoforoDaFerrara,,,,,,,,,,"artist, fresco painter, history artist, painter",,2,1,,
CharlesIIBourbon,https://www.wikidata.org/wiki/Q2959407,Cardinal de Vendôme,Charles II de,Bourbon,1562-03-30,France,1594-07-30,Paris,personnage du clergé,"cardinal de Vendôme puis de Bourbon, archevêque de Rouen",,4,1,Q142,Q90
PierreCoustau,https://www.wikidata.org/wiki/Q16590303,"Petrus Costalius, il Costa",Pierre,Coustau,1550,Paris,1550,,auteur(e) de textes,"jurisconsulte et humaniste, avocat au Parlement de Paris. vraisemblablement identifiable au traducteur de l'hébreu Petrus Costus",,4,1,Q90,
WolfgangGuillaumeDeNeubourg,https://www.wikidata.org/wiki/Q61214,,Wolfgang-Guillaume de,Neubourg,1578-11-04,Q125652,1653-03-20,Q1718,personnage politique,prince allemand,,4,1,Q125652,Q1718
NiccoloDaBologna,,,,,,,,,,"artist, illuminators, painter",,2,1,,
DariusIII,https://www.wikidata.org/wiki/Q102865,,,Darius III,-380,Q3746183,-330-07,Q132646,personnage politique,roi de Perse de 336 à 330 av. J.-C.,,4,1,Q3746183,Q132646
FrancisCottington,https://www.wikidata.org/wiki/Q5480626,Baron / Chancelier Cottington,Francis,Cottington,1579,,1652-06-19,,personnage politique,"homme politique et diplomate anglais, 1er baron Cottington",,4,1,,
JeanICotelle,http://www.wikidata.org/entity/Q51463250,Jean Cotelle l'Ancien,Jean,Cotelle,1607-12-24,Meaux,1676-03-25,Paris,"artiste,architecte,peintre,graveur(euse)","architecte, graveur et peintre français (1607-1676)",,4,1,Q207620,Q90
CarloLuigiDAragonaTagliava,https://www.wikidata.org/wiki/Q3659979,Magnus Siculus,Carlo Luigi d',Aragona Tagliava,1530-12-25,Palerme,1599,Madrid,militaire,général italien,,4,1,Q2656,Q2807
MarieThereseDAutriche,https://www.wikidata.org/wiki/Q152549,Infante d'Espagne,Marie Thérèse d',Auriche,1638-09-10,Madrid,1683-07-30,Versailles,personnage politique,reine de France,,4,1,Q2807,Q621
RobertNanteuil,http://www.wikidata.org/entity/Q1356084,,Robert,Nanteuil,1623,Q41876,1678-12-09,Paris,"artiste,graveur(euse)",graveur et pastelliste français (1623-1678),,4,1,Q41876,Q90
BeatriceDEste,https://www.wikidata.org/wiki/Q813280,,Beatrice d',Este,1475-06-29,Ferrare,1497-01-03,Milan,personnage politique,"duchesse de Milan et de Bari, femme d'État",,4,1,Q13362,Q490
JeanDaret,http://www.wikidata.org/entity/Q3171555,,Jean,Daret,1613,Bruxelles,1668,Q47465,"artiste,peintre,graveur(euse)",peintre et graveur français (1613-1668),,4,1,Q239,Q47465
OttavianoDeMedici,https://www.wikidata.org/wiki/Q3887191,,Ottaviano,de' Medici,1484-07-11,,1546-05-28,,,seigneur d'Ottaviano,,0,1,,
PellegrinoDaSanDaniele,http://www.wikidata.org/entity/Q732082,Pellegrino da San Daniele,Martino da,Udine,1467,Udine,1547-12-17,Udine,"artiste,peintre",peintre italien,,4,1,Q2790,Q2790
GaspardDeDaillonDuLude,https://www.wikidata.org/wiki/Q3098816,,Gaspard de,Daillon du Lude,1603,Paris,1676-07-25,,personnage du clergé,prélat français,,4,1,Q90,
Dagon,https://www.wikidata.org/wiki/Q623065,,,Dagon,,,,,personnage mythologique,dieu sémitique,,4,1,,
MichelinoDaBesozzo,http://www.wikidata.org/entity/Q2517498,Michelino da Besozzo,Michelino,de' Molinari,1370,Q39922,1455,,"artiste,peintre",peintre italien,,4,1,Q39922,
LaurentIIDeMedicis,https://www.wikidata.org/wiki/Q312612,Laurent II de Médicis,Laurent de,Médicis,1492-09-12,Florence,1519-05-04,Q913109,personnage politique,"duc d'Urbino, père de Catherine de Médicis",,4,1,Q2044,Q913109
GuillaumeInspruck,https://www.wikidata.org/wiki/Q24950852,Guillaume le Fondeur,Guillaume d',Innsbruck,,,,,,,,0,1,,
PubliusDeciusMusIII,https://www.wikidata.org/wiki/Q155350,Publius Decius Mus III,Publius Decius,Mus,,Q1747689,,,personnage politique,consul romain en 279 av. J.-C.,,4,1,Q1747689,
PubliusDeciusMusII,https://www.wikidata.org/wiki/Q504145,Publius Decius Mus II,Publius Decius,Mus,-340,Q1747689,-295,Q124886,personnage politique,consul romain en 312 av. J.-C.,,4,1,Q1747689,Q124886
Dathan,https://www.wikidata.org/wiki/Q2238834,,,Dathan,,,,,personnage biblique,personnage biblique,,4,1,,
CharlesIIEspagne,https://www.wikidata.org/wiki/Q36174,Charles II d'Espagne,Charles,d'Espagne,1661-11-06,Madrid,1700-11-01,Madrid,personnage politique,roi d'Espagne,,4,1,Q2807,Q2807
Megasthene,https://www.wikidata.org/wiki/Q312548,,,Mégasthène,-350,Q12824780,-290,,auteur(e) de textes,"diplomate, géographe et historien grec de l'Antiquité",,4,1,Q12824780,
Menes,https://www.wikidata.org/wiki/Q189574,"Mina, Menan",,Ménès,-3200,,-3125,,personnage politique,fondateur de la première dynastie de Manéthon et unificateur de l'Égypte,,4,1,,
DonJuanDAutriche,https://www.wikidata.org/wiki/Q157107,Don Juan d'Autriche,Juan d',Autriche,1547-02-24,Q2978,1578-10-01,Namur,personnage politique,prince espagnol ayant vécu au XVIe siècle,,4,1,Q2978,Q134121
Menelaos,https://www.wikidata.org/wiki/Q451572,Ménélaos,,Ménélaüs,70,Alexandrie,140,Rome,"auteur(e) de textes,mathématicien",géomètre et astronome grec,,4,1,Q87,Q220
PubliusDeciusMusI,https://www.wikidata.org/wiki/Q374579,Publius Decius Mus I,Publius Decius,Mus,-377,Q1747689,-340,,personnage politique,consul romain en 340 av. J.-C.,,4,1,Q1747689,
SymeonMetaphraste,https://www.wikidata.org/wiki/Q439491,,Syméon,Métaphraste,900,Constantinople,0987-11-28,Constantinople,personnage politique,hagiographe et homme politique byzantin,,4,1,Q16869,Q16869
Metines,,,,Métines,,,,,,,,2,1,,
CatherineMichelleDAutriche,https://www.wikidata.org/wiki/Q233187,,Catherine-Michelle d',Autriche,1567-10-10,Madrid,1597-11-06,Turin,personnage politique,femme politique espagnole,,4,1,Q2807,Q495
NicetasI,https://www.wikidata.org/wiki/Q1281867,,,Nicétas Ier,,,0780-02-06,Constantinople,personnage politique,patriarche de Constantinople,,4,1,,Q16869
JacquesCouplet,,,,,,,,,,sculptor,,2,1,,
PierreDaret,http://www.wikidata.org/entity/Q2093368,,Pierre,Daret,1605-04,Paris,1678-03-29,Q188878,"artiste,graveur(euse)",graveur français (1604-1678),,4,1,Q90,Q188878
MatthiasCorvin,https://www.wikidata.org/wiki/Q188634,,Matthias,Corvin,1443-02-24,Q100188,1490-04-06,Vienne,personnage politique,"roi de Hongrie, roi de Bohême, duc d'Autriche",,4,1,Q100188,Q1741
Mopsos,,,,Mopsos,,,,,,,,2,1,,
ChristineDeLorraine,https://www.wikidata.org/wiki/Q257579,,Christine de,Lorraine,1565-08-16,Q2081177,1637-12-19,Florence,personnage politique,aristocrate française,,4,1,Q2081177,Q2044
JeanDeMontlyard,https://www.wikidata.org/wiki/Q3175589,,Jean de,Montlyard,1505,,,,auteur(e) de textes,astrologue français,,4,1,,
FredericArmandDeSchomberg,https://www.wikidata.org/wiki/Q61718,,Frédéric-Armand de,Schomberg,1615-12-16,Heidelberg,1690-07-11,Q896037,"personnage politique,militaire",maréchal de France,,4,1,Q2966,Q896037
ArtaxerxesIII,https://www.wikidata.org/wiki/Q192867,Artaxerxès III,,Ochos,-425,,-338-08,Babylone,personnage politique,roi achéménide,,4,1,,Q5684
DorotheeDeLorraine,https://www.wikidata.org/wiki/Q20036771,,Dorothée de,Lorraine,1545-05-24,Q929010,1621-06-02,Nancy,personnage politique,duchesse de Brunswick-Lünebourg-Calenberg,,4,1,Q929010,Q40898
AnthonieVanMontfoortBlocklandt,http://www.wikidata.org/entity/Q2281325,Anthonie Blocklandt van Montfoort,Anthonie van,Montfoort,1533-04,Q10048,1583-10-18,Utrecht,"artiste,peintre",peintre néerlandais (1533–1583),,4,1,Q10048,Q803
RobertoDaMontevarchi,https://www.wikidata.org/wiki/Q964293,,Roberto da,Montevarchi,1460,Q52089,1522,Q52089,"artiste,peintre",peintre italien,,4,1,Q52089,Q52089
JuanDeHerreraDeMaliano,http://www.wikidata.org/entity/Q363914,,Juan de,Herrera de Maliano,1530,Q2469633,1597-01-15,Madrid,"artiste,architecte",architecte,,4,1,Q2469633,Q2807
PierreMonier,http://www.wikidata.org/entity/Q3386358,,Pierre,Monier,1641-03-17,Blois,1703-12-29,Paris,"artiste,peintre",peintre français,,4,1,Q160927,Q90
BaccioDaMontelupo,http://www.wikidata.org/entity/Q2245460,Baccio da Montelupo,Bartolomeo di,Giovanni d'Astore dei Sinibaldi,1469,Q82766,1535,Lucques,"artiste,sculpteur",sculpteur italien,,4,1,Q82766,Q13373
JacopoDaMontagnana,http://www.wikidata.org/entity/Q3157655,Jacopo da Montagnana,Jacopo,Parisati,1440,Montagnana,1499-08-14,Padoue,"artiste,peintre",peintre italien (1440–1499),,4,1,Q34605,Q617
SainteConstance,https://www.wikidata.org/wiki/Q464452,,,Constance,315,Rome,354,Q2277,saint(e),fille de l'empereur romain Constantin le Grand,,4,1,Q220,Q2277
Neoptoleme,https://www.wikidata.org/wiki/Q322639,,,Néoptolème,,,,Q125925203,personnage mythologique,"personnage de la mythologie grecque, fils d'Achille",,4,1,,Q125925203
GiovanniBattistaMontano,,,,,,,,,,"wood scultor, architecte, engraver, drafter",,2,1,,
Nostradamus,https://www.wikidata.org/wiki/Q39978,Nostradamus,Michel de,Nostredame,1503-12-14,SaintRemyDeProvence,1566-07-02,SalonDeProvence,"auteur(e) de textes,médecin","médecin, botaniste et astrologue français, auteur de célèbres prophéties",,4,1,Q221507,Q232567
DomenicoMoreni,https://www.wikidata.org/wiki/Q3713152,,Domenico,Moreni,1763-08-12,Florence,1835-03-13,Florence,personnage du clergé,prêtre italien,,4,1,Q2044,Q2044
PaoloMorando,http://www.wikidata.org/entity/Q2382158,Il Cavazzola,Paolo,Morando,1486,Verone,1522,Verone,"artiste,peintre",peintre italien,,4,1,Q2028,Q2028
NataleConti,https://www.wikidata.org/wiki/Q328186,Natalis Comes,Natale,Conti,1520,Milan,1582,Milan,auteur(e) de textes,historien milanais,,4,1,Q490,Q490
GiacomoNizzola,http://www.wikidata.org/entity/Q3805911,Jacopo da Trezzo,Giacomo,Nizzola,1515,Q43090,1589-09-23,Madrid,,"architect, goldsmiths, artist, engraver, etcher, medalists, jewelers, sculptor",,0,1,Q43090,Q2807
JoosIIDeMomper,http://www.wikidata.org/entity/Q560548,Joos de Momper le Jeune,Joos de,Momper,1564,Anvers,1635-02-05,Anvers,"artiste,peintre",peintre néerlandais,,4,1,Q12892,Q12892
InnocentIII,https://www.wikidata.org/wiki/Q128076,Innocent III,Lotario de',Conti di Segni,1160-02-22,Q242668,1216-07-16,Perugia,pape,pape de l’Église catholique de 1198 à 1216,,4,1,Q242668,Q3437
LucasCornelisz,http://www.wikidata.org/entity/Q6696121,Lucas Cornelisz. de Kock,Lucas,Cornelisz.,1493,Leyde,1552,Leyde,"artiste,peintre",peintre néerlandais,,4,1,Q43631,Q43631
ClaraDeMoy,,,Clara de,Moy,,,,,,,,2,1,,
Oholiab,https://www.wikidata.org/wiki/Q2112850,,,Oholiab,,,,,personnage biblique,"personnage biblique du livre de l'Exode, un architecte, fils d'Ahisamac, issu de la tribu de Dan",,4,1,,
PhilippeDeFrance,https://www.wikidata.org/wiki/Q296555,Monsieur,Philippe de,France,1640-09-21,Q185075,1701-06-09,SaintCloud,personnage politique,prince français,,4,1,Q185075,Q189153
GiovanniBattistaMoroni,http://www.wikidata.org/entity/Q504949,,Giovanni Battista,Moroni,1525,Q53489,1578-02-05,Bergame,"artiste,peintre",peintre italien,,4,1,Q53489,Q628
JeanNocret,http://www.wikidata.org/entity/Q3173734,,Jean,Nocret,1615-10-26,Nancy,1672-11-12,Paris,"artiste,peintre",peintre français,,4,1,Q40898,Q90
MichelCorneille,http://www.wikidata.org/entity/Q2613210,Michel Corneille l'Ancien,Michel,Corneille,1601,Orleans,1664-06-13,Paris,"artiste,peintre,graveur(euse)",peintre et graveur français (1601-1664),,4,1,Q6548,Q90
CornelisVanHeem,http://www.wikidata.org/entity/Q1133621,,Cornelis van,Heem,1631-04-08,Leyde,1695-05-17,Anvers,"artiste,peintre",peintre hollandais,,4,1,Q43631,Q12892
CatharinaVanNoort,https://www.wikidata.org/wiki/Q21710856,,Catharina,Noort,1595-02-24,Anvers,1659-04-17,Anvers,"muse,personnage historique","fille d'Adam, épouse de Jacob Jordaens",,4,1,Q12892,Q12892
LambertVanNoort,http://www.wikidata.org/entity/Q4901800,,Lambert van,Noort,1520,Q992,1571,Anvers,"artiste,peintre",peintre néerlandais,,4,1,Q992,Q12892
Nearque,https://www.wikidata.org/wiki/Q320132,,,Néarque,-356,Q1807000,-300,,"personnage politique,militaire",officier macédonien,,4,1,Q1807000,
Selit,,,,Selit,,,,,,,,2,0,,
AlessandroLeopardi,https://www.wikidata.org/wiki/Q724827,,Alessandro,Leopardi,1447,Venise,1522,Venise,,,,0,0,Q641,Q641
GiovanniII,,,,,,,,,,,,2,0,,
TheonDAlexandrie,https://www.wikidata.org/wiki/Q354384,,Théon d',Alexandrie,335,Alexandrie,400,Alexandrie,,,,0,0,Q87,Q87
Primatice,https://www.wikidata.org/wiki/Q333366,Le Primatice,Francesco,Primaticcio,1504-04-30,Bologne,1570,Paris,"artiste,peintre",peintre italien du XVIe s.,,4,0,Q1891,Q90
FranciscoDeMelo,https://www.wikidata.org/wiki/Q252902,,Francisco de,Melo,1597,Q625157,1651-12-18,Madrid,"personnage politique,militaire","général, homme d'état et diplomate portugais",,4,0,Q625157,Q2807
StatiusGellius,https://www.wikidata.org/wiki/Q2333997,,Statius,Gellius,-400,,,,militaire,,,0,0,,
Canaam,,,,Canaam,,,,,,,,2,0,,
PompeoGiustiniano,https://www.wikidata.org/wiki/Q106398023,,Pompeo,Giustiniano,,,,,,,,0,0,,
AnneDePisseleu,https://www.wikidata.org/wiki/Q257557,Duchesse d'Étampes,Anne de,Pisseleu,1508,Q1337243,1580,Q691124,personnage politique,"duchesse d'Étampes, favorite du roi François Ier",,4,0,Q1337243,Q691124
FrancoisDeJoyeuse,https://www.wikidata.org/wiki/Q542804,Cardinal de Joyeuse,François de,Joyeuse,1562-06-24,Q6582,1615-08-23,Avignon,,prélat catholique,,0,0,Q6582,Q6397
Putiphar,https://www.wikidata.org/wiki/Q1148687,,,Putiphar,,,,,personnage biblique,personnage du Livre de la Genèse,,4,0,,
GiovanniBattistaBotti,,,Giovanni Battista,Botti,,,,,,,,2,0,,
Desuat,,,,Desuat,,,,,,,,2,0,,
FranciscusJunius,http://www.wikidata.org/entity/Q2951068,François du Jon le Jeune,Franciscus,Junius,1591-01-29,Heidelberg,1677-11-19,Windsor,,"writers, antiquaries",,0,0,Q2966,Q464955
RodrigoDiToledo,,,Rodrigo di,Toledo,,,,,,,,2,0,,
Sextus,,Festus Grammaticus,,Pompeius Festus,,,,,,,,2,0,,
DenisDeLaHaye,https://www.wikidata.org/wiki/Q29638951,,Denis de,La Haye,,,,,,,,0,0,,
CaiusAureliusCottaPere,https://www.wikidata.org/wiki/Q2603991,Caius Aurelius Cotta père,Caius Aurelius,Cotta,-250,Q1747689,-250,Pouilles,,,,0,0,Q1747689,Q1447
Penee,,,,Pénée,,,,,,,,2,0,,
Callicles,https://www.wikidata.org/wiki/Q553801,,,Callicles,-500,Q1524,,,"auteur(e) de textes,philosophe",penseur et sophiste grec antique,,4,0,Q1524,
HenriIIDeNavarre,https://www.wikidata.org/wiki/Q317506,Henri II de Navarre,Henri d',Albret,1503-04-18,Q842228,1555-05-25,Q474929,personnage politique,roi de Navarre de 1517 à 1555,,4,0,Q842228,Q474929
LuciusSeptimius,https://www.wikidata.org/wiki/Q10891032,,Lucius,Septimius,,,,,auteur(e) de textes,traducteur en latin de l'Éphéméride de la guerre de Troie de Dictys de Crète,,4,0,,
CaiusAureliusCottaFils,https://www.wikidata.org/wiki/Q976599,Caius Aurelius Cotta fils,Caius Aurelius,Cotta,-250,Q1747689,-250,,,,,0,0,Q1747689,
AndreaSalvadori,https://www.wikidata.org/wiki/Q4755263,,Andrea,Salvadori,1588-11-06,Q52085,1634-08-24,Florence,,,,0,0,Q52085,Q2044
HerculeGonzague,https://www.wikidata.org/wiki/Q2631018,,Hercule,Gonzague,1505-11-23,Mantoue,1563-03-02,Q3376,personnage du clergé,prélat catholique,,4,0,Q6247,Q3376
IsabelleDeMedicis,https://www.wikidata.org/wiki/Q271831,Isabelle de Médicis,Isabella,de' Medici,1542-08-31,Florence,1576-07-16,Q82644,,fille de Cosimo I. de’ Medici et Eleonora de Toledo (1542-1576),,0,0,Q2044,Q82644
Nisos,https://www.wikidata.org/wiki/Q7134950,,,Nisos,,,,,personnage mythologique,,,0,0,,
FrancescoMosca,https://www.wikidata.org/wiki/Q3750330,Il Moschino,Francesco,Mosca,1531,Florence,1578-09-28,Pise,,,,0,0,Q2044,Q13375
GianMarcoCavalli,https://www.wikidata.org/wiki/Q19569688,,Gian Marco,Cavalli,1454,Q16204,1508,,,,,0,0,Q16204,
TommasoRues,https://www.wikidata.org/wiki/Q3992848,,Tommaso,Rues,1633,Q256765,1703-12-27,Venise,"artiste,sculpteur",sculpteur italien (1636-1703),,4,0,Q256765,Q641
JeanIdeTournes,https://www.wikidata.org/wiki/Q174839,Jean de Tournes l'Ancien,Jean de,Tournes,1504,Q49831,1564-09-07,Paris,éditeur,,,0,0,Q49831,Q90
JeanBarbé,https://www.wikidata.org/wiki/Q112426675,,Jean,Barbé,,,1547,,éditeur,"marchand, libraire et imprimeur français",,4,0,,
Acteon,https://www.wikidata.org/wiki/Q208531,,,Actéon,,,,,personnage mythologique,,,0,0,,
Callisto,https://www.wikidata.org/wiki/Q203673,,,Callisto,,,,,personnage mythologique,,,0,0,,
Suzanne,https://www.wikidata.org/wiki/Q756861,,,Suzanne,,,,,,,,0,0,,
DenysDeColophon,https://www.wikidata.org/wiki/Q11917274,,Denys de,Colophon,-500,Q1142488,-500,,"artiste,peintre",peintre grec,,4,0,Q1142488,
VirginioOrsini,https://www.wikidata.org/wiki/Q520436,Duc de Bracciano,Virginio,Orsini,1572-09,Q145694,1615-09-09,Rome,,,,0,0,Q145694,Q220
TheodosedeTripoli,https://www.wikidata.org/wiki/Q1266186,,Théodose de,Tripoli,-160,Q373189,-90,,mathématicien,,,0,0,Q373189,
LorenzoSirigatti,https://www.wikidata.org/wiki/Q110225880,,Lorenzo,Sirigatti,1561,,1614,,,,,0,0,,
MargueriteDeFrance,https://www.wikidata.org/wiki/Q235835,Duchesse de Berry,Marguerite de,France,1523-06-05,Q185075,1574-09-15,Turin,,duchesse de Savoie,,0,0,Q185075,Q495
CosimoII,https://www.wikidata.org/wiki/Q312297,Cosme II,Cosimo,de' Medici,1590-05-12,Florence,1621-02-28,Florence,,,,0,0,Q2044,Q2044
GiovanniBritto,https://www.wikidata.org/wiki/Q16559850,Giovanni Britto,Jean le,Breton,1500,Q183,1550,,,,,0,0,Q183,
NiccoloBoldrini,https://www.wikidata.org/wiki/Q970010,,Niccolò,Boldrini,1500,Vicence,1566,Venise,,,,0,0,Q6537,Q641
CristofanoAllori,https://www.wikidata.org/wiki/Q352482,,Cristofano,Allori,1577-10-17,Florence,1621-04-01,Florence,,,,0,0,Q2044,Q2044
GiovanniBilivert,https://www.wikidata.org/wiki/Q1525968,,Giovanni,Bilivert,1585-08-25,Florence,1644-07-16,Florence,,,,0,0,Q2044,Q2044
JacopoChimenti,https://www.wikidata.org/wiki/Q2625832,Jacopo da Empoli,Jacopo,Chimenti,1551-04-30,Florence,1640-09-30,Florence,,,,0,0,Q2044,Q2044
LodovicoCigoli,https://www.wikidata.org/wiki/Q928350,Il Cigoli,Lodovico,Cardi,1559-09-22,Q3676625,1613-06-18,Rome,,,,0,0,Q3676625,Q220
GuidobaldodelMonte,https://www.wikidata.org/wiki/Q266017,,Guidobaldo del,Monte,1545-01-11,Pesaro,1607-01-06,Q207139,"mathématicien,philosophe","mathématicien urbinate, pionnier de la statique moderne",,4,0,Q13134,Q207139
Concini,,,famille,Concini,,,,,,,,2,0,,
BartolomeoColleoni,https://www.wikidata.org/wiki/Q809506,,Bartolomeo,Colleoni,1400,Q101588,1475-11-02,Q100193,,,,0,0,Q101588,Q100193
CarloMedici,https://www.wikidata.org/wiki/Q59867,,Carlo,de' Medici,1599-03-19,Florence,1666-06-17,Florence,,,,0,0,Q2044,Q2044
GiovanniAntonioDaBrescia,https://www.wikidata.org/wiki/Q1525753,,Giovanni Antonio da,Brescia,1460,Brescia,1523,Rome,,,,0,0,Q6221,Q220
Aristeas,,,Aristéas de,Corinthe,,,,,,,,2,0,,
AmbrosioFiggini,,,Ambrosio,Figgini,,,,,,,,2,0,,
RobertdeLenoncourt,https://www.wikidata.org/wiki/Q1475239,"Robert II de Lenoncourt, le bon Robert",Robert de,Lenoncourt,1510,Lorraine,1561-02-04,Q194337,personnage du clergé,cardinal catholique du XVIe siècle,,4,0,Q1137,Q194337
AntoineLambin,https://www.wikidata.org/wiki/Q104133496,,Antoine,Lambin,1643-12-17,,1699-10-17,,éditeur,éditeur et imprimeur français,,4,0,,
GabrielleDEstrees,https://www.wikidata.org/wiki/Q234911,,Gabrielle d',Estrées,1573,Q741450,1599-04-10,Paris,personnage politique,"noble française, maîtresse de Henri IV, roi de France",,4,0,Q741450,Q90
JeromeDeGondi,https://www.wikidata.org/wiki/Q23000804,,Jérôme de,Gondi,1550,Valence,1604,,,,,0,0,Q8818,
PompeoGiustiniani,https://www.wikidata.org/wiki/Q3907872,Il Braccio di Ferro,Pompeo,Giustiniani,1569,Q40104,1616-10-11,Q603559,,condottiere italien,,0,0,Q40104,Q603559
BenedettoGiustiniani,https://www.wikidata.org/wiki/Q1079785,,Benedetto,Giustiniani,1554-07-05,Chios,1621-03-27,Rome,,prélat catholique,,0,0,Q160483,Q220
AlessandroAdimari,https://www.wikidata.org/wiki/Q3609797,,Alessandro,Adimari,1579,Florence,1649,Florence,,,,0,0,Q2044,Q2044
Rhut,,,,Rhut,,,,,,,,2,0,,
CatherineDAutriche,https://www.wikidata.org/wiki/Q237737,,Catherine d',Autriche,1533-09-15,Q1735,1572-02-28,Q41329,personnage politique,"princesse de la dynastie des Habsbourg, reine de Pologne et grande duchesse de Lituanie (1494-1557)",,4,0,Q1735,Q41329
MasolinoDaPanicale,http://www.wikidata.org/entity/Q318117,Masolino da Panicale,Tommaso di,Cristoforo Fini,1383,Q20501,1447,Florence,"artiste,peintre",peintre italien,,4,0,Q20501,Q2044
GeorgesDAmboise,https://www.wikidata.org/wiki/Q729743,,Georges d',Amboise,1460,Q635143,1510-05-25,Lyon,personnage du clergé,cardinal de l'Église catholique romaine,,4,0,Q635143,Q456
CharlesDAlbertDAilly,https://www.wikidata.org/wiki/Q2960494,,Charles d',Albert d'Ailly,1625,,1698-09-04,Paris,,diplomate français,,0,0,,Q90
LeonXI,https://www.wikidata.org/wiki/Q132716,Léon XI,Alessandro Ottaviano,de' Medici,1535-06-02,Florence,1605-04-27,Rome,pape,"232e pape de l'Église catholique, d’avril à avril 1605",,4,0,Q2044,Q220
Bellini,,,,,,,,,,"families, artist",,2,0,,
Nerva,https://www.wikidata.org/wiki/Q1424,,Marcus Cocceius,Nerva,30-11-08,Narni,98-01-27,Q1241278,personnage politique,empereur romain de 96 à 98,,4,0,Q10866,Q1241278
CleliaFarnese,https://www.wikidata.org/wiki/Q2978781,,Clélia,Farnèse,1556-10-22,Paris,1613-09-11,Rome,,,,0,0,Q90,Q220
LeonardoParasole,http://www.wikidata.org/entity/Q16853931,,Leonardo,Parasole,1570,Rome,1612,,"artiste,peintre",peintre italien,,4,0,Q220,
ErcoleBianchi,,,Ercole,Bianchi,,,,,,,,2,0,,
JeanBaptisteRondelet,http://www.wikidata.org/entity/Q432786,,Jean-Baptiste,Rondelet,1743-06-04,Lyon,1829-09-25,Paris,"artiste,architecte",architecte français,,4,0,Q456,Q90
HelenaVanValckenbock,,,Helena,Van Valckenbock,,,,,,,,2,0,,
NunzioGalizia,https://www.wikidata.org/wiki/Q3346449,,Nunzio,Galizia,1539,Q3376,1621,Milan,"artiste,peintre",peintre italien,,4,0,Q3376,Q490
CarloCesareMalvasia,http://www.wikidata.org/entity/Q1160847,,Carlo Cesare,Malvasia,1616-12-18,Bologne,1693-03-10,Bologne,,historien de l'art italien,,0,0,Q1891,Q1891
OrazioSammacchini,http://www.wikidata.org/entity/Q2619534,,Orazio,Sammacchini,1532-12-20,Bologne,1577-06-12,Bologne,"artiste,peintre",peintre italien (1532-1577),,4,0,Q1891,Q1891
JacopoDeBarbari,,,,,,,,,,"painter, printmaker and miniaturist",,2,0,,
DanieleMatteoAlviseBarbaro,,Daniel en français,Daniele Matteo Alvise,Barbaro,,,,,,,,2,0,,
HemosRhodope,https://www.wikidata.org/wiki/Q16468441,,,Hémos et Rhodope,,,,,,couple de Thrace dans la mythologie grecque,,0,0,,
FranciscoCollantes,https://www.wikidata.org/wiki/Q3081834,,Francisco,Collantes,1599,Madrid,1656,Madrid,,,,,,Q2807,Q2807
TitusLabienus,https://www.wikidata.org/wiki/Q311265,,Titus,Labienus,-98,Cingoli,-45-03-17,Q20089083,,,,,,Q73649,Q20089083
CratesDeMallos,https://www.wikidata.org/wiki/Q503075,,Cratès de,Mallos,-200,Q1425353,-145,,,,,,,Q1425353,
Hippodamos,https://www.wikidata.org/wiki/Q298071,,Hippodamos de,Milet,-498,Milet,-408,,,,,,,Q169460,
Solon,https://www.wikidata.org/wiki/Q133337,,Solon d',Athènes,-630,Athenes,-560,Q644636,,,,,,Q844930,Q644636
PeterLely,https://www.wikidata.org/wiki/Q161336,Peter Lely,Pieter van der,Faes,1618-09-14,Soest,1680-11-30,Q55019,,,,,,Q6149,Q55019
AlexanderCooper,https://www.wikidata.org/wiki/Q921078,,Alexander,Cooper,1609-12-11,Londres,1660,Q10680648,,,,,,Q84,Q10680648
PeterOliver,https://www.wikidata.org/wiki/Q2445596,,Peter,Oliver,1594,Q2432955,1648-12-22,Londres,,,,,,Q2432955,Q84
FredericVDuPalatinat,https://www.wikidata.org/wiki/Q57195,,Frédéric V de,Wittelsbach-Simmern,1596-08-26,Q33111265,1632-11-29,Mainz,,,,,,Q33111265,Q1720
MaertenJaqueszSayery,,,,,,,,,,,,2,,,
GuillaumeIIOrangeNassau,https://www.wikidata.org/wiki/Q311455,,Guillaume II d',Orange-Nassau,1626-05-27,LaHaye,1650-11-06,LaHaye,,,,,,Q36600,Q36600
RupertDuRhin,https://www.wikidata.org/wiki/Q76930,,Rupert du,Rhin,1619-12-17,Prague,1682-11-29,Q189960,,,,,,Q1085,Q189960
LouiseHollandineDuPalatinat,https://www.wikidata.org/wiki/Q469896,,Louise-Hollandine du,Palatinat,1622-04-18,LaHaye,1709-02-11,Q915291,,,,,,Q36600,Q915291
SophieDeHanovre,https://www.wikidata.org/wiki/Q57224,,Sophie de,Hanovre,1630-10-14,LaHaye,1714-06-08,Q1715,,,,,,Q36600,Q1715
ElisabethStuart,https://www.wikidata.org/wiki/Q158252,,Élisabeth,Stuart,1596-08-19,Q201149,1662-02-13,Londres,,,,,,Q201149,Q84
JanBaptistSeghers,https://www.wikidata.org/wiki/Q21714869,,Jan Baptist,Seghers,1624-12,Anvers,1669,,,,,,,Q12892,
SusannaVanSteenwijk,https://www.wikidata.org/wiki/Q3505637,,Susanna van,Steenwijk,1610,Londres,1664-07,Amsterdam,,,,,,Q84,Q727
Mykerinos,https://www.wikidata.org/wiki/Q200986,,,Mykérinos,-2532,,-2503,,,,,,,,